{
  "id": "007cad20b16bf2e7",
  "name": "張威翔",
  "unit": "花縣自強國中",
  "bow": "複合弓",
  "group": "複合弓男生",
  "stats": {
    "總名次": 56,
    "總箭數": 432,
    "總分": 3790,
    "分布": {
      "X": 32,
      "10": 81,
      "9": 173,
      "紅圈(7&8)": 134,
      "藍圈(5&6)": 12,
      "M": 0,
      "黃圈(9/10/X)": 286,
      "黑圈(3&4)": 0,
      "白圈(1&2)": 0
    },
    "平均箭值": 8.773148148148149,
    "10分命中率": 0.26157407407407407,
    "9分以上命中率": 0.6620370370370371,
    "10中X比例": 0.2831858407079646,
    "單局分數(12)": [
      332,
      316,
      319,
      310,
      324,
      317,
      315,
      308,
      318,
      309,
      316,
      306
    ],
    "雙局分數(6)": [
      648,
      629,
      641,
      623,
      627,
      622
    ],
    "每趟分數(72)": [
      53,
      56,
      55,
      56,
      56,
      56,
      55,
      52,
      53,
      51,
      53,
      52,
      57,
      55,
      53,
      52,
      53,
      49,
      50,
      55,
      51,
      52,
      52,
      50,
      55,
      55,
      51,
      55,
      53,
      55,
      53,
      50,
      52,
      51,
      56,
      55,
      52,
      53,
      54,
      51,
      53,
      52,
      52,
      51,
      52,
      50,
      51,
      52,
      54,
      53,
      54,
      49,
      52,
      56,
      53,
      51,
      53,
      48,
      53,
      51,
      49,
      51,
      54,
      53,
      55,
      54,
      51,
      53,
      51,
      53,
      51,
      47
    ],
    "每趟標籤": [
      "第1局第1趟",
      "第1局第2趟",
      "第1局第3趟",
      "第1局第4趟",
      "第1局第5趟",
      "第1局第6趟",
      "第2局第1趟",
      "第2局第2趟",
      "第2局第3趟",
      "第2局第4趟",
      "第2局第5趟",
      "第2局第6趟",
      "第3局第1趟",
      "第3局第2趟",
      "第3局第3趟",
      "第3局第4趟",
      "第3局第5趟",
      "第3局第6趟",
      "第4局第1趟",
      "第4局第2趟",
      "第4局第3趟",
      "第4局第4趟",
      "第4局第5趟",
      "第4局第6趟",
      "第5局第1趟",
      "第5局第2趟",
      "第5局第3趟",
      "第5局第4趟",
      "第5局第5趟",
      "第5局第6趟",
      "第6局第1趟",
      "第6局第2趟",
      "第6局第3趟",
      "第6局第4趟",
      "第6局第5趟",
      "第6局第6趟",
      "第7局第1趟",
      "第7局第2趟",
      "第7局第3趟",
      "第7局第4趟",
      "第7局第5趟",
      "第7局第6趟",
      "第8局第1趟",
      "第8局第2趟",
      "第8局第3趟",
      "第8局第4趟",
      "第8局第5趟",
      "第8局第6趟",
      "第9局第1趟",
      "第9局第2趟",
      "第9局第3趟",
      "第9局第4趟",
      "第9局第5趟",
      "第9局第6趟",
      "第10局第1趟",
      "第10局第2趟",
      "第10局第3趟",
      "第10局第4趟",
      "第10局第5趟",
      "第10局第6趟",
      "第11局第1趟",
      "第11局第2趟",
      "第11局第3趟",
      "第11局第4趟",
      "第11局第5趟",
      "第11局第6趟",
      "第12局第1趟",
      "第12局第2趟",
      "第12局第3趟",
      "第12局第4趟",
      "第12局第5趟",
      "第12局第6趟"
    ],
    "最佳單局": {
      "局": [
        1
      ],
      "分數": 332
    },
    "最佳單趟": {
      "趟": [
        "第3局第1趟"
      ],
      "分數": 57
    },
    "穩定度(單局標準差)": 6.974158650969225,
    "單局高低差": 26,
    "平均每趟分數": 52.638888888888886,
    "最後12趟平均": 51.833333333333336
  },
  "round_arrows": {
    "第1局箭值": [
      [
        "9",
        "9",
        "9",
        "9",
        "9",
        "8"
      ],
      [
        "X",
        "10",
        "9",
        "9",
        "9",
        "9"
      ],
      [
        "X",
        "10",
        "9",
        "9",
        "9",
        "8"
      ],
      [
        "X",
        "10",
        "10",
        "9",
        "9",
        "8"
      ],
      [
        "X",
        "10",
        "10",
        "9",
        "9",
        "8"
      ],
      [
        "10",
        "10",
        "9",
        "9",
        "9",
        "9"
      ]
    ],
    "第2局箭值": [
      [
        "X",
        "X",
        "10",
        "9",
        "9",
        "7"
      ],
      [
        "10",
        "10",
        "10",
        "8",
        "8",
        "6"
      ],
      [
        "10",
        "9",
        "9",
        "9",
        "8",
        "8"
      ],
      [
        "10",
        "9",
        "8",
        "8",
        "8",
        "8"
      ],
      [
        "X",
        "10",
        "9",
        "9",
        "8",
        "7"
      ],
      [
        "X",
        "10",
        "9",
        "8",
        "8",
        "7"
      ]
    ],
    "第3局箭值": [
      [
        "X",
        "X",
        "10",
        "10",
        "9",
        "8"
      ],
      [
        "X",
        "10",
        "9",
        "9",
        "9",
        "8"
      ],
      [
        "10",
        "9",
        "9",
        "9",
        "8",
        "8"
      ],
      [
        "X",
        "9",
        "9",
        "8",
        "8",
        "8"
      ],
      [
        "10",
        "10",
        "9",
        "9",
        "8",
        "7"
      ],
      [
        "X",
        "9",
        "8",
        "8",
        "8",
        "6"
      ]
    ],
    "第4局箭值": [
      [
        "10",
        "9",
        "9",
        "8",
        "7",
        "7"
      ],
      [
        "10",
        "9",
        "9",
        "9",
        "9",
        "9"
      ],
      [
        "9",
        "9",
        "9",
        "8",
        "8",
        "8"
      ],
      [
        "10",
        "9",
        "9",
        "9",
        "8",
        "7"
      ],
      [
        "10",
        "10",
        "10",
        "9",
        "8",
        "5"
      ],
      [
        "10",
        "9",
        "8",
        "8",
        "8",
        "7"
      ]
    ],
    "第5局箭值": [
      [
        "10",
        "10",
        "9",
        "9",
        "9",
        "8"
      ],
      [
        "X",
        "10",
        "9",
        "9",
        "9",
        "8"
      ],
      [
        "X",
        "10",
        "9",
        "8",
        "7",
        "7"
      ],
      [
        "10",
        "9",
        "9",
        "9",
        "9",
        "9"
      ],
      [
        "10",
        "10",
        "9",
        "9",
        "8",
        "7"
      ],
      [
        "X",
        "X",
        "9",
        "9",
        "9",
        "8"
      ]
    ],
    "第6局箭值": [
      [
        "X",
        "10",
        "10",
        "8",
        "8",
        "7"
      ],
      [
        "9",
        "9",
        "9",
        "8",
        "8",
        "7"
      ],
      [
        "10",
        "9",
        "9",
        "8",
        "8",
        "8"
      ],
      [
        "10",
        "10",
        "9",
        "9",
        "8",
        "5"
      ],
      [
        "10",
        "10",
        "9",
        "9",
        "9",
        "9"
      ],
      [
        "X",
        "10",
        "10",
        "9",
        "9",
        "7"
      ]
    ],
    "第7局箭值": [
      [
        "X",
        "X",
        "9",
        "8",
        "8",
        "7"
      ],
      [
        "X",
        "10",
        "9",
        "9",
        "8",
        "7"
      ],
      [
        "10",
        "10",
        "9",
        "9",
        "8",
        "8"
      ],
      [
        "10",
        "9",
        "9",
        "9",
        "7",
        "7"
      ],
      [
        "X",
        "10",
        "9",
        "9",
        "8",
        "7"
      ],
      [
        "10",
        "10",
        "9",
        "8",
        "8",
        "7"
      ]
    ],