{
  "id": "00a71bf6bb13b1d4",
  "name": "郭政恩",
  "unit": "國立臺灣體大",
  "bow": "反曲弓",
  "group": "反曲弓男生",
  "stats": {
    "總名次": 62,
    "總箭數": 432,
    "總分": 3567,
    "分布": {
      "X": 27,
      "10": 54,
      "9": 130,
      "紅圈(7&8)": 170,
      "藍圈(5&6)": 47,
      "M": 0,
      "黃圈(9/10/X)": 211,
      "黑圈(3&4)": 4,
      "白圈(1&2)": 0
    },
    "平均箭值": 8.256944444444445,
    "10分命中率": 0.1875,
    "9分以上命中率": 0.48842592592592593,
    "10中X比例": 0.3333333333333333,
    "單局分數(12)": [
      317,
      286,
      304,
      288,
      306,
      305,
      283,
      289,
      294,
      313,
      295,
      287
    ],
    "雙局分數(6)": [
      603,
      592,
      611,
      572,
      607,
      582
    ],
    "每趟分數(72)": [
      54,
      55,
      56,
      50,
      51,
      51,
      52,
      48,
      43,
      49,
      47,
      47,
      54,
      50,
      52,
      50,
      52,
      46,
      52,
      56,
      51,
      46,
      43,
      40,
      51,
      49,
      53,
      49,
      52,
      52,
      51,
      55,
      52,
      51,
      48,
      48,
      46,
      49,
      42,
      49,
      50,
      47,
      49,
      47,
      49,
      48,
      48,
      48,
      52,
      53,
      44,
      43,
      51,
      51,
      49,
      56,
      53,
      51,
      51,
      53,
      48,
      50,
      52,
      47,
      50,
      48,
      43,
      55,
      54,
      51,
      40,
      44
    ],
    "每趟標籤": [
      "第1局第1趟",
      "第1局第2趟",
      "第1局第3趟",
      "第1局第4趟",
      "第1局第5趟",
      "第1局第6趟",
      "第2局第1趟",
      "第2局第2趟",
      "第2局第3趟",
      "第2局第4趟",
      "第2局第5趟",
      "第2局第6趟",
      "第3局第1趟",
      "第3局第2趟",
      "第3局第3趟",
      "第3局第4趟",
      "第3局第5趟",
      "第3局第6趟",
      "第4局第1趟",
      "第4局第2趟",
      "第4局第3趟",
      "第4局第4趟",
      "第4局第5趟",
      "第4局第6趟",
      "第5局第1趟",
      "第5局第2趟",
      "第5局第3趟",
      "第5局第4趟",
      "第5局第5趟",
      "第5局第6趟",
      "第6局第1趟",
      "第6局第2趟",
      "第6局第3趟",
      "第6局第4趟",
      "第6局第5趟",
      "第6局第6趟",
      "第7局第1趟",
      "第7局第2趟",
      "第7局第3趟",
      "第7局第4趟",
      "第7局第5趟",
      "第7局第6趟",
      "第8局第1趟",
      "第8局第2趟",
      "第8局第3趟",
      "第8局第4趟",
      "第8局第5趟",
      "第8局第6趟",
      "第9局第1趟",
      "第9局第2趟",
      "第9局第3趟",
      "第9局第4趟",
      "第9局第5趟",
      "第9局第6趟",
      "第10局第1趟",
      "第10局第2趟",
      "第10局第3趟",
      "第10局第4趟",
      "第10局第5趟",
      "第10局第6趟",
      "第11局第1趟",
      "第11局第2趟",
      "第11局第3趟",
      "第11局第4趟",
      "第11局第5趟",
      "第11局第6趟",
      "第12局第1趟",
      "第12局第2趟",
      "第12局第3趟",
      "第12局第4趟",
      "第12局第5趟",
      "第12局第6趟"
    ],
    "最佳單局": {
      "局": [
        1
      ],
      "分數": 317
    },
    "最佳單趟": {
      "趟": [
        "第1局第3趟",
        "第4局第2趟",
        "第10局第2趟"
      ],
      "分數": 56
    },
    "穩定度(單局標準差)": 10.894379284750462,
    "單局高低差": 34,
    "平均每趟分數": 49.541666666666664,
    "最後12趟平均": 48.5
  },
  "round_arrows": {
    "第1局箭值": [
      [
        "10",
        "10",
        "10",
        "9",
        "8",
        "7"
      ],
      [
        "10",
        "10",
        "10",
        "9",
        "8",
        "8"
      ],
      [
        "X",
        "10",
        "10",
        "9",
        "9",
        "8"
      ],
      [
        "X",
        "10",
        "8",
        "8",
        "8",
        "6"
      ],
      [
        "9",
        "9",
        "9",
        "9",
        "8",
        "7"
      ],
      [
        "9",
        "9",
        "9",
        "8",
        "8",
        "8"
      ]
    ],
    "第2局箭值": [
      [
        "10",
        "9",
        "9",
        "9",
        "8",
        "7"
      ],
      [
        "10",
        "10",
        "8",
        "7",
        "7",
        "6"
      ],
      [
        "9",
        "7",
        "7",
        "7",
        "7",
        "6"
      ],
      [
        "10",
        "10",
        "8",
        "8",
        "7",
        "6"
      ],
      [
        "9",
        "9",
        "8",
        "8",
        "8",
        "5"
      ],
      [
        "9",
        "9",
        "8",
        "8",
        "7",
        "6"
      ]
    ],
    "第3局箭值": [
      [
        "X",
        "10",
        "9",
        "9",
        "8",
        "8"
      ],
      [
        "X",
        "9",
        "9",
        "9",
        "8",
        "5"
      ],
      [
        "10",
        "10",
        "9",
        "9",
        "8",
        "6"
      ],
      [
        "9",
        "9",
        "9",
        "9",
        "7",
        "7"
      ],
      [
        "10",
        "9",
        "9",
        "9",
        "8",
        "7"
      ],
      [
        "X",
        "10",
        "8",
        "7",
        "6",
        "5"
      ]
    ],
    "第4局箭值": [
      [
        "X",
        "9",
        "9",
        "8",
        "8",
        "8"
      ],
      [
        "X",
        "10",
        "10",
        "9",
        "9",
        "8"
      ],
      [
        "10",
        "10",
        "9",
        "8",
        "7",
        "7"
      ],
      [
        "X",
        "10",
        "8",
        "7",
        "6",
        "5"
      ],
      [
        "9",
        "9",
        "8",
        "7",
        "5",
        "5"
      ],
      [
        "9",
        "8",
        "7",
        "6",
        "5",
        "5"
      ]
    ],
    "第5局箭值": [
      [
        "X",
        "9",
        "9",
        "9",
        "8",
        "6"
      ],
      [
        "9",
        "9",
        "8",
        "8",
        "8",
        "7"
      ],
      [
        "X",
        "9",
        "9",
        "9",
        "8",
        "8"
      ],
      [
        "9",
        "9",
        "8",
        "8",
        "8",
        "7"
      ],
      [
        "10",
        "10",
        "8",
        "8",
        "8",
        "8"
      ],
      [
        "X",
        "10",
        "9",
        "8",
        "8",
        "7"
      ]
    ],
    "第6局箭值": [
      [
        "10",
        "9",
        "9",
        "9",
        "8",
        "6"
      ],
      [
        "X",
        "10",
        "9",
        "9",
        "9",
        "8"
      ],
      [
        "X",
        "10",
        "9",
        "8",
        "8",
        "7"
      ],
      [
        "10",
        "10",
        "9",
        "9",
        "7",
        "6"
      ],
      [
        "10",
        "9",
        "9",
        "8",
        "6",
        "6"
      ],
      [
        "9",
        "9",
        "8",
        "8",
        "8",
        "6"
      ]
    ],
    "第7局箭值": [
      [
        "9",
        "9",
        "8",
        "8",
        "7",
        "5"
      ],
      [
        "10",
        "9",
        "9",
        "8",
        "8",
        "5"
      ],
      [
        "9",
        "9",
        "9",
        "7",
        "5",
        "3"
      ],
      [
        "X",
        "9",
        "9",
        "8",
        "7",
        "6"
      ],
      [
        "10",
        "9",
        "9",
        "9",
        "7",
        "6"
      ],
      [
        "9",
        "9",
        "9",
        "7",
        "7",
        "6"
      ]
    ],