{
  "id": "00d196fde1665790",
  "name": "楊凱涵",
  "unit": "國立體育大學",
  "bow": "反曲弓",
  "group": "反曲弓男生",
  "stats": {
    "總名次": 12,
    "總箭數": 432,
    "總分": 3951,
    "分布": {
      "X": 43,
      "10": 121,
      "9": 180,
      "紅圈(7&8)": 86,
      "藍圈(5&6)": 2,
      "M": 0,
      "黃圈(9/10/X)": 344,
      "黑圈(3&4)": 0,
      "白圈(1&2)": 0
    },
    "平均箭值": 9.145833333333334,
    "10分命中率": 0.37962962962962965,
    "9分以上命中率": 0.7962962962962963,
    "10中X比例": 0.2621951219512195,
    "單局分數(12)": [
      335,
      325,
      336,
      331,
      335,
      320,
      331,
      331,
      321,
      331,
      325,
      330
    ],
    "雙局分數(6)": [
      660,
      667,
      655,
      662,
      652,
      655
    ],
    "每趟分數(72)": [
      58,
      54,
      57,
      55,
      55,
      56,
      51,
      53,
      54,
      56,
      56,
      55,
      56,
      58,
      54,
      54,
      56,
      58,
      54,
      57,
      55,
      54,
      54,
      57,
      56,
      55,
      53,
      58,
      56,
      57,
      53,
      53,
      55,
      52,
      54,
      53,
      53,
      56,
      55,
      54,
      55,
      58,
      54,
      55,
      55,
      56,
      58,
      53,
      52,
      57,
      55,
      53,
      55,
      49,
      56,
      56,
      57,
      53,
      56,
      53,
      56,
      52,
      58,
      57,
      49,
      53,
      55,
      55,
      55,
      51,
      58,
      56
    ],
    "每趟標籤": [
      "第1局第1趟",
      "第1局第2趟",
      "第1局第3趟",
      "第1局第4趟",
      "第1局第5趟",
      "第1局第6趟",
      "第2局第1趟",
      "第2局第2趟",
      "第2局第3趟",
      "第2局第4趟",
      "第2局第5趟",
      "第2局第6趟",
      "第3局第1趟",
      "第3局第2趟",
      "第3局第3趟",
      "第3局第4趟",
      "第3局第5趟",
      "第3局第6趟",
      "第4局第1趟",
      "第4局第2趟",
      "第4局第3趟",
      "第4局第4趟",
      "第4局第5趟",
      "第4局第6趟",
      "第5局第1趟",
      "第5局第2趟",
      "第5局第3趟",
      "第5局第4趟",
      "第5局第5趟",
      "第5局第6趟",
      "第6局第1趟",
      "第6局第2趟",
      "第6局第3趟",
      "第6局第4趟",
      "第6局第5趟",
      "第6局第6趟",
      "第7局第1趟",
      "第7局第2趟",
      "第7局第3趟",
      "第7局第4趟",
      "第7局第5趟",
      "第7局第6趟",
      "第8局第1趟",
      "第8局第2趟",
      "第8局第3趟",
      "第8局第4趟",
      "第8局第5趟",
      "第8局第6趟",
      "第9局第1趟",
      "第9局第2趟",
      "第9局第3趟",
      "第9局第4趟",
      "第9局第5趟",
      "第9局第6趟",
      "第10局第1趟",
      "第10局第2趟",
      "第10局第3趟",
      "第10局第4趟",
      "第10局第5趟",
      "第10局第6趟",
      "第11局第1趟",
      "第11局第2趟",
      "第11局第3趟",
      "第11局第4趟",
      "第11局第5趟",
      "第11局第6趟",
      "第12局第1趟",
      "第12局第2趟",
      "第12局第3趟",
      "第12局第4趟",
      "第12局第5趟",
      "第12局第6趟"
    ],
    "最佳單局": {
      "局": [
        3
      ],
      "分數": 336
    },
    "最佳單趟": {
      "趟": [
        "第1局第1趟",
        "第3局第2趟",
        "第3局第6趟",
        "第5局第4趟",
        "第7局第6趟",
        "第8局第5趟",
        "第11局第3趟",
        "第12局第5趟"
      ],
      "分數": 58
    },
    "穩定度(單局標準差)": 5.11737237261468,
    "單局高低差": 16,
    "平均每趟分數": 54.875,
    "最後12趟平均": 54.583333333333336
  },
  "round_arrows": {
    "第1局箭值": [
      [
        "X",
        "10",
        "10",
        "10",
        "9",
        "9"
      ],
      [
        "X",
        "10",
        "10",
        "9",
        "8",
        "7"
      ],
      [
        "10",
        "10",
        "10",
        "10",
        "9",
        "8"
      ],
      [
        "X",
        "10",
        "9",
        "9",
        "9",
        "8"
      ],
      [
        "X",
        "10",
        "9",
        "9",
        "9",
        "8"
      ],
      [
        "10",
        "10",
        "9",
        "9",
        "9",
        "9"
      ]
    ],
    "第2局箭值": [
      [
        "9",
        "9",
        "9",
        "9",
        "8",
        "7"
      ],
      [
        "10",
        "9",
        "9",
        "9",
        "8",
        "8"
      ],
      [
        "X",
        "10",
        "9",
        "9",
        "8",
        "8"
      ],
      [
        "X",
        "10",
        "10",
        "9",
        "9",
        "8"
      ],
      [
        "X",
        "10",
        "10",
        "9",
        "9",
        "8"
      ],
      [
        "X",
        "10",
        "9",
        "9",
        "9",
        "8"
      ]
    ],
    "第3局箭值": [
      [
        "X",
        "10",
        "10",
        "9",
        "9",
        "8"
      ],
      [
        "X",
        "10",
        "10",
        "10",
        "9",
        "9"
      ],
      [
        "X",
        "9",
        "9",
        "9",
        "9",
        "8"
      ],
      [
        "9",
        "9",
        "9",
        "9",
        "9",
        "9"
      ],
      [
        "X",
        "10",
        "9",
        "9",
        "9",
        "9"
      ],
      [
        "X",
        "10",
        "10",
        "10",
        "9",
        "9"
      ]
    ],
    "第4局箭值": [
      [
        "X",
        "10",
        "9",
        "9",
        "8",
        "8"
      ],
      [
        "X",
        "X",
        "10",
        "10",
        "9",
        "8"
      ],
      [
        "10",
        "10",
        "9",
        "9",
        "9",
        "8"
      ],
      [
        "10",
        "9",
        "9",
        "9",
        "9",
        "8"
      ],
      [
        "X",
        "10",
        "9",
        "9",
        "8",
        "8"
      ],
      [
        "10",
        "10",
        "10",
        "9",
        "9",
        "9"
      ]
    ],
    "第5局箭值": [
      [
        "10",
        "10",
        "9",
        "9",
        "9",
        "9"
      ],
      [
        "10",
        "10",
        "9",
        "9",
        "9",
        "8"
      ],
      [
        "10",
        "9",
        "9",
        "9",
        "8",
        "8"
      ],
      [
        "X",
        "10",
        "10",
        "10",
        "9",
        "9"
      ],
      [
        "X",
        "10",
        "10",
        "10",
        "8",
        "8"
      ],
      [
        "10",
        "10",
        "10",
        "9",
        "9",
        "9"
      ]
    ],
    "第6局箭值": [
      [
        "10",
        "10",
        "10",
        "9",
        "8",
        "6"
      ],
      [
        "10",
        "9",
        "9",
        "9",
        "8",
        "8"
      ],
      [
        "10",
        "10",
        "9",
        "9",
        "9",
        "8"
      ],
      [
        "10",
        "9",
        "9",
        "8",
        "8",
        "8"
      ],
      [
        "X",
        "X",
        "10",
        "9",
        "8",
        "7"
      ],
      [
        "10",
        "9",
        "9",
        "9",
        "8",
        "8"
      ]
    ],
    "第7局箭值": [
      [
        "10",
        "9",
        "9",
        "9",
        "8",
        "8"
      ],
      [
        "10",
        "10",
        "9",
        "9",
        "9",
        "9"
      ],
      [
        "10",
        "10",
        "9",
        "9",
        "9",
        "8"
      ],
      [
        "10",
        "9",
        "9",
        "9",
        "9",
        "8"
      ],
      [
        "X",
        "10",
        "9",
        "9",
        "9",
        "8"
      ],
      [
        "10",
        "10",
        "10",
        "10",
        "9",
        "9"
      ]
    ],