{
  "id": "028d0c9fed14ddf5",
  "name": "陳界綸",
  "unit": "臺中市射箭委員會",
  "bow": "複合弓",
  "group": "複合弓男生",
  "stats": {
    "總名次": 1,
    "總箭數": 432,
    "總分": 4216,
    "分布": {
      "X": 177,
      "10": 152,
      "9": 102,
      "紅圈(7&8)": 1,
      "藍圈(5&6)": 0,
      "M": 0,
      "黃圈(9/10/X)": 431,
      "黑圈(3&4)": 0,
      "白圈(1&2)": 0
    },
    "平均箭值": 9.75925925925926,
    "10分命中率": 0.7615740740740741,
    "9分以上命中率": 0.9976851851851852,
    "10中X比例": 0.5379939209726444,
    "單局分數(12)": [
      349,
      346,
      353,
      353,
      356,
      356,
      353,
      355,
      351,
      351,
      345,
      348
    ],
    "雙局分數(6)": [
      695,
      706,
      712,
      708,
      702,
      693
    ],
    "每趟分數(72)": [
      57,
      59,
      59,
      59,
      59,
      56,
      57,
      54,
      59,
      59,
      59,
      58,
      59,
      59,
      58,
      58,
      59,
      60,
      57,
      60,
      60,
      60,
      60,
      56,
      59,
      60,
      60,
      60,
      59,
      58,
      60,
      58,
      59,
      59,
      60,
      60,
      59,
      59,
      58,
      60,
      60,
      57,
      60,
      59,
      60,
      58,
      60,
      58,
      60,
      57,
      60,
      56,
      58,
      60,
      57,
      58,
      60,
      59,
      58,
      59,
      57,
      59,
      56,
      59,
      57,
      57,
      58,
      57,
      57,
      59,
      58,
      59
    ],
    "每趟標籤": [
      "第1局第1趟",
      "第1局第2趟",
      "第1局第3趟",
      "第1局第4趟",
      "第1局第5趟",
      "第1局第6趟",
      "第2局第1趟",
      "第2局第2趟",
      "第2局第3趟",
      "第2局第4趟",
      "第2局第5趟",
      "第2局第6趟",
      "第3局第1趟",
      "第3局第2趟",
      "第3局第3趟",
      "第3局第4趟",
      "第3局第5趟",
      "第3局第6趟",
      "第4局第1趟",
      "第4局第2趟",
      "第4局第3趟",
      "第4局第4趟",
      "第4局第5趟",
      "第4局第6趟",
      "第5局第1趟",
      "第5局第2趟",
      "第5局第3趟",
      "第5局第4趟",
      "第5局第5趟",
      "第5局第6趟",
      "第6局第1趟",
      "第6局第2趟",
      "第6局第3趟",
      "第6局第4趟",
      "第6局第5趟",
      "第6局第6趟",
      "第7局第1趟",
      "第7局第2趟",
      "第7局第3趟",
      "第7局第4趟",
      "第7局第5趟",
      "第7局第6趟",
      "第8局第1趟",
      "第8局第2趟",
      "第8局第3趟",
      "第8局第4趟",
      "第8局第5趟",
      "第8局第6趟",
      "第9局第1趟",
      "第9局第2趟",
      "第9局第3趟",
      "第9局第4趟",
      "第9局第5趟",
      "第9局第6趟",
      "第10局第1趟",
      "第10局第2趟",
      "第10局第3趟",
      "第10局第4趟",
      "第10局第5趟",
      "第10局第6趟",
      "第11局第1趟",
      "第11局第2趟",
      "第11局第3趟",
      "第11局第4趟",
      "第11局第5趟",
      "第11局第6趟",
      "第12局第1趟",
      "第12局第2趟",
      "第12局第3趟",
      "第12局第4趟",
      "第12局第5趟",
      "第12局第6趟"
    ],
    "最佳單局": {
      "局": [
        5,
        6
      ],
      "分數": 356
    },
    "最佳單趟": {
      "趟": [
        "第3局第6趟",
        "第4局第2趟",
        "第4局第3趟",
        "第4局第4趟",
        "第4局第5趟",
        "第5局第2趟",
        "第5局第3趟",
        "第5局第4趟",
        "第6局第1趟",
        "第6局第5趟",
        "第6局第6趟",
        "第7局第4趟",
        "第7局第5趟",
        "第8局第1趟",
        "第8局第3趟",
        "第8局第5趟",
        "第9局第1趟",
        "第9局第3趟",
        "第9局第6趟",
        "第10局第3趟"
      ],
      "分數": 60
    },
    "穩定度(單局標準差)": 3.5433819375782165,
    "單局高低差": 11,
    "平均每趟分數": 58.55555555555556,
    "最後12趟平均": 57.75
  },
  "round_arrows": {
    "第1局箭值": [
      [
        "X",
        "10",
        "10",
        "9",
        "9",
        "9"
      ],
      [
        "X",
        "X",
        "X",
        "10",
        "10",
        "9"
      ],
      [
        "X",
        "X",
        "X",
        "10",
        "10",
        "9"
      ],
      [
        "X",
        "X",
        "X",
        "X",
        "10",
        "9"
      ],
      [
        "X",
        "X",
        "10",
        "10",
        "10",
        "9"
      ],
      [
        "10",
        "10",
        "9",
        "9",
        "9",
        "9"
      ]
    ],
    "第2局箭值": [
      [
        "X",
        "X",
        "10",
        "9",
        "9",
        "9"
      ],
      [
        "9",
        "9",
        "9",
        "9",
        "9",
        "9"
      ],
      [
        "X",
        "X",
        "10",
        "10",
        "10",
        "9"
      ],
      [
        "10",
        "10",
        "10",
        "10",
        "10",
        "9"
      ],
      [
        "X",
        "X",
        "X",
        "X",
        "10",
        "9"
      ],
      [
        "X",
        "10",
        "10",
        "10",
        "9",
        "9"
      ]
    ],
    "第3局箭值": [
      [
        "X",
        "X",
        "10",
        "10",
        "10",
        "9"
      ],
      [
        "X",
        "X",
        "X",
        "10",
        "10",
        "9"
      ],
      [
        "X",
        "X",
        "X",
        "10",
        "9",
        "9"
      ],
      [
        "X",
        "X",
        "X",
        "10",
        "9",
        "9"
      ],
      [
        "X",
        "X",
        "X",
        "10",
        "10",
        "9"
      ],
      [
        "X",
        "X",
        "X",
        "10",
        "10",
        "10"
      ]
    ],
    "第4局箭值": [
      [
        "X",
        "X",
        "X",
        "9",
        "9",
        "9"
      ],
      [
        "X",
        "X",
        "X",
        "X",
        "X",
        "X"
      ],
      [
        "X",
        "X",
        "X",
        "10",
        "10",
        "10"
      ],
      [
        "X",
        "X",
        "10",
        "10",
        "10",
        "10"
      ],
      [
        "X",
        "X",
        "X",
        "10",
        "10",
        "10"
      ],
      [
        "X",
        "X",
        "10",
        "9",
        "9",
        "8"
      ]
    ],
    "第5局箭值": [
      [
        "X",
        "X",
        "X",
        "10",
        "10",
        "9"
      ],
      [
        "X",
        "X",
        "X",
        "X",
        "10",
        "10"
      ],
      [
        "X",
        "X",
        "X",
        "X",
        "X",
        "10"
      ],
      [
        "X",
        "X",
        "10",
        "10",
        "10",
        "10"
      ],
      [
        "X",
        "X",
        "10",
        "10",
        "10",
        "9"
      ],
      [
        "X",
        "X",
        "X",
        "10",
        "9",
        "9"
      ]
    ],
    "第6局箭值": [
      [
        "X",
        "X",
        "X",
        "10",
        "10",
        "10"
      ],
      [
        "X",
        "X",
        "X",
        "X",
        "9",
        "9"
      ],
      [
        "X",
        "X",
        "10",
        "10",
        "10",
        "9"
      ],
      [
        "X",
        "X",
        "X",
        "X",
        "10",
        "9"
      ],
      [
        "X",
        "X",
        "X",
        "X",
        "10",
        "10"
      ],
      [
        "X",
        "X",
        "10",
        "10",
        "10",
        "10"
      ]
    ],