{
  "id": "05b655704465c768",
  "name": "黃錦樂",
  "unit": "臺北市立大學",
  "bow": "複合弓",
  "group": "複合弓男生",
  "stats": {
    "總名次": 20,
    "總箭數": 432,
    "總分": 4124,
    "分布": {
      "X": 90,
      "10": 166,
      "9": 156,
      "紅圈(7&8)": 20,
      "藍圈(5&6)": 0,
      "M": 0,
      "黃圈(9/10/X)": 412,
      "黑圈(3&4)": 0,
      "白圈(1&2)": 0
    },
    "平均箭值": 9.546296296296296,
    "10分命中率": 0.5925925925925926,
    "9分以上命中率": 0.9537037037037037,
    "10中X比例": 0.3515625,
    "單局分數(12)": [
      343,
      345,
      347,
      341,
      339,
      339,
      341,
      347,
      342,
      351,
      348,
      341
    ],
    "雙局分數(6)": [
      688,
      688,
      678,
      688,
      693,
      689
    ],
    "每趟分數(72)": [
      56,
      57,
      58,
      58,
      58,
      56,
      56,
      59,
      57,
      57,
      57,
      59,
      59,
      56,
      59,
      57,
      56,
      60,
      56,
      58,
      57,
      56,
      58,
      56,
      54,
      59,
      55,
      55,
      58,
      58,
      58,
      56,
      58,
      54,
      55,
      58,
      58,
      55,
      56,
      58,
      58,
      56,
      57,
      57,
      59,
      57,
      58,
      59,
      56,
      56,
      57,
      58,
      57,
      58,
      59,
      60,
      59,
      60,
      56,
      57,
      58,
      58,
      57,
      60,
      58,
      57,
      54,
      57,
      57,
      57,
      57,
      59
    ],
    "每趟標籤": [
      "第1局第1趟",
      "第1局第2趟",
      "第1局第3趟",
      "第1局第4趟",
      "第1局第5趟",
      "第1局第6趟",
      "第2局第1趟",
      "第2局第2趟",
      "第2局第3趟",
      "第2局第4趟",
      "第2局第5趟",
      "第2局第6趟",
      "第3局第1趟",
      "第3局第2趟",
      "第3局第3趟",
      "第3局第4趟",
      "第3局第5趟",
      "第3局第6趟",
      "第4局第1趟",
      "第4局第2趟",
      "第4局第3趟",
      "第4局第4趟",
      "第4局第5趟",
      "第4局第6趟",
      "第5局第1趟",
      "第5局第2趟",
      "第5局第3趟",
      "第5局第4趟",
      "第5局第5趟",
      "第5局第6趟",
      "第6局第1趟",
      "第6局第2趟",
      "第6局第3趟",
      "第6局第4趟",
      "第6局第5趟",
      "第6局第6趟",
      "第7局第1趟",
      "第7局第2趟",
      "第7局第3趟",
      "第7局第4趟",
      "第7局第5趟",
      "第7局第6趟",
      "第8局第1趟",
      "第8局第2趟",
      "第8局第3趟",
      "第8局第4趟",
      "第8局第5趟",
      "第8局第6趟",
      "第9局第1趟",
      "第9局第2趟",
      "第9局第3趟",
      "第9局第4趟",
      "第9局第5趟",
      "第9局第6趟",
      "第10局第1趟",
      "第10局第2趟",
      "第10局第3趟",
      "第10局第4趟",
      "第10局第5趟",
      "第10局第6趟",
      "第11局第1趟",
      "第11局第2趟",
      "第11局第3趟",
      "第11局第4趟",
      "第11局第5趟",
      "第11局第6趟",
      "第12局第1趟",
      "第12局第2趟",
      "第12局第3趟",
      "第12局第4趟",
      "第12局第5趟",
      "第12局第6趟"
    ],
    "最佳單局": {
      "局": [
        10
      ],
      "分數": 351
    },
    "最佳單趟": {
      "趟": [
        "第3局第6趟",
        "第10局第2趟",
        "第10局第4趟",
        "第11局第4趟"
      ],
      "分數": 60
    },
    "穩定度(單局標準差)": 3.7043517951488116,
    "單局高低差": 12,
    "平均每趟分數": 57.27777777777778,
    "最後12趟平均": 57.416666666666664
  },
  "round_arrows": {
    "第1局箭值": [
      [
        "X",
        "10",
        "9",
        "9",
        "9",
        "9"
      ],
      [
        "X",
        "10",
        "10",
        "9",
        "9",
        "9"
      ],
      [
        "X",
        "X",
        "10",
        "10",
        "9",
        "9"
      ],
      [
        "X",
        "10",
        "10",
        "10",
        "9",
        "9"
      ],
      [
        "X",
        "X",
        "10",
        "10",
        "9",
        "9"
      ],
      [
        "10",
        "10",
        "9",
        "9",
        "9",
        "9"
      ]
    ],
    "第2局箭值": [
      [
        "X",
        "X",
        "10",
        "9",
        "9",
        "8"
      ],
      [
        "10",
        "10",
        "10",
        "10",
        "10",
        "9"
      ],
      [
        "X",
        "X",
        "10",
        "10",
        "9",
        "8"
      ],
      [
        "X",
        "10",
        "10",
        "9",
        "9",
        "9"
      ],
      [
        "10",
        "10",
        "10",
        "9",
        "9",
        "9"
      ],
      [
        "X",
        "X",
        "10",
        "10",
        "10",
        "9"
      ]
    ],
    "第3局箭值": [
      [
        "X",
        "10",
        "10",
        "10",
        "10",
        "9"
      ],
      [
        "X",
        "10",
        "10",
        "9",
        "9",
        "8"
      ],
      [
        "X",
        "X",
        "X",
        "10",
        "10",
        "9"
      ],
      [
        "X",
        "10",
        "10",
        "9",
        "9",
        "9"
      ],
      [
        "X",
        "X",
        "10",
        "9",
        "9",
        "8"
      ],
      [
        "X",
        "X",
        "10",
        "10",
        "10",
        "10"
      ]
    ],
    "第4局箭值": [
      [
        "X",
        "10",
        "9",
        "9",
        "9",
        "9"
      ],
      [
        "X",
        "X",
        "10",
        "10",
        "10",
        "8"
      ],
      [
        "X",
        "X",
        "10",
        "10",
        "9",
        "8"
      ],
      [
        "X",
        "10",
        "10",
        "9",
        "9",
        "8"
      ],
      [
        "X",
        "X",
        "10",
        "10",
        "9",
        "9"
      ],
      [
        "X",
        "10",
        "9",
        "9",
        "9",
        "9"
      ]
    ],
    "第5局箭值": [
      [
        "10",
        "10",
        "9",
        "9",
        "8",
        "8"
      ],
      [
        "X",
        "X",
        "10",
        "10",
        "10",
        "9"
      ],
      [
        "X",
        "10",
        "9",
        "9",
        "9",
        "8"
      ],
      [
        "10",
        "9",
        "9",
        "9",
        "9",
        "9"
      ],
      [
        "X",
        "X",
        "10",
        "10",
        "9",
        "9"
      ],
      [
        "X",
        "X",
        "10",
        "10",
        "9",
        "9"
      ]
    ],
    "第6局箭值": [
      [
        "X",
        "10",
        "10",
        "10",
        "9",
        "9"
      ],
      [
        "X",
        "10",
        "10",
        "9",
        "9",
        "8"
      ],
      [
        "X",
        "X",
        "10",
        "10",
        "9",
        "9"
      ],
      [
        "X",
        "9",
        "9",
        "9",
        "9",
        "8"
      ],
      [
        "X",
        "X",
        "9",
        "9",
        "9",
        "8"
      ],
      [
        "X",
        "10",
        "10",
        "10",
        "9",
        "9"
      ]
    ],
    "第7局箭值": [
      [
        "X",
        "X",
        "10",
        "10",
        "9",
        "9"
      ],
      [
        "10",
        "9",
        "9",
        "9",
        "9",
        "9"
      ],
      [
        "X",
        "10",
        "9",
        "9",
        "9",
        "9"
      ],
      [
        "X",
        "X",
        "X",
        "10",
        "9",
        "9"
      ],
      [
        "X",
        "10",
        "10",
        "10",
        "9",
        "9"
      ],
      [
        "X",
        "10",
        "10",
        "9",
        "9",
        "8"
      ]
    ],