{
  "id": "0abab9f144d5b7d8",
  "name": "何寀菊",
  "unit": "北市麗山高中",
  "bow": "反曲弓",
  "group": "反曲弓女生",
  "stats": {
    "總名次": 48,
    "總箭數": 432,
    "總分": 3530,
    "分布": {
      "X": 21,
      "10": 41,
      "9": 153,
      "紅圈(7&8)": 165,
      "藍圈(5&6)": 44,
      "M": 1,
      "黃圈(9/10/X)": 215,
      "黑圈(3&4)": 6,
      "白圈(1&2)": 1
    },
    "平均箭值": 8.171296296296296,
    "10分命中率": 0.14351851851851852,
    "9分以上命中率": 0.4976851851851852,
    "10中X比例": 0.3387096774193548,
    "單局分數(12)": [
      292,
      285,
      300,
      281,
      301,
      303,
      296,
      285,
      288,
      286,
      313,
      300
    ],
    "雙局分數(6)": [
      577,
      581,
      604,
      581,
      574,
      613
    ],
    "每趟分數(72)": [
      53,
      49,
      46,
      43,
      57,
      44,
      43,
      44,
      54,
      46,
      49,
      49,
      44,
      55,
      53,
      46,
      50,
      52,
      51,
      50,
      41,
      46,
      50,
      43,
      48,
      49,
      49,
      54,
      51,
      50,
      50,
      44,
      55,
      52,
      54,
      48,
      54,
      43,
      50,
      54,
      43,
      52,
      49,
      52,
      44,
      41,
      47,
      52,
      49,
      49,
      48,
      48,
      47,
      47,
      54,
      47,
      44,
      44,
      45,
      52,
      53,
      56,
      52,
      52,
      52,
      48,
      51,
      50,
      47,
      47,
      53,
      52
    ],
    "每趟標籤": [
      "第1局第1趟",
      "第1局第2趟",
      "第1局第3趟",
      "第1局第4趟",
      "第1局第5趟",
      "第1局第6趟",
      "第2局第1趟",
      "第2局第2趟",
      "第2局第3趟",
      "第2局第4趟",
      "第2局第5趟",
      "第2局第6趟",
      "第3局第1趟",
      "第3局第2趟",
      "第3局第3趟",
      "第3局第4趟",
      "第3局第5趟",
      "第3局第6趟",
      "第4局第1趟",
      "第4局第2趟",
      "第4局第3趟",
      "第4局第4趟",
      "第4局第5趟",
      "第4局第6趟",
      "第5局第1趟",
      "第5局第2趟",
      "第5局第3趟",
      "第5局第4趟",
      "第5局第5趟",
      "第5局第6趟",
      "第6局第1趟",
      "第6局第2趟",
      "第6局第3趟",
      "第6局第4趟",
      "第6局第5趟",
      "第6局第6趟",
      "第7局第1趟",
      "第7局第2趟",
      "第7局第3趟",
      "第7局第4趟",
      "第7局第5趟",
      "第7局第6趟",
      "第8局第1趟",
      "第8局第2趟",
      "第8局第3趟",
      "第8局第4趟",
      "第8局第5趟",
      "第8局第6趟",
      "第9局第1趟",
      "第9局第2趟",
      "第9局第3趟",
      "第9局第4趟",
      "第9局第5趟",
      "第9局第6趟",
      "第10局第1趟",
      "第10局第2趟",
      "第10局第3趟",
      "第10局第4趟",
      "第10局第5趟",
      "第10局第6趟",
      "第11局第1趟",
      "第11局第2趟",
      "第11局第3趟",
      "第11局第4趟",
      "第11局第5趟",
      "第11局第6趟",
      "第12局第1趟",
      "第12局第2趟",
      "第12局第3趟",
      "第12局第4趟",
      "第12局第5趟",
      "第12局第6趟"
    ],
    "最佳單局": {
      "局": [
        11
      ],
      "分數": 313
    },
    "最佳單趟": {
      "趟": [
        "第1局第5趟"
      ],
      "分數": 57
    },
    "穩定度(單局標準差)": 9.13631338244383,
    "單局高低差": 32,
    "平均每趟分數": 49.02777777777778,
    "最後12趟平均": 51.083333333333336
  },
  "round_arrows": {
    "第1局箭值": [
      [
        "X",
        "10",
        "9",
        "8",
        "8",
        "8"
      ],
      [
        "9",
        "9",
        "9",
        "9",
        "7",
        "6"
      ],
      [
        "9",
        "9",
        "8",
        "7",
        "7",
        "6"
      ],
      [
        "9",
        "8",
        "8",
        "8",
        "5",
        "5"
      ],
      [
        "X",
        "10",
        "10",
        "9",
        "9",
        "9"
      ],
      [
        "8",
        "8",
        "8",
        "8",
        "6",
        "6"
      ]
    ],
    "第2局箭值": [
      [
        "8",
        "8",
        "8",
        "8",
        "7",
        "4"
      ],
      [
        "9",
        "8",
        "8",
        "8",
        "7",
        "4"
      ],
      [
        "X",
        "10",
        "10",
        "9",
        "8",
        "7"
      ],
      [
        "9",
        "9",
        "9",
        "7",
        "6",
        "6"
      ],
      [
        "9",
        "9",
        "9",
        "8",
        "7",
        "7"
      ],
      [
        "9",
        "9",
        "8",
        "8",
        "8",
        "7"
      ]
    ],
    "第3局箭值": [
      [
        "8",
        "8",
        "8",
        "7",
        "7",
        "6"
      ],
      [
        "10",
        "9",
        "9",
        "9",
        "9",
        "9"
      ],
      [
        "X",
        "10",
        "9",
        "9",
        "9",
        "6"
      ],
      [
        "9",
        "9",
        "9",
        "9",
        "7",
        "3"
      ],
      [
        "9",
        "9",
        "8",
        "8",
        "8",
        "8"
      ],
      [
        "X",
        "X",
        "9",
        "8",
        "8",
        "7"
      ]
    ],
    "第4局箭值": [
      [
        "X",
        "10",
        "9",
        "8",
        "7",
        "7"
      ],
      [
        "10",
        "9",
        "8",
        "8",
        "8",
        "7"
      ],
      [
        "9",
        "8",
        "8",
        "7",
        "7",
        "2"
      ],
      [
        "9",
        "9",
        "8",
        "7",
        "7",
        "6"
      ],
      [
        "10",
        "9",
        "9",
        "8",
        "8",
        "6"
      ],
      [
        "8",
        "8",
        "8",
        "7",
        "7",
        "5"
      ]
    ],
    "第5局箭值": [
      [
        "X",
        "10",
        "9",
        "8",
        "7",
        "4"
      ],
      [
        "9",
        "9",
        "8",
        "8",
        "8",
        "7"
      ],
      [
        "9",
        "9",
        "9",
        "9",
        "7",
        "6"
      ],
      [
        "10",
        "9",
        "9",
        "9",
        "9",
        "8"
      ],
      [
        "9",
        "9",
        "9",
        "9",
        "9",
        "6"
      ],
      [
        "9",
        "9",
        "9",
        "8",
        "8",
        "7"
      ]
    ],
    "第6局箭值": [
      [
        "9",
        "9",
        "9",
        "8",
        "8",
        "7"
      ],
      [
        "9",
        "9",
        "9",
        "9",
        "8",
        "M"
      ],
      [
        "X",
        "10",
        "9",
        "9",
        "9",
        "8"
      ],
      [
        "X",
        "X",
        "9",
        "9",
        "9",
        "5"
      ],
      [
        "10",
        "10",
        "9",
        "9",
        "8",
        "8"
      ],
      [
        "10",
        "9",
        "8",
        "8",
        "7",
        "6"
      ]
    ],
    "第7局箭值": [
      [
        "10",
        "9",
        "9",
        "9",
        "9",
        "8"
      ],
      [
        "10",
        "9",
        "8",
        "6",
        "5",
        "5"
      ],
      [
        "10",
        "10",
        "8",
        "8",
        "7",
        "7"
      ],
      [
        "10",
        "9",
        "9",
        "9",
        "9",
        "8"
      ],
      [
        "9",
        "9",
        "8",
        "7",
        "6",
        "4"
      ],
      [
        "9",
        "9",
        "9",
        "9",
        "8",
        "8"
      ]
    ],