{
  "id": "115debc7f88b6ee6",
  "name": "張宇謙",
  "unit": "新北明德高中",
  "bow": "反曲弓",
  "group": "反曲弓男生",
  "stats": {
    "總名次": 65,
    "總箭數": 432,
    "總分": 3200,
    "分布": {
      "X": 20,
      "10": 27,
      "9": 87,
      "紅圈(7&8)": 193,
      "藍圈(5&6)": 74,
      "M": 5,
      "黃圈(9/10/X)": 134,
      "黑圈(3&4)": 22,
      "白圈(1&2)": 4
    },
    "平均箭值": 7.407407407407407,
    "10分命中率": 0.1087962962962963,
    "9分以上命中率": 0.3101851851851852,
    "10中X比例": 0.425531914893617,
    "單局分數(12)": [
      264,
      283,
      280,
      283,
      279,
      256,
      286,
      277,
      254,
      269,
      240,
      229
    ],
    "雙局分數(6)": [
      547,
      563,
      535,
      563,
      523,
      469
    ],
    "每趟分數(72)": [
      46,
      51,
      40,
      42,
      42,
      43,
      47,
      45,
      48,
      47,
      48,
      48,
      38,
      49,
      53,
      49,
      44,
      47,
      52,
      47,
      47,
      48,
      49,
      40,
      46,
      38,
      49,
      48,
      50,
      48,
      47,
      33,
      42,
      43,
      47,
      44,
      44,
      45,
      48,
      48,
      51,
      50,
      45,
      49,
      46,
      45,
      41,
      51,
      37,
      41,
      46,
      50,
      36,
      44,
      49,
      46,
      47,
      43,
      43,
      41,
      35,
      36,
      47,
      40,
      39,
      43,
      35,
      49,
      32,
      32,
      44,
      37
    ],
    "每趟標籤": [
      "第1局第1趟",
      "第1局第2趟",
      "第1局第3趟",
      "第1局第4趟",
      "第1局第5趟",
      "第1局第6趟",
      "第2局第1趟",
      "第2局第2趟",
      "第2局第3趟",
      "第2局第4趟",
      "第2局第5趟",
      "第2局第6趟",
      "第3局第1趟",
      "第3局第2趟",
      "第3局第3趟",
      "第3局第4趟",
      "第3局第5趟",
      "第3局第6趟",
      "第4局第1趟",
      "第4局第2趟",
      "第4局第3趟",
      "第4局第4趟",
      "第4局第5趟",
      "第4局第6趟",
      "第5局第1趟",
      "第5局第2趟",
      "第5局第3趟",
      "第5局第4趟",
      "第5局第5趟",
      "第5局第6趟",
      "第6局第1趟",
      "第6局第2趟",
      "第6局第3趟",
      "第6局第4趟",
      "第6局第5趟",
      "第6局第6趟",
      "第7局第1趟",
      "第7局第2趟",
      "第7局第3趟",
      "第7局第4趟",
      "第7局第5趟",
      "第7局第6趟",
      "第8局第1趟",
      "第8局第2趟",
      "第8局第3趟",
      "第8局第4趟",
      "第8局第5趟",
      "第8局第6趟",
      "第9局第1趟",
      "第9局第2趟",
      "第9局第3趟",
      "第9局第4趟",
      "第9局第5趟",
      "第9局第6趟",
      "第10局第1趟",
      "第10局第2趟",
      "第10局第3趟",
      "第10局第4趟",
      "第10局第5趟",
      "第10局第6趟",
      "第11局第1趟",
      "第11局第2趟",
      "第11局第3趟",
      "第11局第4趟",
      "第11局第5趟",
      "第11局第6趟",
      "第12局第1趟",
      "第12局第2趟",
      "第12局第3趟",
      "第12局第4趟",
      "第12局第5趟",
      "第12局第6趟"
    ],
    "最佳單局": {
      "局": [
        7
      ],
      "分數": 286
    },
    "最佳單趟": {
      "趟": [
        "第3局第3趟"
      ],
      "分數": 53
    },
    "穩定度(單局標準差)": 17.702793251034958,
    "單局高低差": 57,
    "平均每趟分數": 44.44444444444444,
    "最後12趟平均": 39.083333333333336
  },
  "round_arrows": {
    "第1局箭值": [
      [
        "9",
        "8",
        "8",
        "8",
        "8",
        "5"
      ],
      [
        "X",
        "10",
        "9",
        "8",
        "7",
        "7"
      ],
      [
        "9",
        "9",
        "8",
        "5",
        "5",
        "4"
      ],
      [
        "9",
        "8",
        "7",
        "7",
        "6",
        "5"
      ],
      [
        "9",
        "8",
        "8",
        "7",
        "5",
        "5"
      ],
      [
        "X",
        "X",
        "8",
        "8",
        "6",
        "1"
      ]
    ],
    "第2局箭值": [
      [
        "9",
        "9",
        "8",
        "7",
        "7",
        "7"
      ],
      [
        "9",
        "9",
        "8",
        "7",
        "7",
        "5"
      ],
      [
        "10",
        "8",
        "8",
        "8",
        "8",
        "6"
      ],
      [
        "X",
        "9",
        "8",
        "7",
        "7",
        "6"
      ],
      [
        "10",
        "9",
        "8",
        "7",
        "7",
        "7"
      ],
      [
        "X",
        "10",
        "9",
        "8",
        "7",
        "4"
      ]
    ],
    "第3局箭值": [
      [
        "9",
        "9",
        "6",
        "6",
        "5",
        "3"
      ],
      [
        "9",
        "9",
        "8",
        "8",
        "8",
        "7"
      ],
      [
        "X",
        "10",
        "10",
        "9",
        "9",
        "5"
      ],
      [
        "9",
        "9",
        "9",
        "8",
        "7",
        "7"
      ],
      [
        "10",
        "9",
        "7",
        "7",
        "6",
        "5"
      ],
      [
        "10",
        "9",
        "9",
        "7",
        "6",
        "6"
      ]
    ],
    "第4局箭值": [
      [
        "X",
        "10",
        "10",
        "9",
        "8",
        "5"
      ],
      [
        "8",
        "8",
        "8",
        "8",
        "8",
        "7"
      ],
      [
        "10",
        "9",
        "8",
        "8",
        "7",
        "5"
      ],
      [
        "10",
        "9",
        "9",
        "8",
        "7",
        "5"
      ],
      [
        "9",
        "9",
        "8",
        "8",
        "8",
        "7"
      ],
      [
        "9",
        "9",
        "8",
        "7",
        "6",
        "1"
      ]
    ],
    "第5局箭值": [
      [
        "9",
        "9",
        "9",
        "7",
        "6",
        "6"
      ],
      [
        "9",
        "8",
        "7",
        "7",
        "7",
        "M"
      ],
      [
        "X",
        "10",
        "10",
        "8",
        "7",
        "4"
      ],
      [
        "9",
        "9",
        "9",
        "8",
        "7",
        "6"
      ],
      [
        "10",
        "9",
        "8",
        "8",
        "8",
        "7"
      ],
      [
        "10",
        "9",
        "8",
        "7",
        "7",
        "7"
      ]
    ],
    "第6局箭值": [
      [
        "9",
        "8",
        "8",
        "8",
        "7",
        "7"
      ],
      [
        "7",
        "7",
        "6",
        "6",
        "5",
        "2"
      ],
      [
        "8",
        "8",
        "7",
        "7",
        "6",
        "6"
      ],
      [
        "X",
        "8",
        "7",
        "7",
        "6",
        "5"
      ],
      [
        "9",
        "9",
        "8",
        "8",
        "7",
        "6"
      ],
      [
        "10",
        "8",
        "8",
        "8",
        "7",
        "3"
      ]
    ],
    "第7局箭值": [
      [
        "X",
        "8",
        "8",
        "7",
        "7",
        "4"
      ],
      [
        "9",
        "8",
        "7",
        "7",
        "7",
        "7"
      ],
      [
        "10",
        "9",
        "8",
        "8",
        "8",
        "5"
      ],
      [
        "X",
        "8",
        "8",
        "8",
        "7",
        "7"
      ],
      [
        "X",
        "9",
        "9",
        "9",
        "9",
        "5"
      ],
      [
        "X",
        "8",
        "8",
        "8",
        "8",
        "8"
      ]
    ],