{
  "id": "12e65e41cd55a295",
  "name": "黃鑫",
  "unit": "國立體育大學",
  "bow": "反曲弓",
  "group": "反曲弓男生",
  "stats": {
    "總名次": 43,
    "總箭數": 432,
    "總分": 3750,
    "分布": {
      "X": 26,
      "10": 78,
      "9": 169,
      "紅圈(7&8)": 148,
      "藍圈(5&6)": 6,
      "M": 1,
      "黃圈(9/10/X)": 273,
      "黑圈(3&4)": 3,
      "白圈(1&2)": 1
    },
    "平均箭值": 8.680555555555555,
    "10分命中率": 0.24074074074074073,
    "9分以上命中率": 0.6319444444444444,
    "10中X比例": 0.25,
    "單局分數(12)": [
      321,
      317,
      318,
      306,
      324,
      304,
      329,
      309,
      308,
      307,
      311,
      296
    ],
    "雙局分數(6)": [
      638,
      624,
      628,
      638,
      615,
      607
    ],
    "每趟分數(72)": [
      52,
      50,
      54,
      55,
      56,
      54,
      56,
      54,
      51,
      50,
      52,
      54,
      50,
      58,
      51,
      55,
      53,
      51,
      50,
      52,
      52,
      47,
      52,
      53,
      53,
      53,
      52,
      56,
      53,
      57,
      52,
      45,
      52,
      51,
      49,
      55,
      54,
      54,
      56,
      54,
      55,
      56,
      53,
      53,
      50,
      53,
      54,
      46,
      53,
      45,
      49,
      53,
      57,
      51,
      52,
      55,
      53,
      54,
      52,
      41,
      51,
      51,
      52,
      50,
      57,
      50,
      50,
      49,
      56,
      45,
      51,
      45
    ],
    "每趟標籤": [
      "第1局第1趟",
      "第1局第2趟",
      "第1局第3趟",
      "第1局第4趟",
      "第1局第5趟",
      "第1局第6趟",
      "第2局第1趟",
      "第2局第2趟",
      "第2局第3趟",
      "第2局第4趟",
      "第2局第5趟",
      "第2局第6趟",
      "第3局第1趟",
      "第3局第2趟",
      "第3局第3趟",
      "第3局第4趟",
      "第3局第5趟",
      "第3局第6趟",
      "第4局第1趟",
      "第4局第2趟",
      "第4局第3趟",
      "第4局第4趟",
      "第4局第5趟",
      "第4局第6趟",
      "第5局第1趟",
      "第5局第2趟",
      "第5局第3趟",
      "第5局第4趟",
      "第5局第5趟",
      "第5局第6趟",
      "第6局第1趟",
      "第6局第2趟",
      "第6局第3趟",
      "第6局第4趟",
      "第6局第5趟",
      "第6局第6趟",
      "第7局第1趟",
      "第7局第2趟",
      "第7局第3趟",
      "第7局第4趟",
      "第7局第5趟",
      "第7局第6趟",
      "第8局第1趟",
      "第8局第2趟",
      "第8局第3趟",
      "第8局第4趟",
      "第8局第5趟",
      "第8局第6趟",
      "第9局第1趟",
      "第9局第2趟",
      "第9局第3趟",
      "第9局第4趟",
      "第9局第5趟",
      "第9局第6趟",
      "第10局第1趟",
      "第10局第2趟",
      "第10局第3趟",
      "第10局第4趟",
      "第10局第5趟",
      "第10局第6趟",
      "第11局第1趟",
      "第11局第2趟",
      "第11局第3趟",
      "第11局第4趟",
      "第11局第5趟",
      "第11局第6趟",
      "第12局第1趟",
      "第12局第2趟",
      "第12局第3趟",
      "第12局第4趟",
      "第12局第5趟",
      "第12局第6趟"
    ],
    "最佳單局": {
      "局": [
        7
      ],
      "分數": 329
    },
    "最佳單趟": {
      "趟": [
        "第3局第2趟"
      ],
      "分數": 58
    },
    "穩定度(單局標準差)": 9.03234926989282,
    "單局高低差": 33,
    "平均每趟分數": 52.083333333333336,
    "最後12趟平均": 50.583333333333336
  },
  "round_arrows": {
    "第1局箭值": [
      [
        "10",
        "9",
        "9",
        "9",
        "8",
        "7"
      ],
      [
        "10",
        "9",
        "8",
        "8",
        "8",
        "7"
      ],
      [
        "X",
        "10",
        "9",
        "9",
        "8",
        "8"
      ],
      [
        "X",
        "10",
        "9",
        "9",
        "9",
        "8"
      ],
      [
        "10",
        "10",
        "9",
        "9",
        "9",
        "9"
      ],
      [
        "X",
        "10",
        "9",
        "9",
        "9",
        "7"
      ]
    ],
    "第2局箭值": [
      [
        "X",
        "10",
        "9",
        "9",
        "9",
        "9"
      ],
      [
        "10",
        "10",
        "9",
        "9",
        "8",
        "8"
      ],
      [
        "10",
        "10",
        "9",
        "8",
        "8",
        "6"
      ],
      [
        "9",
        "9",
        "8",
        "8",
        "8",
        "8"
      ],
      [
        "10",
        "10",
        "9",
        "8",
        "8",
        "7"
      ],
      [
        "X",
        "9",
        "9",
        "9",
        "9",
        "8"
      ]
    ],
    "第3局箭值": [
      [
        "X",
        "9",
        "8",
        "8",
        "8",
        "7"
      ],
      [
        "X",
        "10",
        "10",
        "10",
        "9",
        "9"
      ],
      [
        "9",
        "9",
        "9",
        "8",
        "8",
        "8"
      ],
      [
        "X",
        "10",
        "9",
        "9",
        "9",
        "8"
      ],
      [
        "10",
        "10",
        "9",
        "9",
        "8",
        "7"
      ],
      [
        "10",
        "9",
        "9",
        "8",
        "8",
        "7"
      ]
    ],
    "第4局箭值": [
      [
        "9",
        "9",
        "9",
        "8",
        "8",
        "7"
      ],
      [
        "10",
        "9",
        "9",
        "9",
        "8",
        "7"
      ],
      [
        "X",
        "10",
        "9",
        "8",
        "8",
        "7"
      ],
      [
        "10",
        "8",
        "8",
        "8",
        "7",
        "6"
      ],
      [
        "10",
        "9",
        "9",
        "9",
        "8",
        "7"
      ],
      [
        "X",
        "10",
        "9",
        "9",
        "8",
        "7"
      ]
    ],
    "第5局箭值": [
      [
        "10",
        "10",
        "9",
        "9",
        "8",
        "7"
      ],
      [
        "10",
        "10",
        "9",
        "9",
        "8",
        "7"
      ],
      [
        "10",
        "10",
        "9",
        "8",
        "8",
        "7"
      ],
      [
        "X",
        "X",
        "9",
        "9",
        "9",
        "9"
      ],
      [
        "X",
        "X",
        "X",
        "8",
        "8",
        "7"
      ],
      [
        "10",
        "10",
        "10",
        "9",
        "9",
        "9"
      ]
    ],
    "第6局箭值": [
      [
        "10",
        "9",
        "9",
        "8",
        "8",
        "8"
      ],
      [
        "9",
        "9",
        "9",
        "8",
        "7",
        "3"
      ],
      [
        "10",
        "9",
        "9",
        "8",
        "8",
        "8"
      ],
      [
        "X",
        "10",
        "9",
        "8",
        "8",
        "6"
      ],
      [
        "9",
        "9",
        "9",
        "8",
        "7",
        "7"
      ],
      [
        "X",
        "10",
        "10",
        "9",
        "8",
        "8"
      ]
    ],
    "第7局箭值": [
      [
        "X",
        "9",
        "9",
        "9",
        "9",
        "8"
      ],
      [
        "10",
        "9",
        "9",
        "9",
        "9",
        "8"
      ],
      [
        "10",
        "10",
        "9",
        "9",
        "9",
        "9"
      ],
      [
        "10",
        "9",
        "9",
        "9",
        "9",
        "8"
      ],
      [
        "10",
        "10",
        "9",
        "9",
        "9",
        "8"
      ],
      [
        "X",
        "10",
        "10",
        "10",
        "9",
        "7"
      ]
    ],