{
  "id": "1906a1c276845de3",
  "name": "莊翔嵐",
  "unit": "北市萬芳高中",
  "bow": "反曲弓",
  "group": "反曲弓女生",
  "stats": {
    "總名次": 34,
    "總箭數": 432,
    "總分": 3738,
    "分布": {
      "X": 30,
      "10": 61,
      "9": 171,
      "紅圈(7&8)": 157,
      "藍圈(5&6)": 13,
      "M": 0,
      "黃圈(9/10/X)": 262,
      "黑圈(3&4)": 0,
      "白圈(1&2)": 0
    },
    "平均箭值": 8.652777777777779,
    "10分命中率": 0.21064814814814814,
    "9分以上命中率": 0.6064814814814815,
    "10中X比例": 0.32967032967032966,
    "單局分數(12)": [
      306,
      310,
      321,
      313,
      302,
      312,
      320,
      314,
      311,
      302,
      307,
      320
    ],
    "雙局分數(6)": [
      616,
      634,
      614,
      634,
      613,
      627
    ],
    "每趟分數(72)": [
      50,
      48,
      53,
      53,
      52,
      50,
      50,
      53,
      54,
      52,
      49,
      52,
      55,
      53,
      52,
      54,
      54,
      53,
      54,
      51,
      53,
      53,
      48,
      54,
      57,
      45,
      52,
      48,
      50,
      50,
      52,
      52,
      49,
      54,
      52,
      53,
      55,
      52,
      51,
      51,
      54,
      57,
      54,
      54,
      53,
      46,
      55,
      52,
      50,
      54,
      49,
      52,
      54,
      52,
      51,
      51,
      53,
      52,
      46,
      49,
      54,
      49,
      53,
      47,
      53,
      51,
      55,
      52,
      51,
      52,
      54,
      56
    ],
    "每趟標籤": [
      "第1局第1趟",
      "第1局第2趟",
      "第1局第3趟",
      "第1局第4趟",
      "第1局第5趟",
      "第1局第6趟",
      "第2局第1趟",
      "第2局第2趟",
      "第2局第3趟",
      "第2局第4趟",
      "第2局第5趟",
      "第2局第6趟",
      "第3局第1趟",
      "第3局第2趟",
      "第3局第3趟",
      "第3局第4趟",
      "第3局第5趟",
      "第3局第6趟",
      "第4局第1趟",
      "第4局第2趟",
      "第4局第3趟",
      "第4局第4趟",
      "第4局第5趟",
      "第4局第6趟",
      "第5局第1趟",
      "第5局第2趟",
      "第5局第3趟",
      "第5局第4趟",
      "第5局第5趟",
      "第5局第6趟",
      "第6局第1趟",
      "第6局第2趟",
      "第6局第3趟",
      "第6局第4趟",
      "第6局第5趟",
      "第6局第6趟",
      "第7局第1趟",
      "第7局第2趟",
      "第7局第3趟",
      "第7局第4趟",
      "第7局第5趟",
      "第7局第6趟",
      "第8局第1趟",
      "第8局第2趟",
      "第8局第3趟",
      "第8局第4趟",
      "第8局第5趟",
      "第8局第6趟",
      "第9局第1趟",
      "第9局第2趟",
      "第9局第3趟",
      "第9局第4趟",
      "第9局第5趟",
      "第9局第6趟",
      "第10局第1趟",
      "第10局第2趟",
      "第10局第3趟",
      "第10局第4趟",
      "第10局第5趟",
      "第10局第6趟",
      "第11局第1趟",
      "第11局第2趟",
      "第11局第3趟",
      "第11局第4趟",
      "第11局第5趟",
      "第11局第6趟",
      "第12局第1趟",
      "第12局第2趟",
      "第12局第3趟",
      "第12局第4趟",
      "第12局第5趟",
      "第12局第6趟"
    ],
    "最佳單局": {
      "局": [
        3
      ],
      "分數": 321
    },
    "最佳單趟": {
      "趟": [
        "第5局第1趟",
        "第7局第6趟"
      ],
      "分數": 57
    },
    "穩定度(單局標準差)": 6.304760106459246,
    "單局高低差": 19,
    "平均每趟分數": 51.916666666666664,
    "最後12趟平均": 52.25
  },
  "round_arrows": {
    "第1局箭值": [
      [
        "X",
        "10",
        "9",
        "7",
        "7",
        "7"
      ],
      [
        "9",
        "9",
        "8",
        "8",
        "7",
        "7"
      ],
      [
        "X",
        "10",
        "9",
        "9",
        "8",
        "7"
      ],
      [
        "9",
        "9",
        "9",
        "9",
        "9",
        "8"
      ],
      [
        "X",
        "9",
        "9",
        "9",
        "9",
        "6"
      ],
      [
        "9",
        "9",
        "8",
        "8",
        "8",
        "8"
      ]
    ],
    "第2局箭值": [
      [
        "9",
        "9",
        "9",
        "8",
        "8",
        "7"
      ],
      [
        "X",
        "9",
        "9",
        "9",
        "8",
        "8"
      ],
      [
        "X",
        "9",
        "9",
        "9",
        "9",
        "8"
      ],
      [
        "X",
        "X",
        "9",
        "8",
        "8",
        "7"
      ],
      [
        "9",
        "9",
        "8",
        "8",
        "8",
        "7"
      ],
      [
        "10",
        "9",
        "9",
        "8",
        "8",
        "8"
      ]
    ],
    "第3局箭值": [
      [
        "10",
        "10",
        "9",
        "9",
        "9",
        "8"
      ],
      [
        "9",
        "9",
        "9",
        "9",
        "9",
        "8"
      ],
      [
        "X",
        "9",
        "9",
        "8",
        "8",
        "8"
      ],
      [
        "10",
        "9",
        "9",
        "9",
        "9",
        "8"
      ],
      [
        "X",
        "X",
        "10",
        "9",
        "8",
        "7"
      ],
      [
        "9",
        "9",
        "9",
        "9",
        "9",
        "8"
      ]
    ],
    "第4局箭值": [
      [
        "10",
        "10",
        "9",
        "9",
        "8",
        "8"
      ],
      [
        "10",
        "10",
        "9",
        "8",
        "7",
        "7"
      ],
      [
        "10",
        "9",
        "9",
        "9",
        "8",
        "8"
      ],
      [
        "9",
        "9",
        "9",
        "9",
        "9",
        "8"
      ],
      [
        "10",
        "9",
        "8",
        "7",
        "7",
        "7"
      ],
      [
        "10",
        "10",
        "9",
        "9",
        "8",
        "8"
      ]
    ],
    "第5局箭值": [
      [
        "X",
        "X",
        "10",
        "10",
        "9",
        "8"
      ],
      [
        "9",
        "8",
        "7",
        "7",
        "7",
        "7"
      ],
      [
        "9",
        "9",
        "9",
        "9",
        "9",
        "7"
      ],
      [
        "9",
        "9",
        "8",
        "8",
        "7",
        "7"
      ],
      [
        "9",
        "9",
        "8",
        "8",
        "8",
        "8"
      ],
      [
        "10",
        "8",
        "8",
        "8",
        "8",
        "8"
      ]
    ],
    "第6局箭值": [
      [
        "X",
        "9",
        "9",
        "8",
        "8",
        "8"
      ],
      [
        "X",
        "10",
        "9",
        "8",
        "8",
        "7"
      ],
      [
        "10",
        "9",
        "9",
        "8",
        "7",
        "6"
      ],
      [
        "10",
        "9",
        "9",
        "9",
        "9",
        "8"
      ],
      [
        "X",
        "X",
        "9",
        "9",
        "7",
        "7"
      ],
      [
        "10",
        "9",
        "9",
        "9",
        "8",
        "8"
      ]
    ],
    "第7局箭值": [
      [
        "10",
        "10",
        "9",
        "9",
        "9",
        "8"
      ],
      [
        "X",
        "10",
        "10",
        "9",
        "7",
        "6"
      ],
      [
        "10",
        "9",
        "9",
        "8",
        "8",
        "7"
      ],
      [
        "10",
        "9",
        "9",
        "8",
        "8",
        "7"
      ],
      [
        "10",
        "9",
        "9",
        "9",
        "9",
        "8"
      ],
      [
        "X",
        "10",
        "10",
        "9",
        "9",
        "9"
      ]
    ],