{
  "id": "19ad804937921b3c",
  "name": "彭家楙",
  "unit": "中原大學",
  "bow": "反曲弓",
  "group": "反曲弓女生",
  "stats": {
    "總名次": 20,
    "總箭數": 432,
    "總分": 3821,
    "分布": {
      "X": 41,
      "10": 82,
      "9": 175,
      "紅圈(7&8)": 125,
      "藍圈(5&6)": 8,
      "M": 0,
      "黃圈(9/10/X)": 298,
      "黑圈(3&4)": 1,
      "白圈(1&2)": 0
    },
    "平均箭值": 8.844907407407407,
    "10分命中率": 0.2847222222222222,
    "9分以上命中率": 0.6898148148148148,
    "10中X比例": 0.3333333333333333,
    "單局分數(12)": [
      315,
      319,
      319,
      321,
      299,
      324,
      320,
      326,
      310,
      325,
      316,
      327
    ],
    "雙局分數(6)": [
      634,
      640,
      623,
      646,
      635,
      643
    ],
    "每趟分數(72)": [
      52,
      56,
      52,
      53,
      53,
      49,
      55,
      53,
      52,
      53,
      55,
      51,
      55,
      54,
      54,
      51,
      53,
      52,
      58,
      50,
      53,
      53,
      56,
      51,
      52,
      51,
      48,
      50,
      48,
      50,
      52,
      56,
      52,
      57,
      50,
      57,
      51,
      53,
      53,
      57,
      52,
      54,
      55,
      54,
      53,
      54,
      56,
      54,
      47,
      52,
      54,
      56,
      50,
      51,
      55,
      56,
      52,
      52,
      57,
      53,
      53,
      56,
      53,
      52,
      48,
      54,
      55,
      54,
      54,
      55,
      54,
      55
    ],
    "每趟標籤": [
      "第1局第1趟",
      "第1局第2趟",
      "第1局第3趟",
      "第1局第4趟",
      "第1局第5趟",
      "第1局第6趟",
      "第2局第1趟",
      "第2局第2趟",
      "第2局第3趟",
      "第2局第4趟",
      "第2局第5趟",
      "第2局第6趟",
      "第3局第1趟",
      "第3局第2趟",
      "第3局第3趟",
      "第3局第4趟",
      "第3局第5趟",
      "第3局第6趟",
      "第4局第1趟",
      "第4局第2趟",
      "第4局第3趟",
      "第4局第4趟",
      "第4局第5趟",
      "第4局第6趟",
      "第5局第1趟",
      "第5局第2趟",
      "第5局第3趟",
      "第5局第4趟",
      "第5局第5趟",
      "第5局第6趟",
      "第6局第1趟",
      "第6局第2趟",
      "第6局第3趟",
      "第6局第4趟",
      "第6局第5趟",
      "第6局第6趟",
      "第7局第1趟",
      "第7局第2趟",
      "第7局第3趟",
      "第7局第4趟",
      "第7局第5趟",
      "第7局第6趟",
      "第8局第1趟",
      "第8局第2趟",
      "第8局第3趟",
      "第8局第4趟",
      "第8局第5趟",
      "第8局第6趟",
      "第9局第1趟",
      "第9局第2趟",
      "第9局第3趟",
      "第9局第4趟",
      "第9局第5趟",
      "第9局第6趟",
      "第10局第1趟",
      "第10局第2趟",
      "第10局第3趟",
      "第10局第4趟",
      "第10局第5趟",
      "第10局第6趟",
      "第11局第1趟",
      "第11局第2趟",
      "第11局第3趟",
      "第11局第4趟",
      "第11局第5趟",
      "第11局第6趟",
      "第12局第1趟",
      "第12局第2趟",
      "第12局第3趟",
      "第12局第4趟",
      "第12局第5趟",
      "第12局第6趟"
    ],
    "最佳單局": {
      "局": [
        12
      ],
      "分數": 327
    },
    "最佳單趟": {
      "趟": [
        "第4局第1趟"
      ],
      "分數": 58
    },
    "穩定度(單局標準差)": 7.532798653591874,
    "單局高低差": 28,
    "平均每趟分數": 53.06944444444444,
    "最後12趟平均": 53.583333333333336
  },
  "round_arrows": {
    "第1局箭值": [
      [
        "10",
        "9",
        "9",
        "8",
        "8",
        "8"
      ],
      [
        "X",
        "10",
        "10",
        "10",
        "8",
        "8"
      ],
      [
        "9",
        "9",
        "9",
        "9",
        "9",
        "7"
      ],
      [
        "X",
        "10",
        "9",
        "8",
        "8",
        "8"
      ],
      [
        "10",
        "9",
        "9",
        "9",
        "8",
        "8"
      ],
      [
        "10",
        "9",
        "9",
        "8",
        "7",
        "6"
      ]
    ],
    "第2局箭值": [
      [
        "10",
        "10",
        "9",
        "9",
        "9",
        "8"
      ],
      [
        "10",
        "9",
        "9",
        "9",
        "9",
        "7"
      ],
      [
        "10",
        "9",
        "9",
        "9",
        "8",
        "7"
      ],
      [
        "X",
        "10",
        "9",
        "9",
        "8",
        "7"
      ],
      [
        "X",
        "X",
        "10",
        "9",
        "9",
        "7"
      ],
      [
        "X",
        "X",
        "9",
        "9",
        "7",
        "6"
      ]
    ],
    "第3局箭值": [
      [
        "X",
        "X",
        "10",
        "9",
        "8",
        "8"
      ],
      [
        "X",
        "10",
        "9",
        "9",
        "8",
        "8"
      ],
      [
        "X",
        "X",
        "9",
        "9",
        "8",
        "8"
      ],
      [
        "9",
        "9",
        "9",
        "9",
        "8",
        "7"
      ],
      [
        "X",
        "X",
        "9",
        "9",
        "8",
        "7"
      ],
      [
        "X",
        "9",
        "9",
        "8",
        "8",
        "8"
      ]
    ],
    "第4局箭值": [
      [
        "10",
        "10",
        "10",
        "10",
        "9",
        "9"
      ],
      [
        "X",
        "9",
        "9",
        "8",
        "8",
        "6"
      ],
      [
        "10",
        "9",
        "9",
        "9",
        "8",
        "8"
      ],
      [
        "10",
        "10",
        "10",
        "9",
        "7",
        "7"
      ],
      [
        "X",
        "10",
        "9",
        "9",
        "9",
        "9"
      ],
      [
        "X",
        "10",
        "9",
        "9",
        "7",
        "6"
      ]
    ],
    "第5局箭值": [
      [
        "10",
        "9",
        "9",
        "9",
        "8",
        "7"
      ],
      [
        "10",
        "9",
        "9",
        "8",
        "8",
        "7"
      ],
      [
        "X",
        "9",
        "8",
        "8",
        "7",
        "6"
      ],
      [
        "9",
        "9",
        "9",
        "8",
        "8",
        "7"
      ],
      [
        "9",
        "9",
        "9",
        "8",
        "7",
        "6"
      ],
      [
        "10",
        "9",
        "9",
        "8",
        "7",
        "7"
      ]
    ],
    "第6局箭值": [
      [
        "X",
        "9",
        "9",
        "8",
        "8",
        "8"
      ],
      [
        "10",
        "10",
        "10",
        "9",
        "9",
        "8"
      ],
      [
        "9",
        "9",
        "9",
        "9",
        "9",
        "7"
      ],
      [
        "X",
        "X",
        "10",
        "9",
        "9",
        "9"
      ],
      [
        "10",
        "9",
        "9",
        "8",
        "7",
        "7"
      ],
      [
        "X",
        "10",
        "10",
        "10",
        "9",
        "8"
      ]
    ],
    "第7局箭值": [
      [
        "10",
        "9",
        "8",
        "8",
        "8",
        "8"
      ],
      [
        "10",
        "10",
        "9",
        "9",
        "8",
        "7"
      ],
      [
        "10",
        "9",
        "9",
        "9",
        "8",
        "8"
      ],
      [
        "10",
        "10",
        "10",
        "9",
        "9",
        "9"
      ],
      [
        "X",
        "9",
        "9",
        "8",
        "8",
        "8"
      ],
      [
        "X",
        "X",
        "9",
        "9",
        "9",
        "7"
      ]
    ],