{
  "id": "2039f462513eb247",
  "name": "蕭亘庭",
  "unit": "臺北市立大學",
  "bow": "複合弓",
  "group": "複合弓女生",
  "stats": {
    "總名次": 12,
    "總箭數": 432,
    "總分": 4055,
    "分布": {
      "X": 88,
      "10": 129,
      "9": 171,
      "紅圈(7&8)": 44,
      "藍圈(5&6)": 0,
      "M": 0,
      "黃圈(9/10/X)": 388,
      "黑圈(3&4)": 0,
      "白圈(1&2)": 0
    },
    "平均箭值": 9.386574074074074,
    "10分命中率": 0.5023148148148148,
    "9分以上命中率": 0.8981481481481481,
    "10中X比例": 0.4055299539170507,
    "單局分數(12)": [
      345,
      341,
      346,
      328,
      338,
      342,
      336,
      345,
      334,
      332,
      335,
      333
    ],
    "雙局分數(6)": [
      686,
      674,
      680,
      681,
      666,
      668
    ],
    "每趟分數(72)": [
      59,
      56,
      57,
      57,
      59,
      57,
      56,
      57,
      59,
      59,
      55,
      55,
      56,
      59,
      60,
      55,
      57,
      59,
      57,
      55,
      55,
      52,
      56,
      53,
      56,
      55,
      56,
      57,
      57,
      57,
      56,
      58,
      55,
      59,
      57,
      57,
      57,
      55,
      56,
      57,
      57,
      54,
      56,
      59,
      56,
      58,
      60,
      56,
      58,
      57,
      57,
      53,
      54,
      55,
      55,
      54,
      54,
      57,
      54,
      58,
      54,
      55,
      56,
      59,
      56,
      55,
      52,
      54,
      57,
      57,
      54,
      59
    ],
    "每趟標籤": [
      "第1局第1趟",
      "第1局第2趟",
      "第1局第3趟",
      "第1局第4趟",
      "第1局第5趟",
      "第1局第6趟",
      "第2局第1趟",
      "第2局第2趟",
      "第2局第3趟",
      "第2局第4趟",
      "第2局第5趟",
      "第2局第6趟",
      "第3局第1趟",
      "第3局第2趟",
      "第3局第3趟",
      "第3局第4趟",
      "第3局第5趟",
      "第3局第6趟",
      "第4局第1趟",
      "第4局第2趟",
      "第4局第3趟",
      "第4局第4趟",
      "第4局第5趟",
      "第4局第6趟",
      "第5局第1趟",
      "第5局第2趟",
      "第5局第3趟",
      "第5局第4趟",
      "第5局第5趟",
      "第5局第6趟",
      "第6局第1趟",
      "第6局第2趟",
      "第6局第3趟",
      "第6局第4趟",
      "第6局第5趟",
      "第6局第6趟",
      "第7局第1趟",
      "第7局第2趟",
      "第7局第3趟",
      "第7局第4趟",
      "第7局第5趟",
      "第7局第6趟",
      "第8局第1趟",
      "第8局第2趟",
      "第8局第3趟",
      "第8局第4趟",
      "第8局第5趟",
      "第8局第6趟",
      "第9局第1趟",
      "第9局第2趟",
      "第9局第3趟",
      "第9局第4趟",
      "第9局第5趟",
      "第9局第6趟",
      "第10局第1趟",
      "第10局第2趟",
      "第10局第3趟",
      "第10局第4趟",
      "第10局第5趟",
      "第10局第6趟",
      "第11局第1趟",
      "第11局第2趟",
      "第11局第3趟",
      "第11局第4趟",
      "第11局第5趟",
      "第11局第6趟",
      "第12局第1趟",
      "第12局第2趟",
      "第12局第3趟",
      "第12局第4趟",
      "第12局第5趟",
      "第12局第6趟"
    ],
    "最佳單局": {
      "局": [
        3
      ],
      "分數": 346
    },
    "最佳單趟": {
      "趟": [
        "第3局第3趟",
        "第8局第5趟"
      ],
      "分數": 60
    },
    "穩定度(單局標準差)": 5.604437725786792,
    "單局高低差": 18,
    "平均每趟分數": 56.31944444444444,
    "最後12趟平均": 55.666666666666664
  },
  "round_arrows": {
    "第1局箭值": [
      [
        "10",
        "10",
        "10",
        "10",
        "10",
        "9"
      ],
      [
        "X",
        "X",
        "10",
        "9",
        "9",
        "8"
      ],
      [
        "X",
        "X",
        "10",
        "9",
        "9",
        "9"
      ],
      [
        "X",
        "10",
        "10",
        "9",
        "9",
        "9"
      ],
      [
        "X",
        "X",
        "10",
        "10",
        "10",
        "9"
      ],
      [
        "10",
        "10",
        "10",
        "9",
        "9",
        "9"
      ]
    ],
    "第2局箭值": [
      [
        "X",
        "X",
        "10",
        "10",
        "8",
        "8"
      ],
      [
        "X",
        "10",
        "10",
        "10",
        "9",
        "8"
      ],
      [
        "X",
        "X",
        "X",
        "10",
        "10",
        "9"
      ],
      [
        "X",
        "X",
        "X",
        "X",
        "10",
        "9"
      ],
      [
        "10",
        "10",
        "9",
        "9",
        "9",
        "8"
      ],
      [
        "10",
        "9",
        "9",
        "9",
        "9",
        "9"
      ]
    ],
    "第3局箭值": [
      [
        "X",
        "10",
        "9",
        "9",
        "9",
        "9"
      ],
      [
        "X",
        "10",
        "10",
        "10",
        "10",
        "9"
      ],
      [
        "X",
        "X",
        "X",
        "X",
        "10",
        "10"
      ],
      [
        "X",
        "9",
        "9",
        "9",
        "9",
        "9"
      ],
      [
        "X",
        "X",
        "10",
        "9",
        "9",
        "9"
      ],
      [
        "X",
        "10",
        "10",
        "10",
        "10",
        "9"
      ]
    ],
    "第4局箭值": [
      [
        "10",
        "10",
        "10",
        "9",
        "9",
        "9"
      ],
      [
        "X",
        "10",
        "9",
        "9",
        "9",
        "8"
      ],
      [
        "X",
        "10",
        "10",
        "9",
        "8",
        "8"
      ],
      [
        "10",
        "9",
        "9",
        "9",
        "8",
        "7"
      ],
      [
        "X",
        "10",
        "10",
        "9",
        "9",
        "8"
      ],
      [
        "X",
        "9",
        "9",
        "9",
        "8",
        "8"
      ]
    ],
    "第5局箭值": [
      [
        "X",
        "X",
        "10",
        "9",
        "9",
        "8"
      ],
      [
        "10",
        "10",
        "9",
        "9",
        "9",
        "8"
      ],
      [
        "10",
        "10",
        "9",
        "9",
        "9",
        "9"
      ],
      [
        "X",
        "10",
        "10",
        "9",
        "9",
        "9"
      ],
      [
        "10",
        "10",
        "10",
        "10",
        "9",
        "8"
      ],
      [
        "X",
        "10",
        "10",
        "9",
        "9",
        "9"
      ]
    ],
    "第6局箭值": [
      [
        "10",
        "10",
        "9",
        "9",
        "9",
        "9"
      ],
      [
        "X",
        "X",
        "10",
        "10",
        "9",
        "9"
      ],
      [
        "X",
        "10",
        "9",
        "9",
        "9",
        "8"
      ],
      [
        "X",
        "X",
        "10",
        "10",
        "10",
        "9"
      ],
      [
        "X",
        "10",
        "10",
        "9",
        "9",
        "9"
      ],
      [
        "X",
        "X",
        "10",
        "9",
        "9",
        "9"
      ]
    ],
    "第7局箭值": [
      [
        "X",
        "10",
        "10",
        "9",
        "9",
        "9"
      ],
      [
        "X",
        "X",
        "10",
        "9",
        "9",
        "7"
      ],
      [
        "X",
        "10",
        "10",
        "9",
        "9",
        "8"
      ],
      [
        "X",
        "10",
        "10",
        "9",
        "9",
        "9"
      ],
      [
        "X",
        "X",
        "X",
        "10",
        "9",
        "8"
      ],
      [
        "X",
        "X",
        "9",
        "9",
        "9",
        "7"
      ]
    ],