{
  "id": "228ae2f3a25a64a7",
  "name": "劉欣潔",
  "unit": "國立陽明交大附中",
  "bow": "反曲弓",
  "group": "反曲弓女生",
  "stats": {
    "總名次": 50,
    "總箭數": 432,
    "總分": 3532,
    "分布": {
      "X": 16,
      "10": 50,
      "9": 134,
      "紅圈(7&8)": 181,
      "藍圈(5&6)": 47,
      "M": 1,
      "黃圈(9/10/X)": 200,
      "黑圈(3&4)": 3,
      "白圈(1&2)": 0
    },
    "平均箭值": 8.175925925925926,
    "10分命中率": 0.1527777777777778,
    "9分以上命中率": 0.46296296296296297,
    "10中X比例": 0.24242424242424243,
    "單局分數(12)": [
      305,
      307,
      291,
      304,
      302,
      309,
      285,
      279,
      274,
      294,
      280,
      302
    ],
    "雙局分數(6)": [
      612,
      595,
      611,
      564,
      568,
      582
    ],
    "每趟分數(72)": [
      52,
      57,
      50,
      48,
      48,
      50,
      52,
      47,
      56,
      50,
      51,
      51,
      53,
      51,
      43,
      45,
      47,
      52,
      48,
      50,
      52,
      53,
      52,
      49,
      50,
      50,
      52,
      54,
      50,
      46,
      53,
      48,
      49,
      49,
      54,
      56,
      45,
      52,
      45,
      45,
      50,
      48,
      48,
      46,
      44,
      43,
      50,
      48,
      38,
      55,
      40,
      48,
      47,
      46,
      43,
      49,
      51,
      54,
      47,
      50,
      34,
      53,
      49,
      49,
      45,
      50,
      55,
      47,
      49,
      52,
      47,
      52
    ],
    "每趟標籤": [
      "第1局第1趟",
      "第1局第2趟",
      "第1局第3趟",
      "第1局第4趟",
      "第1局第5趟",
      "第1局第6趟",
      "第2局第1趟",
      "第2局第2趟",
      "第2局第3趟",
      "第2局第4趟",
      "第2局第5趟",
      "第2局第6趟",
      "第3局第1趟",
      "第3局第2趟",
      "第3局第3趟",
      "第3局第4趟",
      "第3局第5趟",
      "第3局第6趟",
      "第4局第1趟",
      "第4局第2趟",
      "第4局第3趟",
      "第4局第4趟",
      "第4局第5趟",
      "第4局第6趟",
      "第5局第1趟",
      "第5局第2趟",
      "第5局第3趟",
      "第5局第4趟",
      "第5局第5趟",
      "第5局第6趟",
      "第6局第1趟",
      "第6局第2趟",
      "第6局第3趟",
      "第6局第4趟",
      "第6局第5趟",
      "第6局第6趟",
      "第7局第1趟",
      "第7局第2趟",
      "第7局第3趟",
      "第7局第4趟",
      "第7局第5趟",
      "第7局第6趟",
      "第8局第1趟",
      "第8局第2趟",
      "第8局第3趟",
      "第8局第4趟",
      "第8局第5趟",
      "第8局第6趟",
      "第9局第1趟",
      "第9局第2趟",
      "第9局第3趟",
      "第9局第4趟",
      "第9局第5趟",
      "第9局第6趟",
      "第10局第1趟",
      "第10局第2趟",
      "第10局第3趟",
      "第10局第4趟",
      "第10局第5趟",
      "第10局第6趟",
      "第11局第1趟",
      "第11局第2趟",
      "第11局第3趟",
      "第11局第4趟",
      "第11局第5趟",
      "第11局第6趟",
      "第12局第1趟",
      "第12局第2趟",
      "第12局第3趟",
      "第12局第4趟",
      "第12局第5趟",
      "第12局第6趟"
    ],
    "最佳單局": {
      "局": [
        6
      ],
      "分數": 309
    },
    "最佳單趟": {
      "趟": [
        "第1局第2趟"
      ],
      "分數": 57
    },
    "穩定度(單局標準差)": 11.735511161522629,
    "單局高低差": 35,
    "平均每趟分數": 49.05555555555556,
    "最後12趟平均": 48.5
  },
  "round_arrows": {
    "第1局箭值": [
      [
        "10",
        "9",
        "9",
        "9",
        "9",
        "6"
      ],
      [
        "X",
        "X",
        "10",
        "9",
        "9",
        "9"
      ],
      [
        "9",
        "9",
        "9",
        "8",
        "8",
        "7"
      ],
      [
        "9",
        "9",
        "8",
        "8",
        "7",
        "7"
      ],
      [
        "9",
        "9",
        "8",
        "8",
        "8",
        "6"
      ],
      [
        "9",
        "9",
        "9",
        "8",
        "8",
        "7"
      ]
    ],
    "第2局箭值": [
      [
        "X",
        "X",
        "9",
        "8",
        "8",
        "7"
      ],
      [
        "10",
        "8",
        "8",
        "8",
        "8",
        "5"
      ],
      [
        "X",
        "10",
        "10",
        "9",
        "9",
        "8"
      ],
      [
        "10",
        "9",
        "8",
        "8",
        "8",
        "7"
      ],
      [
        "9",
        "9",
        "9",
        "8",
        "8",
        "8"
      ],
      [
        "X",
        "9",
        "9",
        "8",
        "8",
        "7"
      ]
    ],
    "第3局箭值": [
      [
        "X",
        "10",
        "9",
        "8",
        "8",
        "8"
      ],
      [
        "9",
        "9",
        "9",
        "8",
        "8",
        "8"
      ],
      [
        "9",
        "8",
        "8",
        "7",
        "6",
        "5"
      ],
      [
        "9",
        "9",
        "9",
        "7",
        "6",
        "5"
      ],
      [
        "10",
        "8",
        "8",
        "8",
        "7",
        "6"
      ],
      [
        "9",
        "9",
        "9",
        "9",
        "8",
        "8"
      ]
    ],
    "第4局箭值": [
      [
        "9",
        "8",
        "8",
        "8",
        "8",
        "7"
      ],
      [
        "9",
        "9",
        "8",
        "8",
        "8",
        "8"
      ],
      [
        "X",
        "9",
        "9",
        "9",
        "8",
        "7"
      ],
      [
        "10",
        "9",
        "9",
        "9",
        "8",
        "8"
      ],
      [
        "X",
        "10",
        "9",
        "9",
        "7",
        "7"
      ],
      [
        "X",
        "10",
        "9",
        "8",
        "6",
        "6"
      ]
    ],
    "第5局箭值": [
      [
        "10",
        "9",
        "9",
        "8",
        "7",
        "7"
      ],
      [
        "9",
        "9",
        "9",
        "8",
        "8",
        "7"
      ],
      [
        "X",
        "10",
        "9",
        "9",
        "8",
        "6"
      ],
      [
        "X",
        "10",
        "9",
        "9",
        "8",
        "8"
      ],
      [
        "10",
        "9",
        "9",
        "8",
        "7",
        "7"
      ],
      [
        "10",
        "9",
        "7",
        "7",
        "7",
        "6"
      ]
    ],
    "第6局箭值": [
      [
        "10",
        "10",
        "10",
        "9",
        "8",
        "6"
      ],
      [
        "9",
        "9",
        "8",
        "8",
        "7",
        "7"
      ],
      [
        "9",
        "9",
        "9",
        "8",
        "7",
        "7"
      ],
      [
        "10",
        "9",
        "9",
        "8",
        "7",
        "6"
      ],
      [
        "10",
        "10",
        "9",
        "9",
        "8",
        "8"
      ],
      [
        "X",
        "10",
        "9",
        "9",
        "9",
        "9"
      ]
    ],
    "第7局箭值": [
      [
        "9",
        "8",
        "8",
        "7",
        "7",
        "6"
      ],
      [
        "X",
        "9",
        "9",
        "9",
        "8",
        "7"
      ],
      [
        "9",
        "9",
        "8",
        "7",
        "6",
        "6"
      ],
      [
        "10",
        "9",
        "8",
        "7",
        "7",
        "4"
      ],
      [
        "10",
        "8",
        "8",
        "8",
        "8",
        "8"
      ],
      [
        "9",
        "9",
        "9",
        "8",
        "7",
        "6"
      ]
    ],