{
  "id": "2516a27e99d9e2d1",
  "name": "方謙和",
  "unit": "國立體育大學",
  "bow": "複合弓",
  "group": "複合弓男生",
  "stats": {
    "總名次": 22,
    "總箭數": 432,
    "總分": 4102,
    "分布": {
      "X": 86,
      "10": 165,
      "9": 157,
      "紅圈(7&8)": 21,
      "藍圈(5&6)": 2,
      "M": 1,
      "黃圈(9/10/X)": 408,
      "黑圈(3&4)": 0,
      "白圈(1&2)": 0
    },
    "平均箭值": 9.49537037037037,
    "10分命中率": 0.5810185185185185,
    "9分以上命中率": 0.9444444444444444,
    "10中X比例": 0.3426294820717131,
    "單局分數(12)": [
      338,
      342,
      341,
      346,
      343,
      351,
      349,
      346,
      346,
      338,
      325,
      337
    ],
    "雙局分數(6)": [
      680,
      687,
      694,
      695,
      684,
      662
    ],
    "每趟分數(72)": [
      53,
      58,
      57,
      55,
      55,
      60,
      57,
      59,
      57,
      56,
      57,
      56,
      53,
      59,
      57,
      57,
      56,
      59,
      59,
      60,
      57,
      58,
      58,
      54,
      58,
      57,
      57,
      55,
      58,
      58,
      60,
      59,
      58,
      58,
      58,
      58,
      58,
      60,
      59,
      56,
      57,
      59,
      59,
      56,
      58,
      58,
      58,
      57,
      57,
      57,
      57,
      59,
      56,
      60,
      59,
      55,
      58,
      56,
      58,
      52,
      54,
      54,
      48,
      57,
      57,
      55,
      55,
      57,
      57,
      54,
      56,
      58
    ],
    "每趟標籤": [
      "第1局第1趟",
      "第1局第2趟",
      "第1局第3趟",
      "第1局第4趟",
      "第1局第5趟",
      "第1局第6趟",
      "第2局第1趟",
      "第2局第2趟",
      "第2局第3趟",
      "第2局第4趟",
      "第2局第5趟",
      "第2局第6趟",
      "第3局第1趟",
      "第3局第2趟",
      "第3局第3趟",
      "第3局第4趟",
      "第3局第5趟",
      "第3局第6趟",
      "第4局第1趟",
      "第4局第2趟",
      "第4局第3趟",
      "第4局第4趟",
      "第4局第5趟",
      "第4局第6趟",
      "第5局第1趟",
      "第5局第2趟",
      "第5局第3趟",
      "第5局第4趟",
      "第5局第5趟",
      "第5局第6趟",
      "第6局第1趟",
      "第6局第2趟",
      "第6局第3趟",
      "第6局第4趟",
      "第6局第5趟",
      "第6局第6趟",
      "第7局第1趟",
      "第7局第2趟",
      "第7局第3趟",
      "第7局第4趟",
      "第7局第5趟",
      "第7局第6趟",
      "第8局第1趟",
      "第8局第2趟",
      "第8局第3趟",
      "第8局第4趟",
      "第8局第5趟",
      "第8局第6趟",
      "第9局第1趟",
      "第9局第2趟",
      "第9局第3趟",
      "第9局第4趟",
      "第9局第5趟",
      "第9局第6趟",
      "第10局第1趟",
      "第10局第2趟",
      "第10局第3趟",
      "第10局第4趟",
      "第10局第5趟",
      "第10局第6趟",
      "第11局第1趟",
      "第11局第2趟",
      "第11局第3趟",
      "第11局第4趟",
      "第11局第5趟",
      "第11局第6趟",
      "第12局第1趟",
      "第12局第2趟",
      "第12局第3趟",
      "第12局第4趟",
      "第12局第5趟",
      "第12局第6趟"
    ],
    "最佳單局": {
      "局": [
        6
      ],
      "分數": 351
    },
    "最佳單趟": {
      "趟": [
        "第1局第6趟",
        "第4局第2趟",
        "第6局第1趟",
        "第7局第2趟",
        "第9局第6趟"
      ],
      "分數": 60
    },
    "穩定度(單局標準差)": 6.618576550554926,
    "單局高低差": 26,
    "平均每趟分數": 56.97222222222222,
    "最後12趟平均": 55.166666666666664
  },
  "round_arrows": {
    "第1局箭值": [
      [
        "9",
        "9",
        "9",
        "9",
        "9",
        "8"
      ],
      [
        "X",
        "10",
        "10",
        "10",
        "9",
        "9"
      ],
      [
        "X",
        "X",
        "X",
        "9",
        "9",
        "9"
      ],
      [
        "10",
        "9",
        "9",
        "9",
        "9",
        "9"
      ],
      [
        "10",
        "10",
        "9",
        "9",
        "9",
        "8"
      ],
      [
        "X",
        "10",
        "10",
        "10",
        "10",
        "10"
      ]
    ],
    "第2局箭值": [
      [
        "X",
        "10",
        "10",
        "9",
        "9",
        "9"
      ],
      [
        "X",
        "10",
        "10",
        "10",
        "10",
        "9"
      ],
      [
        "X",
        "10",
        "10",
        "9",
        "9",
        "9"
      ],
      [
        "X",
        "10",
        "10",
        "9",
        "9",
        "8"
      ],
      [
        "10",
        "10",
        "10",
        "9",
        "9",
        "9"
      ],
      [
        "10",
        "10",
        "10",
        "9",
        "9",
        "8"
      ]
    ],
    "第3局箭值": [
      [
        "10",
        "10",
        "9",
        "9",
        "9",
        "6"
      ],
      [
        "10",
        "10",
        "10",
        "10",
        "10",
        "9"
      ],
      [
        "X",
        "X",
        "10",
        "9",
        "9",
        "9"
      ],
      [
        "X",
        "X",
        "X",
        "9",
        "9",
        "9"
      ],
      [
        "X",
        "10",
        "9",
        "9",
        "9",
        "9"
      ],
      [
        "X",
        "X",
        "10",
        "10",
        "10",
        "9"
      ]
    ],
    "第4局箭值": [
      [
        "X",
        "10",
        "10",
        "10",
        "10",
        "9"
      ],
      [
        "X",
        "X",
        "10",
        "10",
        "10",
        "10"
      ],
      [
        "X",
        "X",
        "10",
        "10",
        "9",
        "8"
      ],
      [
        "X",
        "10",
        "10",
        "10",
        "9",
        "9"
      ],
      [
        "X",
        "10",
        "10",
        "10",
        "9",
        "9"
      ],
      [
        "10",
        "9",
        "9",
        "9",
        "9",
        "8"
      ]
    ],
    "第5局箭值": [
      [
        "X",
        "X",
        "X",
        "10",
        "9",
        "9"
      ],
      [
        "X",
        "10",
        "10",
        "9",
        "9",
        "9"
      ],
      [
        "X",
        "X",
        "X",
        "9",
        "9",
        "9"
      ],
      [
        "X",
        "10",
        "10",
        "10",
        "9",
        "6"
      ],
      [
        "X",
        "X",
        "X",
        "X",
        "9",
        "9"
      ],
      [
        "10",
        "10",
        "10",
        "10",
        "9",
        "9"
      ]
    ],
    "第6局箭值": [
      [
        "10",
        "10",
        "10",
        "10",
        "10",
        "10"
      ],
      [
        "X",
        "X",
        "10",
        "10",
        "10",
        "9"
      ],
      [
        "X",
        "10",
        "10",
        "10",
        "9",
        "9"
      ],
      [
        "X",
        "10",
        "10",
        "10",
        "9",
        "9"
      ],
      [
        "10",
        "10",
        "10",
        "10",
        "9",
        "9"
      ],
      [
        "X",
        "X",
        "10",
        "10",
        "9",
        "9"
      ]
    ],
    "第7局箭值": [
      [
        "X",
        "X",
        "10",
        "10",
        "9",
        "9"
      ],
      [
        "X",
        "X",
        "10",
        "10",
        "10",
        "10"
      ],
      [
        "X",
        "X",
        "X",
        "10",
        "10",
        "9"
      ],
      [
        "10",
        "10",
        "10",
        "9",
        "9",
        "8"
      ],
      [
        "X",
        "10",
        "10",
        "9",
        "9",
        "9"
      ],
      [
        "X",
        "10",
        "10",
        "10",
        "10",
        "9"
      ]
    ],