{
  "id": "2d5ab1f2f61e1e55",
  "name": "蕭孟維",
  "unit": null,
  "bow": "反曲弓",
  "group": "反曲弓男生",
  "stats": {
    "總名次": null,
    "總箭數": 432,
    "總分": 574,
    "分布": {
      "X": 0,
      "10": 10,
      "9": 21,
      "紅圈(7&8)": 32,
      "藍圈(5&6)": 7,
      "M": 361,
      "黃圈(9/10/X)": 31,
      "黑圈(3&4)": 1,
      "白圈(1&2)": 0
    },
    "平均箭值": 1.3287037037037037,
    "10分命中率": 0.023148148148148147,
    "9分以上命中率": 0.07175925925925926,
    "10中X比例": 0.0,
    "單局分數(12)": [
      290,
      284,
      0,
      0,
      0,
      0,
      0,
      0,
      0,
      0,
      0,
      0
    ],
    "雙局分數(6)": [
      574,
      0,
      0,
      0,
      0,
      0
    ],
    "每趟分數(72)": [
      49,
      51,
      51,
      49,
      54,
      36,
      45,
      44,
      52,
      46,
      48,
      49,
      0,
      0,
      0,
      0,
      0,
      0,
      0,
      0,
      0,
      0,
      0,
      0,
      0,
      0,
      0,
      0,
      0,
      0,
      0,
      0,
      0,
      0,
      0,
      0,
      0,
      0,
      0,
      0,
      0,
      0,
      0,
      0,
      0,
      0,
      0,
      0,
      0,
      0,
      0,
      0,
      0,
      0,
      0,
      0,
      0,
      0,
      0,
      0,
      0,
      0,
      0,
      0,
      0,
      0,
      0,
      0,
      0,
      0,
      0,
      0
    ],
    "每趟標籤": [
      "第1局第1趟",
      "第1局第2趟",
      "第1局第3趟",
      "第1局第4趟",
      "第1局第5趟",
      "第1局第6趟",
      "第2局第1趟",
      "第2局第2趟",
      "第2局第3趟",
      "第2局第4趟",
      "第2局第5趟",
      "第2局第6趟",
      "第3局第1趟",
      "第3局第2趟",
      "第3局第3趟",
      "第3局第4趟",
      "第3局第5趟",
      "第3局第6趟",
      "第4局第1趟",
      "第4局第2趟",
      "第4局第3趟",
      "第4局第4趟",
      "第4局第5趟",
      "第4局第6趟",
      "第5局第1趟",
      "第5局第2趟",
      "第5局第3趟",
      "第5局第4趟",
      "第5局第5趟",
      "第5局第6趟",
      "第6局第1趟",
      "第6局第2趟",
      "第6局第3趟",
      "第6局第4趟",
      "第6局第5趟",
      "第6局第6趟",
      "第7局第1趟",
      "第7局第2趟",
      "第7局第3趟",
      "第7局第4趟",
      "第7局第5趟",
      "第7局第6趟",
      "第8局第1趟",
      "第8局第2趟",
      "第8局第3趟",
      "第8局第4趟",
      "第8局第5趟",
      "第8局第6趟",
      "第9局第1趟",
      "第9局第2趟",
      "第9局第3趟",
      "第9局第4趟",
      "第9局第5趟",
      "第9局第6趟",
      "第10局第1趟",
      "第10局第2趟",
      "第10局第3趟",
      "第10局第4趟",
      "第10局第5趟",
      "第10局第6趟",
      "第11局第1趟",
      "第11局第2趟",
      "第11局第3趟",
      "第11局第4趟",
      "第11局第5趟",
      "第11局第6趟",
      "第12局第1趟",
      "第12局第2趟",
      "第12局第3趟",
      "第12局第4趟",
      "第12局第5趟",
      "第12局第6趟"
    ],
    "最佳單局": {
      "局": [
        1
      ],
      "分數": 290
    },
    "最佳單趟": {
      "趟": [
        "第1局第5趟"
      ],
      "分數": 54
    },
    "穩定度(單局標準差)": 106.96559675376419,
    "單局高低差": 290,
    "平均每趟分數": 7.972222222222222,
    "最後12趟平均": 0.0
  },
  "round_arrows": {
    "第1局箭值": [
      [
        "10",
        "10",
        "8",
        "8",
        "7",
        "6"
      ],
      [
        "10",
        "9",
        "9",
        "8",
        "8",
        "7"
      ],
      [
        "10",
        "9",
        "9",
        "9",
        "7",
        "7"
      ],
      [
        "9",
        "9",
        "9",
        "8",
        "8",
        "6"
      ],
      [
        "10",
        "10",
        "9",
        "9",
        "9",
        "7"
      ],
      [
        "9",
        "9",
        "8",
        "7",
        "3",
        "M"
      ]
    ],
    "第2局箭值": [
      [
        "10",
        "8",
        "8",
        "7",
        "6",
        "6"
      ],
      [
        "8",
        "8",
        "8",
        "7",
        "7",
        "6"
      ],
      [
        "9",
        "9",
        "9",
        "9",
        "8",
        "8"
      ],
      [
        "9",
        "9",
        "7",
        "7",
        "7",
        "7"
      ],
      [
        "10",
        "10",
        "8",
        "7",
        "7",
        "6"
      ],
      [
        "10",
        "9",
        "9",
        "8",
        "7",
        "6"
      ]
    ],
    "第3局箭值": [
      [
        "M",
        "M",
        "M",
        "M",
        "M",
        "M"
      ],
      [
        "M",
        "M",
        "M",
        "M",
        "M",
        "M"
      ],
      [
        "M",
        "M",
        "M",
        "M",
        "M",
        "M"
      ],
      [
        "M",
        "M",
        "M",
        "M",
        "M",
        "M"
      ],
      [
        "M",
        "M",
        "M",
        "M",
        "M",
        "M"
      ],
      [
        "M",
        "M",
        "M",
        "M",
        "M",
        "M"
      ]
    ],
    "第4局箭值": [
      [
        "M",
        "M",
        "M",
        "M",
        "M",
        "M"
      ],
      [
        "M",
        "M",
        "M",
        "M",
        "M",
        "M"
      ],
      [
        "M",
        "M",
        "M",
        "M",
        "M",
        "M"
      ],
      [
        "M",
        "M",
        "M",
        "M",
        "M",
        "M"
      ],
      [
        "M",
        "M",
        "M",
        "M",
        "M",
        "M"
      ],
      [
        "M",
        "M",
        "M",
        "M",
        "M",
        "M"
      ]
    ],
    "第5局箭值": [
      [
        "M",
        "M",
        "M",
        "M",
        "M",
        "M"
      ],
      [
        "M",
        "M",
        "M",
        "M",
        "M",
        "M"
      ],
      [
        "M",
        "M",
        "M",
        "M",
        "M",
        "M"
      ],
      [
        "M",
        "M",
        "M",
        "M",
        "M",
        "M"
      ],
      [
        "M",
        "M",
        "M",
        "M",
        "M",
        "M"
      ],
      [
        "M",
        "M",
        "M",
        "M",
        "M",
        "M"
      ]
    ],
    "第6局箭值": [
      [
        "M",
        "M",
        "M",
        "M",
        "M",
        "M"
      ],
      [
        "M",
        "M",
        "M",
        "M",
        "M",
        "M"
      ],
      [
        "M",
        "M",
        "M",
        "M",
        "M",
        "M"
      ],
      [
        "M",
        "M",
        "M",
        "M",
        "M",
        "M"
      ],
      [
        "M",
        "M",
        "M",
        "M",
        "M",
        "M"
      ],
      [
        "M",
        "M",
        "M",
        "M",
        "M",
        "M"
      ]
    ],
    "第7局箭值": [
      [
        "",
        "",
        "",
        "",
        "",
        ""
      ],
      [
        "",
        "",
        "",
        "",
        "",
        ""
      ],
      [
        "",
        "",
        "",
        "",
        "",
        ""
      ],
      [
        "",
        "",
        "",
        "",
        "",
        ""
      ],
      [
        "",
        "",
        "",
        "",
        "",
        ""
      ],
      [
        "",
        "",
        "",
        "",
        "",
        ""
      ]
    ],