{
  "id": "38c3d9aa6c953d67",
  "name": "陳盈華",
  "unit": "臺北市立大學",
  "bow": "反曲弓",
  "group": "反曲弓男生",
  "stats": {
    "總名次": 24,
    "總箭數": 432,
    "總分": 3894,
    "分布": {
      "X": 41,
      "10": 96,
      "9": 192,
      "紅圈(7&8)": 101,
      "藍圈(5&6)": 2,
      "M": 0,
      "黃圈(9/10/X)": 329,
      "黑圈(3&4)": 0,
      "白圈(1&2)": 0
    },
    "平均箭值": 9.01388888888889,
    "10分命中率": 0.31712962962962965,
    "9分以上命中率": 0.7615740740740741,
    "10中X比例": 0.29927007299270075,
    "單局分數(12)": [
      328,
      327,
      317,
      321,
      328,
      331,
      330,
      324,
      328,
      324,
      326,
      310
    ],
    "雙局分數(6)": [
      655,
      638,
      659,
      654,
      652,
      636
    ],
    "每趟分數(72)": [
      56,
      52,
      53,
      57,
      56,
      54,
      54,
      57,
      52,
      55,
      56,
      53,
      54,
      56,
      50,
      54,
      49,
      54,
      55,
      55,
      52,
      52,
      57,
      50,
      56,
      52,
      53,
      58,
      54,
      55,
      54,
      54,
      55,
      55,
      57,
      56,
      55,
      57,
      51,
      56,
      54,
      57,
      57,
      55,
      53,
      53,
      53,
      53,
      58,
      55,
      55,
      52,
      55,
      53,
      53,
      52,
      52,
      57,
      54,
      56,
      57,
      54,
      57,
      55,
      52,
      51,
      53,
      48,
      51,
      50,
      56,
      52
    ],
    "每趟標籤": [
      "第1局第1趟",
      "第1局第2趟",
      "第1局第3趟",
      "第1局第4趟",
      "第1局第5趟",
      "第1局第6趟",
      "第2局第1趟",
      "第2局第2趟",
      "第2局第3趟",
      "第2局第4趟",
      "第2局第5趟",
      "第2局第6趟",
      "第3局第1趟",
      "第3局第2趟",
      "第3局第3趟",
      "第3局第4趟",
      "第3局第5趟",
      "第3局第6趟",
      "第4局第1趟",
      "第4局第2趟",
      "第4局第3趟",
      "第4局第4趟",
      "第4局第5趟",
      "第4局第6趟",
      "第5局第1趟",
      "第5局第2趟",
      "第5局第3趟",
      "第5局第4趟",
      "第5局第5趟",
      "第5局第6趟",
      "第6局第1趟",
      "第6局第2趟",
      "第6局第3趟",
      "第6局第4趟",
      "第6局第5趟",
      "第6局第6趟",
      "第7局第1趟",
      "第7局第2趟",
      "第7局第3趟",
      "第7局第4趟",
      "第7局第5趟",
      "第7局第6趟",
      "第8局第1趟",
      "第8局第2趟",
      "第8局第3趟",
      "第8局第4趟",
      "第8局第5趟",
      "第8局第6趟",
      "第9局第1趟",
      "第9局第2趟",
      "第9局第3趟",
      "第9局第4趟",
      "第9局第5趟",
      "第9局第6趟",
      "第10局第1趟",
      "第10局第2趟",
      "第10局第3趟",
      "第10局第4趟",
      "第10局第5趟",
      "第10局第6趟",
      "第11局第1趟",
      "第11局第2趟",
      "第11局第3趟",
      "第11局第4趟",
      "第11局第5趟",
      "第11局第6趟",
      "第12局第1趟",
      "第12局第2趟",
      "第12局第3趟",
      "第12局第4趟",
      "第12局第5趟",
      "第12局第6趟"
    ],
    "最佳單局": {
      "局": [
        6
      ],
      "分數": 331
    },
    "最佳單趟": {
      "趟": [
        "第5局第4趟",
        "第9局第1趟"
      ],
      "分數": 58
    },
    "穩定度(單局標準差)": 5.751811308912466,
    "單局高低差": 21,
    "平均每趟分數": 54.083333333333336,
    "最後12趟平均": 53.0
  },
  "round_arrows": {
    "第1局箭值": [
      [
        "X",
        "10",
        "10",
        "9",
        "9",
        "8"
      ],
      [
        "10",
        "10",
        "9",
        "9",
        "7",
        "7"
      ],
      [
        "10",
        "10",
        "9",
        "9",
        "8",
        "7"
      ],
      [
        "10",
        "10",
        "10",
        "9",
        "9",
        "9"
      ],
      [
        "10",
        "10",
        "9",
        "9",
        "9",
        "9"
      ],
      [
        "10",
        "10",
        "9",
        "9",
        "8",
        "8"
      ]
    ],
    "第2局箭值": [
      [
        "10",
        "10",
        "9",
        "9",
        "8",
        "8"
      ],
      [
        "10",
        "10",
        "10",
        "10",
        "9",
        "8"
      ],
      [
        "9",
        "9",
        "9",
        "9",
        "8",
        "8"
      ],
      [
        "10",
        "10",
        "9",
        "9",
        "9",
        "8"
      ],
      [
        "10",
        "10",
        "9",
        "9",
        "9",
        "9"
      ],
      [
        "10",
        "10",
        "9",
        "9",
        "8",
        "7"
      ]
    ],
    "第3局箭值": [
      [
        "X",
        "9",
        "9",
        "9",
        "9",
        "8"
      ],
      [
        "X",
        "10",
        "9",
        "9",
        "9",
        "9"
      ],
      [
        "X",
        "9",
        "8",
        "8",
        "8",
        "7"
      ],
      [
        "10",
        "9",
        "9",
        "9",
        "9",
        "8"
      ],
      [
        "9",
        "9",
        "8",
        "8",
        "8",
        "7"
      ],
      [
        "X",
        "10",
        "9",
        "9",
        "8",
        "8"
      ]
    ],
    "第4局箭值": [
      [
        "10",
        "10",
        "10",
        "9",
        "8",
        "8"
      ],
      [
        "X",
        "9",
        "9",
        "9",
        "9",
        "9"
      ],
      [
        "X",
        "9",
        "9",
        "8",
        "8",
        "8"
      ],
      [
        "10",
        "10",
        "9",
        "9",
        "7",
        "7"
      ],
      [
        "X",
        "X",
        "X",
        "9",
        "9",
        "9"
      ],
      [
        "10",
        "9",
        "9",
        "8",
        "7",
        "7"
      ]
    ],
    "第5局箭值": [
      [
        "X",
        "10",
        "9",
        "9",
        "9",
        "9"
      ],
      [
        "10",
        "10",
        "9",
        "8",
        "8",
        "7"
      ],
      [
        "10",
        "9",
        "9",
        "9",
        "8",
        "8"
      ],
      [
        "X",
        "X",
        "10",
        "10",
        "9",
        "9"
      ],
      [
        "X",
        "10",
        "9",
        "9",
        "8",
        "8"
      ],
      [
        "10",
        "9",
        "9",
        "9",
        "9",
        "9"
      ]
    ],
    "第6局箭值": [
      [
        "X",
        "9",
        "9",
        "9",
        "9",
        "8"
      ],
      [
        "10",
        "9",
        "9",
        "9",
        "9",
        "8"
      ],
      [
        "10",
        "9",
        "9",
        "9",
        "9",
        "9"
      ],
      [
        "10",
        "10",
        "10",
        "9",
        "8",
        "8"
      ],
      [
        "X",
        "X",
        "10",
        "10",
        "9",
        "8"
      ],
      [
        "X",
        "X",
        "10",
        "9",
        "9",
        "8"
      ]
    ],
    "第7局箭值": [
      [
        "10",
        "10",
        "9",
        "9",
        "9",
        "8"
      ],
      [
        "10",
        "10",
        "10",
        "9",
        "9",
        "9"
      ],
      [
        "X",
        "10",
        "9",
        "9",
        "8",
        "5"
      ],
      [
        "X",
        "X",
        "10",
        "10",
        "8",
        "8"
      ],
      [
        "X",
        "X",
        "9",
        "9",
        "9",
        "7"
      ],
      [
        "10",
        "10",
        "10",
        "10",
        "9",
        "8"
      ]
    ],