{
  "id": "39fe101a46120094",
  "name": "陳良峻",
  "unit": "新北明德高中",
  "bow": "反曲弓",
  "group": "反曲弓男生",
  "stats": {
    "總名次": 40,
    "總箭數": 432,
    "總分": 3764,
    "分布": {
      "X": 24,
      "10": 76,
      "9": 174,
      "紅圈(7&8)": 149,
      "藍圈(5&6)": 7,
      "M": 0,
      "黃圈(9/10/X)": 274,
      "黑圈(3&4)": 2,
      "白圈(1&2)": 0
    },
    "平均箭值": 8.712962962962964,
    "10分命中率": 0.23148148148148148,
    "9分以上命中率": 0.6342592592592593,
    "10中X比例": 0.24,
    "單局分數(12)": [
      302,
      320,
      319,
      317,
      318,
      307,
      323,
      330,
      302,
      316,
      310,
      300
    ],
    "雙局分數(6)": [
      622,
      636,
      625,
      653,
      618,
      610
    ],
    "每趟分數(72)": [
      48,
      45,
      50,
      55,
      55,
      49,
      51,
      53,
      56,
      50,
      55,
      55,
      47,
      58,
      56,
      53,
      52,
      53,
      51,
      52,
      54,
      50,
      55,
      55,
      54,
      49,
      55,
      54,
      53,
      53,
      51,
      51,
      53,
      52,
      48,
      52,
      54,
      53,
      54,
      54,
      53,
      55,
      55,
      55,
      55,
      56,
      54,
      55,
      51,
      54,
      51,
      53,
      50,
      43,
      51,
      56,
      54,
      52,
      51,
      52,
      52,
      55,
      47,
      52,
      51,
      53,
      51,
      47,
      51,
      46,
      54,
      51
    ],
    "每趟標籤": [
      "第1局第1趟",
      "第1局第2趟",
      "第1局第3趟",
      "第1局第4趟",
      "第1局第5趟",
      "第1局第6趟",
      "第2局第1趟",
      "第2局第2趟",
      "第2局第3趟",
      "第2局第4趟",
      "第2局第5趟",
      "第2局第6趟",
      "第3局第1趟",
      "第3局第2趟",
      "第3局第3趟",
      "第3局第4趟",
      "第3局第5趟",
      "第3局第6趟",
      "第4局第1趟",
      "第4局第2趟",
      "第4局第3趟",
      "第4局第4趟",
      "第4局第5趟",
      "第4局第6趟",
      "第5局第1趟",
      "第5局第2趟",
      "第5局第3趟",
      "第5局第4趟",
      "第5局第5趟",
      "第5局第6趟",
      "第6局第1趟",
      "第6局第2趟",
      "第6局第3趟",
      "第6局第4趟",
      "第6局第5趟",
      "第6局第6趟",
      "第7局第1趟",
      "第7局第2趟",
      "第7局第3趟",
      "第7局第4趟",
      "第7局第5趟",
      "第7局第6趟",
      "第8局第1趟",
      "第8局第2趟",
      "第8局第3趟",
      "第8局第4趟",
      "第8局第5趟",
      "第8局第6趟",
      "第9局第1趟",
      "第9局第2趟",
      "第9局第3趟",
      "第9局第4趟",
      "第9局第5趟",
      "第9局第6趟",
      "第10局第1趟",
      "第10局第2趟",
      "第10局第3趟",
      "第10局第4趟",
      "第10局第5趟",
      "第10局第6趟",
      "第11局第1趟",
      "第11局第2趟",
      "第11局第3趟",
      "第11局第4趟",
      "第11局第5趟",
      "第11局第6趟",
      "第12局第1趟",
      "第12局第2趟",
      "第12局第3趟",
      "第12局第4趟",
      "第12局第5趟",
      "第12局第6趟"
    ],
    "最佳單局": {
      "局": [
        8
      ],
      "分數": 330
    },
    "最佳單趟": {
      "趟": [
        "第3局第2趟"
      ],
      "分數": 58
    },
    "穩定度(單局標準差)": 9.012337223063849,
    "單局高低差": 30,
    "平均每趟分數": 52.27777777777778,
    "最後12趟平均": 50.833333333333336
  },
  "round_arrows": {
    "第1局箭值": [
      [
        "9",
        "8",
        "8",
        "8",
        "8",
        "7"
      ],
      [
        "8",
        "8",
        "8",
        "7",
        "7",
        "7"
      ],
      [
        "9",
        "9",
        "9",
        "8",
        "8",
        "7"
      ],
      [
        "X",
        "10",
        "9",
        "9",
        "9",
        "8"
      ],
      [
        "10",
        "9",
        "9",
        "9",
        "9",
        "9"
      ],
      [
        "10",
        "10",
        "9",
        "8",
        "6",
        "6"
      ]
    ],
    "第2局箭值": [
      [
        "10",
        "9",
        "9",
        "8",
        "8",
        "7"
      ],
      [
        "X",
        "9",
        "9",
        "9",
        "8",
        "8"
      ],
      [
        "10",
        "10",
        "10",
        "9",
        "9",
        "8"
      ],
      [
        "9",
        "9",
        "9",
        "8",
        "8",
        "7"
      ],
      [
        "X",
        "9",
        "9",
        "9",
        "9",
        "9"
      ],
      [
        "10",
        "10",
        "10",
        "9",
        "9",
        "7"
      ]
    ],
    "第3局箭值": [
      [
        "9",
        "8",
        "8",
        "8",
        "7",
        "7"
      ],
      [
        "X",
        "10",
        "10",
        "10",
        "9",
        "9"
      ],
      [
        "10",
        "10",
        "10",
        "9",
        "9",
        "8"
      ],
      [
        "10",
        "9",
        "9",
        "9",
        "8",
        "8"
      ],
      [
        "10",
        "9",
        "9",
        "8",
        "8",
        "8"
      ],
      [
        "10",
        "9",
        "9",
        "9",
        "8",
        "8"
      ]
    ],
    "第4局箭值": [
      [
        "X",
        "10",
        "8",
        "8",
        "8",
        "7"
      ],
      [
        "10",
        "9",
        "9",
        "9",
        "8",
        "7"
      ],
      [
        "10",
        "10",
        "10",
        "9",
        "8",
        "7"
      ],
      [
        "9",
        "9",
        "9",
        "9",
        "8",
        "6"
      ],
      [
        "10",
        "10",
        "9",
        "9",
        "9",
        "8"
      ],
      [
        "X",
        "10",
        "10",
        "9",
        "8",
        "8"
      ]
    ],
    "第5局箭值": [
      [
        "10",
        "10",
        "10",
        "9",
        "8",
        "7"
      ],
      [
        "9",
        "9",
        "9",
        "8",
        "7",
        "7"
      ],
      [
        "10",
        "10",
        "9",
        "9",
        "9",
        "8"
      ],
      [
        "10",
        "10",
        "9",
        "9",
        "9",
        "7"
      ],
      [
        "10",
        "10",
        "9",
        "9",
        "8",
        "7"
      ],
      [
        "10",
        "9",
        "9",
        "9",
        "8",
        "8"
      ]
    ],
    "第6局箭值": [
      [
        "10",
        "9",
        "8",
        "8",
        "8",
        "8"
      ],
      [
        "10",
        "9",
        "9",
        "8",
        "8",
        "7"
      ],
      [
        "10",
        "9",
        "9",
        "9",
        "8",
        "8"
      ],
      [
        "10",
        "10",
        "9",
        "8",
        "8",
        "7"
      ],
      [
        "X",
        "X",
        "8",
        "8",
        "8",
        "4"
      ],
      [
        "9",
        "9",
        "9",
        "9",
        "8",
        "8"
      ]
    ],
    "第7局箭值": [
      [
        "9",
        "9",
        "9",
        "9",
        "9",
        "9"
      ],
      [
        "9",
        "9",
        "9",
        "9",
        "9",
        "8"
      ],
      [
        "10",
        "9",
        "9",
        "9",
        "9",
        "8"
      ],
      [
        "X",
        "X",
        "9",
        "9",
        "9",
        "7"
      ],
      [
        "X",
        "X",
        "9",
        "9",
        "8",
        "7"
      ],
      [
        "10",
        "10",
        "9",
        "9",
        "9",
        "8"
      ]
    ],