{
  "id": "3d533240d2d8748c",
  "name": "詹紫媚",
  "unit": "國立體育大學",
  "bow": "反曲弓",
  "group": "反曲弓女生",
  "stats": {
    "總名次": 37,
    "總箭數": 432,
    "總分": 3677,
    "分布": {
      "X": 26,
      "10": 64,
      "9": 164,
      "紅圈(7&8)": 152,
      "藍圈(5&6)": 18,
      "M": 0,
      "黃圈(9/10/X)": 254,
      "黑圈(3&4)": 6,
      "白圈(1&2)": 2
    },
    "平均箭值": 8.511574074074074,
    "10分命中率": 0.20833333333333334,
    "9分以上命中率": 0.5879629629629629,
    "10中X比例": 0.28888888888888886,
    "單局分數(12)": [
      294,
      310,
      307,
      314,
      310,
      317,
      310,
      303,
      307,
      308,
      295,
      302
    ],
    "雙局分數(6)": [
      604,
      621,
      627,
      613,
      615,
      597
    ],
    "每趟分數(72)": [
      46,
      45,
      53,
      47,
      51,
      52,
      49,
      56,
      46,
      53,
      53,
      53,
      46,
      51,
      53,
      55,
      50,
      52,
      51,
      49,
      53,
      54,
      55,
      52,
      46,
      49,
      54,
      50,
      54,
      57,
      51,
      56,
      53,
      55,
      51,
      51,
      51,
      50,
      53,
      49,
      54,
      53,
      52,
      52,
      48,
      51,
      48,
      52,
      45,
      54,
      54,
      50,
      50,
      54,
      53,
      52,
      45,
      55,
      54,
      49,
      46,
      52,
      51,
      50,
      50,
      46,
      50,
      52,
      46,
      51,
      51,
      52
    ],
    "每趟標籤": [
      "第1局第1趟",
      "第1局第2趟",
      "第1局第3趟",
      "第1局第4趟",
      "第1局第5趟",
      "第1局第6趟",
      "第2局第1趟",
      "第2局第2趟",
      "第2局第3趟",
      "第2局第4趟",
      "第2局第5趟",
      "第2局第6趟",
      "第3局第1趟",
      "第3局第2趟",
      "第3局第3趟",
      "第3局第4趟",
      "第3局第5趟",
      "第3局第6趟",
      "第4局第1趟",
      "第4局第2趟",
      "第4局第3趟",
      "第4局第4趟",
      "第4局第5趟",
      "第4局第6趟",
      "第5局第1趟",
      "第5局第2趟",
      "第5局第3趟",
      "第5局第4趟",
      "第5局第5趟",
      "第5局第6趟",
      "第6局第1趟",
      "第6局第2趟",
      "第6局第3趟",
      "第6局第4趟",
      "第6局第5趟",
      "第6局第6趟",
      "第7局第1趟",
      "第7局第2趟",
      "第7局第3趟",
      "第7局第4趟",
      "第7局第5趟",
      "第7局第6趟",
      "第8局第1趟",
      "第8局第2趟",
      "第8局第3趟",
      "第8局第4趟",
      "第8局第5趟",
      "第8局第6趟",
      "第9局第1趟",
      "第9局第2趟",
      "第9局第3趟",
      "第9局第4趟",
      "第9局第5趟",
      "第9局第6趟",
      "第10局第1趟",
      "第10局第2趟",
      "第10局第3趟",
      "第10局第4趟",
      "第10局第5趟",
      "第10局第6趟",
      "第11局第1趟",
      "第11局第2趟",
      "第11局第3趟",
      "第11局第4趟",
      "第11局第5趟",
      "第11局第6趟",
      "第12局第1趟",
      "第12局第2趟",
      "第12局第3趟",
      "第12局第4趟",
      "第12局第5趟",
      "第12局第6趟"
    ],
    "最佳單局": {
      "局": [
        6
      ],
      "分數": 317
    },
    "最佳單趟": {
      "趟": [
        "第5局第6趟"
      ],
      "分數": 57
    },
    "穩定度(單局標準差)": 6.626441143043694,
    "單局高低差": 23,
    "平均每趟分數": 51.06944444444444,
    "最後12趟平均": 49.75
  },
  "round_arrows": {
    "第1局箭值": [
      [
        "9",
        "9",
        "9",
        "9",
        "7",
        "3"
      ],
      [
        "10",
        "9",
        "8",
        "7",
        "6",
        "5"
      ],
      [
        "X",
        "10",
        "9",
        "9",
        "8",
        "7"
      ],
      [
        "10",
        "10",
        "9",
        "8",
        "6",
        "4"
      ],
      [
        "10",
        "9",
        "9",
        "8",
        "8",
        "7"
      ],
      [
        "10",
        "9",
        "9",
        "9",
        "8",
        "7"
      ]
    ],
    "第2局箭值": [
      [
        "X",
        "9",
        "8",
        "8",
        "7",
        "7"
      ],
      [
        "10",
        "10",
        "10",
        "9",
        "9",
        "8"
      ],
      [
        "10",
        "9",
        "9",
        "8",
        "8",
        "2"
      ],
      [
        "X",
        "9",
        "9",
        "9",
        "8",
        "8"
      ],
      [
        "X",
        "9",
        "9",
        "9",
        "9",
        "7"
      ],
      [
        "X",
        "10",
        "9",
        "8",
        "8",
        "8"
      ]
    ],
    "第3局箭值": [
      [
        "9",
        "8",
        "8",
        "8",
        "7",
        "6"
      ],
      [
        "X",
        "9",
        "9",
        "9",
        "8",
        "6"
      ],
      [
        "9",
        "9",
        "9",
        "9",
        "9",
        "8"
      ],
      [
        "10",
        "10",
        "9",
        "9",
        "9",
        "8"
      ],
      [
        "9",
        "9",
        "8",
        "8",
        "8",
        "8"
      ],
      [
        "10",
        "9",
        "9",
        "8",
        "8",
        "8"
      ]
    ],
    "第4局箭值": [
      [
        "10",
        "10",
        "9",
        "8",
        "7",
        "7"
      ],
      [
        "10",
        "9",
        "8",
        "8",
        "7",
        "7"
      ],
      [
        "10",
        "9",
        "9",
        "9",
        "8",
        "8"
      ],
      [
        "X",
        "10",
        "9",
        "9",
        "8",
        "8"
      ],
      [
        "X",
        "10",
        "10",
        "9",
        "8",
        "8"
      ],
      [
        "10",
        "9",
        "9",
        "9",
        "8",
        "7"
      ]
    ],
    "第5局箭值": [
      [
        "9",
        "9",
        "8",
        "8",
        "7",
        "5"
      ],
      [
        "9",
        "8",
        "8",
        "8",
        "8",
        "8"
      ],
      [
        "X",
        "X",
        "10",
        "9",
        "9",
        "6"
      ],
      [
        "9",
        "9",
        "9",
        "9",
        "8",
        "6"
      ],
      [
        "10",
        "9",
        "9",
        "9",
        "9",
        "8"
      ],
      [
        "X",
        "X",
        "10",
        "9",
        "9",
        "9"
      ]
    ],
    "第6局箭值": [
      [
        "10",
        "10",
        "9",
        "8",
        "7",
        "7"
      ],
      [
        "10",
        "10",
        "10",
        "9",
        "9",
        "8"
      ],
      [
        "X",
        "9",
        "9",
        "9",
        "8",
        "8"
      ],
      [
        "X",
        "10",
        "10",
        "9",
        "9",
        "7"
      ],
      [
        "10",
        "10",
        "10",
        "10",
        "8",
        "3"
      ],
      [
        "9",
        "9",
        "9",
        "9",
        "8",
        "7"
      ]
    ],
    "第7局箭值": [
      [
        "10",
        "9",
        "9",
        "9",
        "7",
        "7"
      ],
      [
        "9",
        "9",
        "9",
        "8",
        "8",
        "7"
      ],
      [
        "X",
        "10",
        "9",
        "8",
        "8",
        "8"
      ],
      [
        "10",
        "10",
        "9",
        "9",
        "8",
        "3"
      ],
      [
        "10",
        "9",
        "9",
        "9",
        "9",
        "8"
      ],
      [
        "10",
        "9",
        "9",
        "9",
        "8",
        "8"
      ]
    ],