{
  "id": "3f950855d776ace5",
  "name": "林嘉妤",
  "unit": "國立清華大學",
  "bow": "反曲弓",
  "group": "反曲弓女生",
  "stats": {
    "總名次": 14,
    "總箭數": 432,
    "總分": 3863,
    "分布": {
      "X": 41,
      "10": 88,
      "9": 183,
      "紅圈(7&8)": 116,
      "藍圈(5&6)": 4,
      "M": 0,
      "黃圈(9/10/X)": 312,
      "黑圈(3&4)": 0,
      "白圈(1&2)": 0
    },
    "平均箭值": 8.94212962962963,
    "10分命中率": 0.2986111111111111,
    "9分以上命中率": 0.7222222222222222,
    "10中X比例": 0.3178294573643411,
    "單局分數(12)": [
      330,
      322,
      321,
      317,
      323,
      329,
      324,
      319,
      321,
      322,
      321,
      314
    ],
    "雙局分數(6)": [
      652,
      638,
      652,
      643,
      643,
      635
    ],
    "每趟分數(72)": [
      56,
      54,
      55,
      54,
      56,
      55,
      56,
      52,
      54,
      54,
      52,
      54,
      53,
      53,
      52,
      54,
      54,
      55,
      57,
      51,
      52,
      50,
      51,
      56,
      49,
      55,
      56,
      55,
      56,
      52,
      56,
      55,
      57,
      52,
      57,
      52,
      52,
      56,
      55,
      52,
      55,
      54,
      53,
      53,
      53,
      54,
      52,
      54,
      52,
      51,
      53,
      54,
      55,
      56,
      53,
      52,
      53,
      54,
      55,
      55,
      53,
      55,
      54,
      52,
      54,
      53,
      54,
      50,
      54,
      50,
      52,
      54
    ],
    "每趟標籤": [
      "第1局第1趟",
      "第1局第2趟",
      "第1局第3趟",
      "第1局第4趟",
      "第1局第5趟",
      "第1局第6趟",
      "第2局第1趟",
      "第2局第2趟",
      "第2局第3趟",
      "第2局第4趟",
      "第2局第5趟",
      "第2局第6趟",
      "第3局第1趟",
      "第3局第2趟",
      "第3局第3趟",
      "第3局第4趟",
      "第3局第5趟",
      "第3局第6趟",
      "第4局第1趟",
      "第4局第2趟",
      "第4局第3趟",
      "第4局第4趟",
      "第4局第5趟",
      "第4局第6趟",
      "第5局第1趟",
      "第5局第2趟",
      "第5局第3趟",
      "第5局第4趟",
      "第5局第5趟",
      "第5局第6趟",
      "第6局第1趟",
      "第6局第2趟",
      "第6局第3趟",
      "第6局第4趟",
      "第6局第5趟",
      "第6局第6趟",
      "第7局第1趟",
      "第7局第2趟",
      "第7局第3趟",
      "第7局第4趟",
      "第7局第5趟",
      "第7局第6趟",
      "第8局第1趟",
      "第8局第2趟",
      "第8局第3趟",
      "第8局第4趟",
      "第8局第5趟",
      "第8局第6趟",
      "第9局第1趟",
      "第9局第2趟",
      "第9局第3趟",
      "第9局第4趟",
      "第9局第5趟",
      "第9局第6趟",
      "第10局第1趟",
      "第10局第2趟",
      "第10局第3趟",
      "第10局第4趟",
      "第10局第5趟",
      "第10局第6趟",
      "第11局第1趟",
      "第11局第2趟",
      "第11局第3趟",
      "第11局第4趟",
      "第11局第5趟",
      "第11局第6趟",
      "第12局第1趟",
      "第12局第2趟",
      "第12局第3趟",
      "第12局第4趟",
      "第12局第5趟",
      "第12局第6趟"
    ],
    "最佳單局": {
      "局": [
        1
      ],
      "分數": 330
    },
    "最佳單趟": {
      "趟": [
        "第4局第1趟",
        "第6局第3趟",
        "第6局第5趟"
      ],
      "分數": 57
    },
    "穩定度(單局標準差)": 4.271189009579833,
    "單局高低差": 16,
    "平均每趟分數": 53.65277777777778,
    "最後12趟平均": 52.916666666666664
  },
  "round_arrows": {
    "第1局箭值": [
      [
        "X",
        "10",
        "9",
        "9",
        "9",
        "9"
      ],
      [
        "X",
        "X",
        "10",
        "9",
        "8",
        "7"
      ],
      [
        "10",
        "10",
        "10",
        "10",
        "8",
        "7"
      ],
      [
        "10",
        "10",
        "10",
        "9",
        "8",
        "7"
      ],
      [
        "X",
        "10",
        "10",
        "10",
        "8",
        "8"
      ],
      [
        "X",
        "10",
        "9",
        "9",
        "9",
        "8"
      ]
    ],
    "第2局箭值": [
      [
        "X",
        "10",
        "9",
        "9",
        "9",
        "9"
      ],
      [
        "X",
        "9",
        "9",
        "8",
        "8",
        "8"
      ],
      [
        "10",
        "9",
        "9",
        "9",
        "9",
        "8"
      ],
      [
        "10",
        "10",
        "10",
        "9",
        "8",
        "7"
      ],
      [
        "10",
        "9",
        "9",
        "9",
        "9",
        "6"
      ],
      [
        "X",
        "9",
        "9",
        "9",
        "9",
        "8"
      ]
    ],
    "第3局箭值": [
      [
        "X",
        "10",
        "9",
        "8",
        "8",
        "8"
      ],
      [
        "10",
        "9",
        "9",
        "9",
        "8",
        "8"
      ],
      [
        "9",
        "9",
        "9",
        "9",
        "8",
        "8"
      ],
      [
        "10",
        "10",
        "9",
        "9",
        "8",
        "8"
      ],
      [
        "10",
        "10",
        "9",
        "9",
        "8",
        "8"
      ],
      [
        "X",
        "10",
        "10",
        "9",
        "9",
        "7"
      ]
    ],
    "第4局箭值": [
      [
        "X",
        "X",
        "10",
        "10",
        "9",
        "8"
      ],
      [
        "9",
        "9",
        "9",
        "9",
        "8",
        "7"
      ],
      [
        "9",
        "9",
        "9",
        "9",
        "9",
        "7"
      ],
      [
        "10",
        "9",
        "8",
        "8",
        "8",
        "7"
      ],
      [
        "X",
        "X",
        "9",
        "8",
        "8",
        "6"
      ],
      [
        "10",
        "10",
        "9",
        "9",
        "9",
        "9"
      ]
    ],
    "第5局箭值": [
      [
        "9",
        "9",
        "9",
        "8",
        "7",
        "7"
      ],
      [
        "X",
        "10",
        "10",
        "9",
        "8",
        "8"
      ],
      [
        "X",
        "10",
        "10",
        "9",
        "9",
        "8"
      ],
      [
        "X",
        "10",
        "9",
        "9",
        "9",
        "8"
      ],
      [
        "X",
        "10",
        "10",
        "9",
        "9",
        "8"
      ],
      [
        "X",
        "9",
        "9",
        "9",
        "8",
        "7"
      ]
    ],
    "第6局箭值": [
      [
        "X",
        "X",
        "9",
        "9",
        "9",
        "9"
      ],
      [
        "X",
        "10",
        "9",
        "9",
        "9",
        "8"
      ],
      [
        "X",
        "10",
        "10",
        "9",
        "9",
        "9"
      ],
      [
        "10",
        "9",
        "9",
        "9",
        "8",
        "7"
      ],
      [
        "X",
        "X",
        "10",
        "10",
        "9",
        "8"
      ],
      [
        "9",
        "9",
        "9",
        "9",
        "8",
        "8"
      ]
    ],
    "第7局箭值": [
      [
        "X",
        "9",
        "9",
        "8",
        "8",
        "8"
      ],
      [
        "X",
        "10",
        "9",
        "9",
        "9",
        "9"
      ],
      [
        "10",
        "10",
        "10",
        "9",
        "9",
        "7"
      ],
      [
        "9",
        "9",
        "9",
        "9",
        "9",
        "7"
      ],
      [
        "X",
        "10",
        "9",
        "9",
        "9",
        "8"
      ],
      [
        "10",
        "9",
        "9",
        "9",
        "9",
        "8"
      ]
    ],