{
  "id": "4167def0b4a25572",
  "name": "林昱全",
  "unit": "中國文化大學",
  "bow": "複合弓",
  "group": "複合弓男生",
  "stats": {
    "總名次": 10,
    "總箭數": 432,
    "總分": 4167,
    "分布": {
      "X": 125,
      "10": 166,
      "9": 129,
      "紅圈(7&8)": 12,
      "藍圈(5&6)": 0,
      "M": 0,
      "黃圈(9/10/X)": 420,
      "黑圈(3&4)": 0,
      "白圈(1&2)": 0
    },
    "平均箭值": 9.645833333333334,
    "10分命中率": 0.6736111111111112,
    "9分以上命中率": 0.9722222222222222,
    "10中X比例": 0.42955326460481097,
    "單局分數(12)": [
      346,
      345,
      350,
      348,
      350,
      350,
      350,
      350,
      342,
      350,
      342,
      344
    ],
    "雙局分數(6)": [
      691,
      698,
      700,
      700,
      692,
      686
    ],
    "每趟分數(72)": [
      58,
      57,
      59,
      58,
      57,
      57,
      58,
      55,
      58,
      55,
      59,
      60,
      59,
      58,
      57,
      57,
      60,
      59,
      58,
      60,
      56,
      58,
      59,
      57,
      59,
      57,
      59,
      59,
      58,
      58,
      57,
      60,
      59,
      59,
      59,
      56,
      59,
      58,
      59,
      58,
      57,
      59,
      59,
      58,
      58,
      58,
      58,
      59,
      56,
      55,
      58,
      59,
      57,
      57,
      59,
      58,
      56,
      58,
      59,
      60,
      55,
      56,
      58,
      57,
      59,
      57,
      57,
      55,
      57,
      57,
      59,
      59
    ],
    "每趟標籤": [
      "第1局第1趟",
      "第1局第2趟",
      "第1局第3趟",
      "第1局第4趟",
      "第1局第5趟",
      "第1局第6趟",
      "第2局第1趟",
      "第2局第2趟",
      "第2局第3趟",
      "第2局第4趟",
      "第2局第5趟",
      "第2局第6趟",
      "第3局第1趟",
      "第3局第2趟",
      "第3局第3趟",
      "第3局第4趟",
      "第3局第5趟",
      "第3局第6趟",
      "第4局第1趟",
      "第4局第2趟",
      "第4局第3趟",
      "第4局第4趟",
      "第4局第5趟",
      "第4局第6趟",
      "第5局第1趟",
      "第5局第2趟",
      "第5局第3趟",
      "第5局第4趟",
      "第5局第5趟",
      "第5局第6趟",
      "第6局第1趟",
      "第6局第2趟",
      "第6局第3趟",
      "第6局第4趟",
      "第6局第5趟",
      "第6局第6趟",
      "第7局第1趟",
      "第7局第2趟",
      "第7局第3趟",
      "第7局第4趟",
      "第7局第5趟",
      "第7局第6趟",
      "第8局第1趟",
      "第8局第2趟",
      "第8局第3趟",
      "第8局第4趟",
      "第8局第5趟",
      "第8局第6趟",
      "第9局第1趟",
      "第9局第2趟",
      "第9局第3趟",
      "第9局第4趟",
      "第9局第5趟",
      "第9局第6趟",
      "第10局第1趟",
      "第10局第2趟",
      "第10局第3趟",
      "第10局第4趟",
      "第10局第5趟",
      "第10局第6趟",
      "第11局第1趟",
      "第11局第2趟",
      "第11局第3趟",
      "第11局第4趟",
      "第11局第5趟",
      "第11局第6趟",
      "第12局第1趟",
      "第12局第2趟",
      "第12局第3趟",
      "第12局第4趟",
      "第12局第5趟",
      "第12局第6趟"
    ],
    "最佳單局": {
      "局": [
        3,
        5,
        6,
        7,
        8,
        10
      ],
      "分數": 350
    },
    "最佳單趟": {
      "趟": [
        "第2局第6趟",
        "第3局第5趟",
        "第4局第2趟",
        "第6局第2趟",
        "第10局第6趟"
      ],
      "分數": 60
    },
    "穩定度(單局標準差)": 3.139134700306227,
    "單局高低差": 8,
    "平均每趟分數": 57.875,
    "最後12趟平均": 57.166666666666664
  },
  "round_arrows": {
    "第1局箭值": [
      [
        "X",
        "X",
        "X",
        "X",
        "9",
        "9"
      ],
      [
        "X",
        "X",
        "10",
        "9",
        "9",
        "9"
      ],
      [
        "X",
        "X",
        "10",
        "10",
        "10",
        "9"
      ],
      [
        "X",
        "10",
        "10",
        "10",
        "10",
        "8"
      ],
      [
        "10",
        "10",
        "10",
        "9",
        "9",
        "9"
      ],
      [
        "X",
        "X",
        "10",
        "9",
        "9",
        "9"
      ]
    ],
    "第2局箭值": [
      [
        "X",
        "X",
        "10",
        "10",
        "10",
        "8"
      ],
      [
        "X",
        "10",
        "9",
        "9",
        "9",
        "8"
      ],
      [
        "X",
        "X",
        "10",
        "10",
        "10",
        "8"
      ],
      [
        "10",
        "10",
        "9",
        "9",
        "9",
        "8"
      ],
      [
        "X",
        "X",
        "X",
        "X",
        "10",
        "9"
      ],
      [
        "X",
        "X",
        "X",
        "10",
        "10",
        "10"
      ]
    ],
    "第3局箭值": [
      [
        "X",
        "10",
        "10",
        "10",
        "10",
        "9"
      ],
      [
        "X",
        "X",
        "X",
        "10",
        "9",
        "9"
      ],
      [
        "X",
        "X",
        "10",
        "9",
        "9",
        "9"
      ],
      [
        "X",
        "X",
        "10",
        "9",
        "9",
        "9"
      ],
      [
        "X",
        "X",
        "10",
        "10",
        "10",
        "10"
      ],
      [
        "10",
        "10",
        "10",
        "10",
        "10",
        "9"
      ]
    ],
    "第4局箭值": [
      [
        "X",
        "X",
        "10",
        "10",
        "9",
        "9"
      ],
      [
        "X",
        "10",
        "10",
        "10",
        "10",
        "10"
      ],
      [
        "X",
        "X",
        "9",
        "9",
        "9",
        "9"
      ],
      [
        "X",
        "10",
        "10",
        "10",
        "9",
        "9"
      ],
      [
        "X",
        "X",
        "10",
        "10",
        "10",
        "9"
      ],
      [
        "X",
        "10",
        "10",
        "9",
        "9",
        "9"
      ]
    ],
    "第5局箭值": [
      [
        "X",
        "10",
        "10",
        "10",
        "10",
        "9"
      ],
      [
        "10",
        "10",
        "10",
        "9",
        "9",
        "9"
      ],
      [
        "X",
        "X",
        "X",
        "10",
        "10",
        "9"
      ],
      [
        "X",
        "X",
        "10",
        "10",
        "10",
        "9"
      ],
      [
        "X",
        "X",
        "10",
        "10",
        "9",
        "9"
      ],
      [
        "X",
        "10",
        "10",
        "10",
        "9",
        "9"
      ]
    ],
    "第6局箭值": [
      [
        "X",
        "10",
        "10",
        "9",
        "9",
        "9"
      ],
      [
        "X",
        "X",
        "X",
        "10",
        "10",
        "10"
      ],
      [
        "X",
        "10",
        "10",
        "10",
        "10",
        "9"
      ],
      [
        "10",
        "10",
        "10",
        "10",
        "10",
        "9"
      ],
      [
        "X",
        "X",
        "10",
        "10",
        "10",
        "9"
      ],
      [
        "X",
        "10",
        "9",
        "9",
        "9",
        "9"
      ]
    ],
    "第7局箭值": [
      [
        "X",
        "X",
        "10",
        "10",
        "10",
        "9"
      ],
      [
        "X",
        "X",
        "X",
        "10",
        "9",
        "9"
      ],
      [
        "X",
        "X",
        "X",
        "X",
        "10",
        "9"
      ],
      [
        "X",
        "X",
        "10",
        "10",
        "9",
        "9"
      ],
      [
        "X",
        "10",
        "10",
        "9",
        "9",
        "9"
      ],
      [
        "X",
        "10",
        "10",
        "10",
        "10",
        "9"
      ]
    ],