{
  "id": "4608d602d027f47f",
  "name": "蔡秉叡",
  "unit": "中市中港高中",
  "bow": "複合弓",
  "group": "複合弓男生",
  "stats": {
    "總名次": 40,
    "總箭數": 432,
    "總分": 4019,
    "分布": {
      "X": 78,
      "10": 122,
      "9": 172,
      "紅圈(7&8)": 58,
      "藍圈(5&6)": 2,
      "M": 0,
      "黃圈(9/10/X)": 372,
      "黑圈(3&4)": 0,
      "白圈(1&2)": 0
    },
    "平均箭值": 9.30324074074074,
    "10分命中率": 0.46296296296296297,
    "9分以上命中率": 0.8611111111111112,
    "10中X比例": 0.39,
    "單局分數(12)": [
      338,
      336,
      347,
      333,
      334,
      347,
      343,
      337,
      337,
      333,
      312,
      322
    ],
    "雙局分數(6)": [
      674,
      680,
      681,
      680,
      670,
      634
    ],
    "每趟分數(72)": [
      57,
      55,
      55,
      56,
      57,
      58,
      56,
      57,
      55,
      54,
      59,
      55,
      57,
      56,
      57,
      59,
      60,
      58,
      55,
      54,
      56,
      55,
      57,
      56,
      57,
      55,
      55,
      56,
      56,
      55,
      55,
      56,
      60,
      57,
      59,
      60,
      57,
      59,
      56,
      57,
      56,
      58,
      58,
      58,
      56,
      55,
      53,
      57,
      54,
      55,
      58,
      57,
      56,
      57,
      56,
      57,
      54,
      56,
      56,
      54,
      47,
      52,
      50,
      56,
      53,
      54,
      55,
      54,
      52,
      55,
      51,
      55
    ],
    "每趟標籤": [
      "第1局第1趟",
      "第1局第2趟",
      "第1局第3趟",
      "第1局第4趟",
      "第1局第5趟",
      "第1局第6趟",
      "第2局第1趟",
      "第2局第2趟",
      "第2局第3趟",
      "第2局第4趟",
      "第2局第5趟",
      "第2局第6趟",
      "第3局第1趟",
      "第3局第2趟",
      "第3局第3趟",
      "第3局第4趟",
      "第3局第5趟",
      "第3局第6趟",
      "第4局第1趟",
      "第4局第2趟",
      "第4局第3趟",
      "第4局第4趟",
      "第4局第5趟",
      "第4局第6趟",
      "第5局第1趟",
      "第5局第2趟",
      "第5局第3趟",
      "第5局第4趟",
      "第5局第5趟",
      "第5局第6趟",
      "第6局第1趟",
      "第6局第2趟",
      "第6局第3趟",
      "第6局第4趟",
      "第6局第5趟",
      "第6局第6趟",
      "第7局第1趟",
      "第7局第2趟",
      "第7局第3趟",
      "第7局第4趟",
      "第7局第5趟",
      "第7局第6趟",
      "第8局第1趟",
      "第8局第2趟",
      "第8局第3趟",
      "第8局第4趟",
      "第8局第5趟",
      "第8局第6趟",
      "第9局第1趟",
      "第9局第2趟",
      "第9局第3趟",
      "第9局第4趟",
      "第9局第5趟",
      "第9局第6趟",
      "第10局第1趟",
      "第10局第2趟",
      "第10局第3趟",
      "第10局第4趟",
      "第10局第5趟",
      "第10局第6趟",
      "第11局第1趟",
      "第11局第2趟",
      "第11局第3趟",
      "第11局第4趟",
      "第11局第5趟",
      "第11局第6趟",
      "第12局第1趟",
      "第12局第2趟",
      "第12局第3趟",
      "第12局第4趟",
      "第12局第5趟",
      "第12局第6趟"
    ],
    "最佳單局": {
      "局": [
        3,
        6
      ],
      "分數": 347
    },
    "最佳單趟": {
      "趟": [
        "第3局第5趟",
        "第6局第3趟",
        "第6局第6趟"
      ],
      "分數": 60
    },
    "穩定度(單局標準差)": 9.473281139898443,
    "單局高低差": 35,
    "平均每趟分數": 55.81944444444444,
    "最後12趟平均": 52.833333333333336
  },
  "round_arrows": {
    "第1局箭值": [
      [
        "X",
        "10",
        "10",
        "9",
        "9",
        "9"
      ],
      [
        "10",
        "10",
        "9",
        "9",
        "9",
        "8"
      ],
      [
        "10",
        "10",
        "9",
        "9",
        "9",
        "8"
      ],
      [
        "X",
        "10",
        "10",
        "9",
        "9",
        "8"
      ],
      [
        "X",
        "X",
        "X",
        "10",
        "9",
        "8"
      ],
      [
        "X",
        "X",
        "X",
        "10",
        "9",
        "9"
      ]
    ],
    "第2局箭值": [
      [
        "X",
        "10",
        "10",
        "9",
        "9",
        "8"
      ],
      [
        "X",
        "10",
        "10",
        "9",
        "9",
        "9"
      ],
      [
        "10",
        "10",
        "9",
        "9",
        "9",
        "8"
      ],
      [
        "X",
        "10",
        "9",
        "9",
        "8",
        "8"
      ],
      [
        "X",
        "X",
        "X",
        "10",
        "10",
        "9"
      ],
      [
        "10",
        "10",
        "9",
        "9",
        "9",
        "8"
      ]
    ],
    "第3局箭值": [
      [
        "10",
        "10",
        "10",
        "9",
        "9",
        "9"
      ],
      [
        "X",
        "10",
        "9",
        "9",
        "9",
        "9"
      ],
      [
        "10",
        "10",
        "10",
        "9",
        "9",
        "9"
      ],
      [
        "X",
        "10",
        "10",
        "10",
        "10",
        "9"
      ],
      [
        "X",
        "X",
        "X",
        "10",
        "10",
        "10"
      ],
      [
        "X",
        "X",
        "X",
        "10",
        "9",
        "9"
      ]
    ],
    "第4局箭值": [
      [
        "X",
        "10",
        "9",
        "9",
        "9",
        "8"
      ],
      [
        "X",
        "10",
        "10",
        "8",
        "8",
        "8"
      ],
      [
        "X",
        "X",
        "10",
        "10",
        "9",
        "7"
      ],
      [
        "X",
        "10",
        "9",
        "9",
        "9",
        "8"
      ],
      [
        "10",
        "10",
        "10",
        "9",
        "9",
        "9"
      ],
      [
        "10",
        "10",
        "9",
        "9",
        "9",
        "9"
      ]
    ],
    "第5局箭值": [
      [
        "X",
        "10",
        "10",
        "10",
        "9",
        "8"
      ],
      [
        "X",
        "X",
        "X",
        "X",
        "8",
        "7"
      ],
      [
        "10",
        "10",
        "10",
        "9",
        "8",
        "8"
      ],
      [
        "X",
        "10",
        "10",
        "10",
        "8",
        "8"
      ],
      [
        "X",
        "X",
        "9",
        "9",
        "9",
        "9"
      ],
      [
        "X",
        "10",
        "9",
        "9",
        "9",
        "8"
      ]
    ],
    "第6局箭值": [
      [
        "X",
        "10",
        "10",
        "9",
        "8",
        "8"
      ],
      [
        "X",
        "10",
        "9",
        "9",
        "9",
        "9"
      ],
      [
        "X",
        "X",
        "X",
        "10",
        "10",
        "10"
      ],
      [
        "X",
        "10",
        "10",
        "9",
        "9",
        "9"
      ],
      [
        "X",
        "X",
        "10",
        "10",
        "10",
        "9"
      ],
      [
        "X",
        "X",
        "X",
        "X",
        "10",
        "10"
      ]
    ],
    "第7局箭值": [
      [
        "X",
        "X",
        "10",
        "9",
        "9",
        "9"
      ],
      [
        "X",
        "X",
        "X",
        "10",
        "10",
        "9"
      ],
      [
        "10",
        "10",
        "9",
        "9",
        "9",
        "9"
      ],
      [
        "X",
        "10",
        "10",
        "9",
        "9",
        "9"
      ],
      [
        "10",
        "10",
        "9",
        "9",
        "9",
        "9"
      ],
      [
        "X",
        "X",
        "10",
        "10",
        "9",
        "9"
      ]
    ],