{
  "id": "4670bb38cbe9c057",
  "name": "魏均珩",
  "unit": "國立臺灣大學",
  "bow": "反曲弓",
  "group": "反曲弓男生",
  "stats": {
    "總名次": 2,
    "總箭數": 432,
    "總分": 4066,
    "分布": {
      "X": 79,
      "10": 144,
      "9": 169,
      "紅圈(7&8)": 39,
      "藍圈(5&6)": 0,
      "M": 0,
      "黃圈(9/10/X)": 392,
      "黑圈(3&4)": 1,
      "白圈(1&2)": 0
    },
    "平均箭值": 9.412037037037036,
    "10分命中率": 0.5162037037037037,
    "9分以上命中率": 0.9074074074074074,
    "10中X比例": 0.3542600896860987,
    "單局分數(12)": [
      345,
      338,
      340,
      337,
      339,
      347,
      342,
      345,
      339,
      333,
      323,
      338
    ],
    "雙局分數(6)": [
      683,
      677,
      686,
      687,
      672,
      661
    ],
    "每趟分數(72)": [
      59,
      57,
      58,
      56,
      59,
      56,
      57,
      56,
      56,
      59,
      56,
      54,
      57,
      57,
      56,
      58,
      57,
      55,
      58,
      56,
      59,
      56,
      56,
      52,
      57,
      56,
      59,
      56,
      56,
      55,
      56,
      58,
      57,
      59,
      58,
      59,
      54,
      59,
      58,
      59,
      55,
      57,
      56,
      57,
      58,
      60,
      58,
      56,
      56,
      58,
      56,
      56,
      57,
      56,
      54,
      57,
      56,
      55,
      54,
      57,
      48,
      56,
      55,
      56,
      54,
      54,
      57,
      56,
      56,
      58,
      54,
      57
    ],
    "每趟標籤": [
      "第1局第1趟",
      "第1局第2趟",
      "第1局第3趟",
      "第1局第4趟",
      "第1局第5趟",
      "第1局第6趟",
      "第2局第1趟",
      "第2局第2趟",
      "第2局第3趟",
      "第2局第4趟",
      "第2局第5趟",
      "第2局第6趟",
      "第3局第1趟",
      "第3局第2趟",
      "第3局第3趟",
      "第3局第4趟",
      "第3局第5趟",
      "第3局第6趟",
      "第4局第1趟",
      "第4局第2趟",
      "第4局第3趟",
      "第4局第4趟",
      "第4局第5趟",
      "第4局第6趟",
      "第5局第1趟",
      "第5局第2趟",
      "第5局第3趟",
      "第5局第4趟",
      "第5局第5趟",
      "第5局第6趟",
      "第6局第1趟",
      "第6局第2趟",
      "第6局第3趟",
      "第6局第4趟",
      "第6局第5趟",
      "第6局第6趟",
      "第7局第1趟",
      "第7局第2趟",
      "第7局第3趟",
      "第7局第4趟",
      "第7局第5趟",
      "第7局第6趟",
      "第8局第1趟",
      "第8局第2趟",
      "第8局第3趟",
      "第8局第4趟",
      "第8局第5趟",
      "第8局第6趟",
      "第9局第1趟",
      "第9局第2趟",
      "第9局第3趟",
      "第9局第4趟",
      "第9局第5趟",
      "第9局第6趟",
      "第10局第1趟",
      "第10局第2趟",
      "第10局第3趟",
      "第10局第4趟",
      "第10局第5趟",
      "第10局第6趟",
      "第11局第1趟",
      "第11局第2趟",
      "第11局第3趟",
      "第11局第4趟",
      "第11局第5趟",
      "第11局第6趟",
      "第12局第1趟",
      "第12局第2趟",
      "第12局第3趟",
      "第12局第4趟",
      "第12局第5趟",
      "第12局第6趟"
    ],
    "最佳單局": {
      "局": [
        6
      ],
      "分數": 347
    },
    "最佳單趟": {
      "趟": [
        "第8局第4趟"
      ],
      "分數": 60
    },
    "穩定度(單局標準差)": 6.080478782318233,
    "單局高低差": 24,
    "平均每趟分數": 56.47222222222222,
    "最後12趟平均": 55.083333333333336
  },
  "round_arrows": {
    "第1局箭值": [
      [
        "10",
        "10",
        "10",
        "10",
        "10",
        "9"
      ],
      [
        "X",
        "10",
        "10",
        "9",
        "9",
        "9"
      ],
      [
        "X",
        "10",
        "10",
        "10",
        "10",
        "8"
      ],
      [
        "10",
        "10",
        "9",
        "9",
        "9",
        "9"
      ],
      [
        "X",
        "10",
        "10",
        "10",
        "10",
        "9"
      ],
      [
        "X",
        "10",
        "10",
        "9",
        "9",
        "8"
      ]
    ],
    "第2局箭值": [
      [
        "X",
        "10",
        "10",
        "10",
        "9",
        "8"
      ],
      [
        "10",
        "10",
        "9",
        "9",
        "9",
        "9"
      ],
      [
        "X",
        "X",
        "10",
        "10",
        "9",
        "7"
      ],
      [
        "X",
        "10",
        "10",
        "10",
        "10",
        "9"
      ],
      [
        "X",
        "10",
        "10",
        "9",
        "9",
        "8"
      ],
      [
        "X",
        "10",
        "9",
        "9",
        "8",
        "8"
      ]
    ],
    "第3局箭值": [
      [
        "10",
        "10",
        "10",
        "9",
        "9",
        "9"
      ],
      [
        "X",
        "X",
        "10",
        "9",
        "9",
        "9"
      ],
      [
        "X",
        "10",
        "10",
        "9",
        "9",
        "8"
      ],
      [
        "X",
        "X",
        "X",
        "10",
        "9",
        "9"
      ],
      [
        "10",
        "10",
        "10",
        "9",
        "9",
        "9"
      ],
      [
        "X",
        "10",
        "9",
        "9",
        "9",
        "8"
      ]
    ],
    "第4局箭值": [
      [
        "X",
        "X",
        "10",
        "10",
        "9",
        "9"
      ],
      [
        "10",
        "10",
        "9",
        "9",
        "9",
        "9"
      ],
      [
        "X",
        "10",
        "10",
        "10",
        "10",
        "9"
      ],
      [
        "10",
        "10",
        "9",
        "9",
        "9",
        "9"
      ],
      [
        "10",
        "10",
        "9",
        "9",
        "9",
        "9"
      ],
      [
        "10",
        "9",
        "9",
        "8",
        "8",
        "8"
      ]
    ],
    "第5局箭值": [
      [
        "10",
        "10",
        "10",
        "9",
        "9",
        "9"
      ],
      [
        "X",
        "10",
        "10",
        "9",
        "9",
        "8"
      ],
      [
        "X",
        "10",
        "10",
        "10",
        "10",
        "9"
      ],
      [
        "X",
        "X",
        "10",
        "9",
        "9",
        "8"
      ],
      [
        "X",
        "10",
        "9",
        "9",
        "9",
        "9"
      ],
      [
        "10",
        "9",
        "9",
        "9",
        "9",
        "9"
      ]
    ],
    "第6局箭值": [
      [
        "X",
        "X",
        "X",
        "9",
        "9",
        "8"
      ],
      [
        "X",
        "10",
        "10",
        "10",
        "9",
        "9"
      ],
      [
        "X",
        "X",
        "X",
        "9",
        "9",
        "9"
      ],
      [
        "X",
        "X",
        "X",
        "X",
        "10",
        "9"
      ],
      [
        "X",
        "X",
        "X",
        "10",
        "9",
        "9"
      ],
      [
        "X",
        "10",
        "10",
        "10",
        "10",
        "9"
      ]
    ],
    "第7局箭值": [
      [
        "9",
        "9",
        "9",
        "9",
        "9",
        "9"
      ],
      [
        "X",
        "10",
        "10",
        "10",
        "10",
        "9"
      ],
      [
        "X",
        "10",
        "10",
        "10",
        "9",
        "9"
      ],
      [
        "X",
        "10",
        "10",
        "10",
        "10",
        "9"
      ],
      [
        "10",
        "9",
        "9",
        "9",
        "9",
        "9"
      ],
      [
        "X",
        "10",
        "10",
        "10",
        "9",
        "8"
      ]
    ],