{
  "id": "4ada149b589abe6c",
  "name": "袁叔琪",
  "unit": "竹縣博愛國小",
  "bow": "反曲弓",
  "group": "反曲弓女生",
  "stats": {
    "總名次": 42,
    "總箭數": 432,
    "總分": 3652,
    "分布": {
      "X": 26,
      "10": 50,
      "9": 166,
      "紅圈(7&8)": 164,
      "藍圈(5&6)": 22,
      "M": 1,
      "黃圈(9/10/X)": 242,
      "黑圈(3&4)": 1,
      "白圈(1&2)": 2
    },
    "平均箭值": 8.453703703703704,
    "10分命中率": 0.17592592592592593,
    "9分以上命中率": 0.5601851851851852,
    "10中X比例": 0.34210526315789475,
    "單局分數(12)": [
      306,
      298,
      301,
      308,
      300,
      312,
      315,
      313,
      300,
      304,
      303,
      292
    ],
    "雙局分數(6)": [
      604,
      609,
      612,
      628,
      604,
      595
    ],
    "每趟分數(72)": [
      49,
      49,
      53,
      50,
      54,
      51,
      50,
      42,
      54,
      48,
      56,
      48,
      52,
      43,
      53,
      55,
      50,
      48,
      50,
      52,
      51,
      51,
      53,
      51,
      47,
      49,
      47,
      54,
      52,
      51,
      53,
      54,
      52,
      49,
      53,
      51,
      56,
      54,
      47,
      55,
      51,
      52,
      54,
      51,
      51,
      53,
      53,
      51,
      53,
      52,
      53,
      52,
      41,
      49,
      54,
      51,
      48,
      52,
      49,
      50,
      49,
      54,
      46,
      51,
      49,
      54,
      48,
      51,
      48,
      44,
      50,
      51
    ],
    "每趟標籤": [
      "第1局第1趟",
      "第1局第2趟",
      "第1局第3趟",
      "第1局第4趟",
      "第1局第5趟",
      "第1局第6趟",
      "第2局第1趟",
      "第2局第2趟",
      "第2局第3趟",
      "第2局第4趟",
      "第2局第5趟",
      "第2局第6趟",
      "第3局第1趟",
      "第3局第2趟",
      "第3局第3趟",
      "第3局第4趟",
      "第3局第5趟",
      "第3局第6趟",
      "第4局第1趟",
      "第4局第2趟",
      "第4局第3趟",
      "第4局第4趟",
      "第4局第5趟",
      "第4局第6趟",
      "第5局第1趟",
      "第5局第2趟",
      "第5局第3趟",
      "第5局第4趟",
      "第5局第5趟",
      "第5局第6趟",
      "第6局第1趟",
      "第6局第2趟",
      "第6局第3趟",
      "第6局第4趟",
      "第6局第5趟",
      "第6局第6趟",
      "第7局第1趟",
      "第7局第2趟",
      "第7局第3趟",
      "第7局第4趟",
      "第7局第5趟",
      "第7局第6趟",
      "第8局第1趟",
      "第8局第2趟",
      "第8局第3趟",
      "第8局第4趟",
      "第8局第5趟",
      "第8局第6趟",
      "第9局第1趟",
      "第9局第2趟",
      "第9局第3趟",
      "第9局第4趟",
      "第9局第5趟",
      "第9局第6趟",
      "第10局第1趟",
      "第10局第2趟",
      "第10局第3趟",
      "第10局第4趟",
      "第10局第5趟",
      "第10局第6趟",
      "第11局第1趟",
      "第11局第2趟",
      "第11局第3趟",
      "第11局第4趟",
      "第11局第5趟",
      "第11局第6趟",
      "第12局第1趟",
      "第12局第2趟",
      "第12局第3趟",
      "第12局第4趟",
      "第12局第5趟",
      "第12局第6趟"
    ],
    "最佳單局": {
      "局": [
        7
      ],
      "分數": 315
    },
    "最佳單趟": {
      "趟": [
        "第2局第5趟",
        "第7局第1趟"
      ],
      "分數": 56
    },
    "穩定度(單局標準差)": 6.497862896539309,
    "單局高低差": 23,
    "平均每趟分數": 50.72222222222222,
    "最後12趟平均": 49.583333333333336
  },
  "round_arrows": {
    "第1局箭值": [
      [
        "9",
        "9",
        "9",
        "9",
        "8",
        "5"
      ],
      [
        "10",
        "10",
        "9",
        "9",
        "7",
        "4"
      ],
      [
        "X",
        "9",
        "9",
        "9",
        "9",
        "7"
      ],
      [
        "10",
        "8",
        "8",
        "8",
        "8",
        "8"
      ],
      [
        "10",
        "10",
        "10",
        "9",
        "9",
        "6"
      ],
      [
        "10",
        "10",
        "9",
        "8",
        "8",
        "6"
      ]
    ],
    "第2局箭值": [
      [
        "9",
        "9",
        "8",
        "8",
        "8",
        "8"
      ],
      [
        "9",
        "9",
        "8",
        "8",
        "7",
        "1"
      ],
      [
        "10",
        "9",
        "9",
        "9",
        "9",
        "8"
      ],
      [
        "X",
        "10",
        "8",
        "7",
        "7",
        "6"
      ],
      [
        "X",
        "10",
        "10",
        "9",
        "9",
        "8"
      ],
      [
        "9",
        "9",
        "8",
        "8",
        "7",
        "7"
      ]
    ],
    "第3局箭值": [
      [
        "9",
        "9",
        "9",
        "9",
        "8",
        "8"
      ],
      [
        "9",
        "9",
        "9",
        "8",
        "8",
        "M"
      ],
      [
        "10",
        "9",
        "9",
        "9",
        "8",
        "8"
      ],
      [
        "X",
        "10",
        "9",
        "9",
        "9",
        "8"
      ],
      [
        "10",
        "9",
        "9",
        "8",
        "8",
        "6"
      ],
      [
        "10",
        "8",
        "8",
        "8",
        "7",
        "7"
      ]
    ],
    "第4局箭值": [
      [
        "10",
        "9",
        "9",
        "9",
        "8",
        "5"
      ],
      [
        "10",
        "10",
        "9",
        "8",
        "8",
        "7"
      ],
      [
        "10",
        "9",
        "9",
        "9",
        "8",
        "6"
      ],
      [
        "X",
        "9",
        "9",
        "8",
        "8",
        "7"
      ],
      [
        "X",
        "9",
        "9",
        "9",
        "8",
        "8"
      ],
      [
        "9",
        "9",
        "9",
        "8",
        "8",
        "8"
      ]
    ],
    "第5局箭值": [
      [
        "9",
        "8",
        "8",
        "8",
        "7",
        "7"
      ],
      [
        "9",
        "9",
        "8",
        "8",
        "8",
        "7"
      ],
      [
        "9",
        "9",
        "8",
        "8",
        "8",
        "5"
      ],
      [
        "X",
        "10",
        "10",
        "9",
        "8",
        "7"
      ],
      [
        "X",
        "X",
        "10",
        "8",
        "7",
        "7"
      ],
      [
        "X",
        "10",
        "9",
        "9",
        "7",
        "6"
      ]
    ],
    "第6局箭值": [
      [
        "X",
        "10",
        "9",
        "9",
        "8",
        "7"
      ],
      [
        "X",
        "9",
        "9",
        "9",
        "9",
        "8"
      ],
      [
        "X",
        "10",
        "9",
        "9",
        "7",
        "7"
      ],
      [
        "9",
        "8",
        "8",
        "8",
        "8",
        "8"
      ],
      [
        "X",
        "9",
        "9",
        "9",
        "8",
        "8"
      ],
      [
        "X",
        "10",
        "9",
        "9",
        "8",
        "5"
      ]
    ],
    "第7局箭值": [
      [
        "10",
        "10",
        "9",
        "9",
        "9",
        "9"
      ],
      [
        "10",
        "10",
        "9",
        "9",
        "8",
        "8"
      ],
      [
        "9",
        "8",
        "8",
        "8",
        "7",
        "7"
      ],
      [
        "X",
        "10",
        "9",
        "9",
        "9",
        "8"
      ],
      [
        "X",
        "10",
        "9",
        "8",
        "7",
        "7"
      ],
      [
        "9",
        "9",
        "9",
        "9",
        "8",
        "8"
      ]
    ],