{
  "id": "4b6c8bbcee4b9d95",
  "name": "謝明君",
  "unit": "花縣自強國中",
  "bow": "反曲弓",
  "group": "反曲弓男生",
  "stats": {
    "總名次": 59,
    "總箭數": 432,
    "總分": 3563,
    "分布": {
      "X": 20,
      "10": 51,
      "9": 141,
      "紅圈(7&8)": 175,
      "藍圈(5&6)": 39,
      "M": 0,
      "黃圈(9/10/X)": 212,
      "黑圈(3&4)": 5,
      "白圈(1&2)": 1
    },
    "平均箭值": 8.247685185185185,
    "10分命中率": 0.16435185185185186,
    "9分以上命中率": 0.49074074074074076,
    "10中X比例": 0.28169014084507044,
    "單局分數(12)": [
      313,
      308,
      323,
      304,
      291,
      296,
      274,
      291,
      292,
      289,
      287,
      295
    ],
    "雙局分數(6)": [
      621,
      627,
      587,
      565,
      581,
      582
    ],
    "每趟分數(72)": [
      50,
      57,
      51,
      51,
      52,
      52,
      47,
      52,
      52,
      50,
      53,
      54,
      55,
      54,
      57,
      50,
      56,
      51,
      54,
      48,
      51,
      52,
      46,
      53,
      51,
      57,
      51,
      44,
      44,
      44,
      47,
      53,
      49,
      52,
      47,
      48,
      49,
      42,
      46,
      39,
      52,
      46,
      51,
      53,
      52,
      48,
      42,
      45,
      47,
      49,
      52,
      45,
      50,
      49,
      48,
      49,
      53,
      47,
      47,
      45,
      48,
      48,
      44,
      42,
      54,
      51,
      50,
      55,
      49,
      47,
      49,
      45
    ],
    "每趟標籤": [
      "第1局第1趟",
      "第1局第2趟",
      "第1局第3趟",
      "第1局第4趟",
      "第1局第5趟",
      "第1局第6趟",
      "第2局第1趟",
      "第2局第2趟",
      "第2局第3趟",
      "第2局第4趟",
      "第2局第5趟",
      "第2局第6趟",
      "第3局第1趟",
      "第3局第2趟",
      "第3局第3趟",
      "第3局第4趟",
      "第3局第5趟",
      "第3局第6趟",
      "第4局第1趟",
      "第4局第2趟",
      "第4局第3趟",
      "第4局第4趟",
      "第4局第5趟",
      "第4局第6趟",
      "第5局第1趟",
      "第5局第2趟",
      "第5局第3趟",
      "第5局第4趟",
      "第5局第5趟",
      "第5局第6趟",
      "第6局第1趟",
      "第6局第2趟",
      "第6局第3趟",
      "第6局第4趟",
      "第6局第5趟",
      "第6局第6趟",
      "第7局第1趟",
      "第7局第2趟",
      "第7局第3趟",
      "第7局第4趟",
      "第7局第5趟",
      "第7局第6趟",
      "第8局第1趟",
      "第8局第2趟",
      "第8局第3趟",
      "第8局第4趟",
      "第8局第5趟",
      "第8局第6趟",
      "第9局第1趟",
      "第9局第2趟",
      "第9局第3趟",
      "第9局第4趟",
      "第9局第5趟",
      "第9局第6趟",
      "第10局第1趟",
      "第10局第2趟",
      "第10局第3趟",
      "第10局第4趟",
      "第10局第5趟",
      "第10局第6趟",
      "第11局第1趟",
      "第11局第2趟",
      "第11局第3趟",
      "第11局第4趟",
      "第11局第5趟",
      "第11局第6趟",
      "第12局第1趟",
      "第12局第2趟",
      "第12局第3趟",
      "第12局第4趟",
      "第12局第5趟",
      "第12局第6趟"
    ],
    "最佳單局": {
      "局": [
        3
      ],
      "分數": 323
    },
    "最佳單趟": {
      "趟": [
        "第1局第2趟",
        "第3局第3趟",
        "第5局第2趟"
      ],
      "分數": 57
    },
    "穩定度(單局標準差)": 12.572843309645153,
    "單局高低差": 49,
    "平均每趟分數": 49.486111111111114,
    "最後12趟平均": 48.5
  },
  "round_arrows": {
    "第1局箭值": [
      [
        "9",
        "9",
        "9",
        "8",
        "8",
        "7"
      ],
      [
        "X",
        "X",
        "10",
        "9",
        "9",
        "9"
      ],
      [
        "X",
        "9",
        "9",
        "8",
        "8",
        "7"
      ],
      [
        "10",
        "9",
        "9",
        "8",
        "8",
        "7"
      ],
      [
        "X",
        "X",
        "9",
        "8",
        "8",
        "7"
      ],
      [
        "X",
        "10",
        "10",
        "8",
        "7",
        "7"
      ]
    ],
    "第2局箭值": [
      [
        "9",
        "9",
        "8",
        "8",
        "7",
        "6"
      ],
      [
        "X",
        "10",
        "9",
        "8",
        "8",
        "7"
      ],
      [
        "9",
        "9",
        "9",
        "9",
        "8",
        "8"
      ],
      [
        "X",
        "10",
        "9",
        "8",
        "8",
        "5"
      ],
      [
        "10",
        "9",
        "9",
        "9",
        "8",
        "8"
      ],
      [
        "X",
        "10",
        "9",
        "9",
        "8",
        "8"
      ]
    ],
    "第3局箭值": [
      [
        "X",
        "X",
        "9",
        "9",
        "9",
        "8"
      ],
      [
        "10",
        "10",
        "9",
        "9",
        "9",
        "7"
      ],
      [
        "10",
        "10",
        "10",
        "9",
        "9",
        "9"
      ],
      [
        "10",
        "10",
        "9",
        "8",
        "7",
        "6"
      ],
      [
        "X",
        "10",
        "10",
        "9",
        "9",
        "8"
      ],
      [
        "10",
        "10",
        "9",
        "8",
        "7",
        "7"
      ]
    ],
    "第4局箭值": [
      [
        "9",
        "9",
        "9",
        "9",
        "9",
        "9"
      ],
      [
        "X",
        "9",
        "9",
        "8",
        "7",
        "5"
      ],
      [
        "10",
        "9",
        "9",
        "8",
        "8",
        "7"
      ],
      [
        "10",
        "10",
        "9",
        "8",
        "8",
        "7"
      ],
      [
        "8",
        "8",
        "8",
        "8",
        "7",
        "7"
      ],
      [
        "10",
        "10",
        "9",
        "9",
        "8",
        "7"
      ]
    ],
    "第5局箭值": [
      [
        "9",
        "9",
        "9",
        "9",
        "8",
        "7"
      ],
      [
        "X",
        "10",
        "10",
        "9",
        "9",
        "9"
      ],
      [
        "X",
        "10",
        "9",
        "9",
        "8",
        "5"
      ],
      [
        "10",
        "8",
        "8",
        "8",
        "6",
        "4"
      ],
      [
        "10",
        "9",
        "7",
        "6",
        "6",
        "6"
      ],
      [
        "10",
        "9",
        "8",
        "6",
        "6",
        "5"
      ]
    ],
    "第6局箭值": [
      [
        "9",
        "9",
        "8",
        "8",
        "8",
        "5"
      ],
      [
        "9",
        "9",
        "9",
        "9",
        "9",
        "8"
      ],
      [
        "10",
        "9",
        "8",
        "8",
        "7",
        "7"
      ],
      [
        "9",
        "9",
        "9",
        "9",
        "8",
        "8"
      ],
      [
        "9",
        "9",
        "8",
        "7",
        "7",
        "7"
      ],
      [
        "9",
        "8",
        "8",
        "8",
        "8",
        "7"
      ]
    ],
    "第7局箭值": [
      [
        "10",
        "9",
        "8",
        "8",
        "8",
        "6"
      ],
      [
        "8",
        "8",
        "7",
        "7",
        "7",
        "5"
      ],
      [
        "10",
        "9",
        "8",
        "8",
        "6",
        "5"
      ],
      [
        "9",
        "8",
        "7",
        "7",
        "6",
        "2"
      ],
      [
        "X",
        "10",
        "9",
        "9",
        "8",
        "6"
      ],
      [
        "9",
        "8",
        "8",
        "8",
        "7",
        "6"
      ]
    ],