{
  "id": "5e5bfb656efab89d",
  "name": "郭建成",
  "unit": "新北明德高中",
  "bow": "反曲弓",
  "group": "反曲弓男生",
  "stats": {
    "總名次": 56,
    "總箭數": 432,
    "總分": 3639,
    "分布": {
      "X": 23,
      "10": 56,
      "9": 157,
      "紅圈(7&8)": 168,
      "藍圈(5&6)": 25,
      "M": 0,
      "黃圈(9/10/X)": 236,
      "黑圈(3&4)": 2,
      "白圈(1&2)": 1
    },
    "平均箭值": 8.42361111111111,
    "10分命中率": 0.18287037037037038,
    "9分以上命中率": 0.5462962962962963,
    "10中X比例": 0.2911392405063291,
    "單局分數(12)": [
      302,
      301,
      315,
      290,
      304,
      302,
      306,
      307,
      295,
      302,
      311,
      304
    ],
    "雙局分數(6)": [
      603,
      605,
      606,
      613,
      597,
      615
    ],
    "每趟分數(72)": [
      50,
      53,
      50,
      49,
      48,
      52,
      48,
      52,
      51,
      48,
      47,
      55,
      52,
      55,
      52,
      51,
      50,
      55,
      47,
      45,
      49,
      48,
      52,
      49,
      53,
      48,
      55,
      50,
      45,
      53,
      46,
      54,
      52,
      50,
      53,
      47,
      53,
      48,
      54,
      53,
      51,
      47,
      48,
      54,
      50,
      50,
      55,
      50,
      44,
      49,
      52,
      54,
      47,
      49,
      44,
      54,
      52,
      51,
      50,
      51,
      54,
      50,
      51,
      53,
      51,
      52,
      47,
      46,
      55,
      48,
      54,
      54
    ],
    "每趟標籤": [
      "第1局第1趟",
      "第1局第2趟",
      "第1局第3趟",
      "第1局第4趟",
      "第1局第5趟",
      "第1局第6趟",
      "第2局第1趟",
      "第2局第2趟",
      "第2局第3趟",
      "第2局第4趟",
      "第2局第5趟",
      "第2局第6趟",
      "第3局第1趟",
      "第3局第2趟",
      "第3局第3趟",
      "第3局第4趟",
      "第3局第5趟",
      "第3局第6趟",
      "第4局第1趟",
      "第4局第2趟",
      "第4局第3趟",
      "第4局第4趟",
      "第4局第5趟",
      "第4局第6趟",
      "第5局第1趟",
      "第5局第2趟",
      "第5局第3趟",
      "第5局第4趟",
      "第5局第5趟",
      "第5局第6趟",
      "第6局第1趟",
      "第6局第2趟",
      "第6局第3趟",
      "第6局第4趟",
      "第6局第5趟",
      "第6局第6趟",
      "第7局第1趟",
      "第7局第2趟",
      "第7局第3趟",
      "第7局第4趟",
      "第7局第5趟",
      "第7局第6趟",
      "第8局第1趟",
      "第8局第2趟",
      "第8局第3趟",
      "第8局第4趟",
      "第8局第5趟",
      "第8局第6趟",
      "第9局第1趟",
      "第9局第2趟",
      "第9局第3趟",
      "第9局第4趟",
      "第9局第5趟",
      "第9局第6趟",
      "第10局第1趟",
      "第10局第2趟",
      "第10局第3趟",
      "第10局第4趟",
      "第10局第5趟",
      "第10局第6趟",
      "第11局第1趟",
      "第11局第2趟",
      "第11局第3趟",
      "第11局第4趟",
      "第11局第5趟",
      "第11局第6趟",
      "第12局第1趟",
      "第12局第2趟",
      "第12局第3趟",
      "第12局第4趟",
      "第12局第5趟",
      "第12局第6趟"
    ],
    "最佳單局": {
      "局": [
        3
      ],
      "分數": 315
    },
    "最佳單趟": {
      "趟": [
        "第2局第6趟",
        "第3局第2趟",
        "第3局第6趟",
        "第5局第3趟",
        "第8局第5趟",
        "第12局第3趟"
      ],
      "分數": 55
    },
    "穩定度(單局標準差)": 6.286559737514099,
    "單局高低差": 25,
    "平均每趟分數": 50.541666666666664,
    "最後12趟平均": 51.25
  },
  "round_arrows": {
    "第1局箭值": [
      [
        "9",
        "9",
        "9",
        "8",
        "8",
        "7"
      ],
      [
        "10",
        "9",
        "9",
        "9",
        "8",
        "8"
      ],
      [
        "9",
        "9",
        "9",
        "8",
        "8",
        "7"
      ],
      [
        "10",
        "9",
        "8",
        "8",
        "8",
        "6"
      ],
      [
        "X",
        "9",
        "9",
        "9",
        "7",
        "4"
      ],
      [
        "X",
        "10",
        "9",
        "8",
        "8",
        "7"
      ]
    ],
    "第2局箭值": [
      [
        "9",
        "9",
        "9",
        "7",
        "7",
        "7"
      ],
      [
        "X",
        "9",
        "9",
        "9",
        "8",
        "7"
      ],
      [
        "9",
        "9",
        "9",
        "8",
        "8",
        "8"
      ],
      [
        "9",
        "9",
        "8",
        "8",
        "7",
        "7"
      ],
      [
        "9",
        "9",
        "8",
        "8",
        "7",
        "6"
      ],
      [
        "10",
        "10",
        "9",
        "9",
        "9",
        "8"
      ]
    ],
    "第3局箭值": [
      [
        "10",
        "9",
        "9",
        "9",
        "8",
        "7"
      ],
      [
        "10",
        "10",
        "9",
        "9",
        "9",
        "8"
      ],
      [
        "X",
        "10",
        "9",
        "9",
        "9",
        "5"
      ],
      [
        "X",
        "9",
        "9",
        "8",
        "8",
        "7"
      ],
      [
        "9",
        "9",
        "9",
        "8",
        "8",
        "7"
      ],
      [
        "10",
        "9",
        "9",
        "9",
        "9",
        "9"
      ]
    ],
    "第4局箭值": [
      [
        "10",
        "9",
        "8",
        "8",
        "7",
        "5"
      ],
      [
        "10",
        "9",
        "9",
        "9",
        "7",
        "1"
      ],
      [
        "9",
        "9",
        "9",
        "8",
        "7",
        "7"
      ],
      [
        "X",
        "9",
        "8",
        "7",
        "7",
        "7"
      ],
      [
        "X",
        "10",
        "10",
        "8",
        "7",
        "7"
      ],
      [
        "9",
        "9",
        "9",
        "8",
        "8",
        "6"
      ]
    ],
    "第5局箭值": [
      [
        "10",
        "9",
        "9",
        "9",
        "9",
        "7"
      ],
      [
        "X",
        "9",
        "9",
        "7",
        "7",
        "6"
      ],
      [
        "X",
        "X",
        "9",
        "9",
        "9",
        "8"
      ],
      [
        "X",
        "9",
        "8",
        "8",
        "8",
        "7"
      ],
      [
        "9",
        "8",
        "8",
        "7",
        "7",
        "6"
      ],
      [
        "10",
        "9",
        "9",
        "9",
        "9",
        "7"
      ]
    ],
    "第6局箭值": [
      [
        "9",
        "9",
        "8",
        "7",
        "7",
        "6"
      ],
      [
        "X",
        "X",
        "9",
        "9",
        "8",
        "8"
      ],
      [
        "10",
        "9",
        "9",
        "8",
        "8",
        "8"
      ],
      [
        "10",
        "9",
        "9",
        "9",
        "8",
        "5"
      ],
      [
        "10",
        "9",
        "9",
        "9",
        "8",
        "8"
      ],
      [
        "10",
        "9",
        "8",
        "7",
        "7",
        "6"
      ]
    ],
    "第7局箭值": [
      [
        "10",
        "9",
        "9",
        "9",
        "8",
        "8"
      ],
      [
        "10",
        "8",
        "8",
        "8",
        "7",
        "7"
      ],
      [
        "10",
        "10",
        "9",
        "9",
        "8",
        "8"
      ],
      [
        "X",
        "10",
        "9",
        "9",
        "8",
        "7"
      ],
      [
        "10",
        "9",
        "9",
        "8",
        "8",
        "7"
      ],
      [
        "9",
        "9",
        "8",
        "8",
        "7",
        "6"
      ]
    ],