{
  "id": "68e614b1e5ea3ab7",
  "name": "朱彥瑾",
  "unit": "國立陽明交大附中",
  "bow": "反曲弓",
  "group": "反曲弓男生",
  "stats": {
    "總名次": 58,
    "總箭數": 432,
    "總分": 3601,
    "分布": {
      "X": 22,
      "10": 53,
      "9": 150,
      "紅圈(7&8)": 173,
      "藍圈(5&6)": 27,
      "M": 1,
      "黃圈(9/10/X)": 225,
      "黑圈(3&4)": 5,
      "白圈(1&2)": 1
    },
    "平均箭值": 8.335648148148149,
    "10分命中率": 0.1736111111111111,
    "9分以上命中率": 0.5208333333333334,
    "10中X比例": 0.29333333333333333,
    "單局分數(12)": [
      281,
      302,
      299,
      294,
      306,
      308,
      299,
      294,
      298,
      299,
      304,
      317
    ],
    "雙局分數(6)": [
      583,
      593,
      614,
      593,
      597,
      621
    ],
    "每趟分數(72)": [
      49,
      44,
      50,
      45,
      42,
      51,
      52,
      50,
      51,
      49,
      53,
      47,
      46,
      51,
      47,
      53,
      50,
      52,
      48,
      47,
      49,
      49,
      53,
      48,
      51,
      52,
      50,
      51,
      50,
      52,
      51,
      45,
      54,
      51,
      54,
      53,
      46,
      53,
      52,
      52,
      48,
      48,
      50,
      48,
      44,
      46,
      54,
      52,
      51,
      48,
      55,
      50,
      41,
      53,
      51,
      55,
      45,
      53,
      48,
      47,
      48,
      51,
      46,
      52,
      54,
      53,
      53,
      51,
      52,
      53,
      51,
      57
    ],
    "每趟標籤": [
      "第1局第1趟",
      "第1局第2趟",
      "第1局第3趟",
      "第1局第4趟",
      "第1局第5趟",
      "第1局第6趟",
      "第2局第1趟",
      "第2局第2趟",
      "第2局第3趟",
      "第2局第4趟",
      "第2局第5趟",
      "第2局第6趟",
      "第3局第1趟",
      "第3局第2趟",
      "第3局第3趟",
      "第3局第4趟",
      "第3局第5趟",
      "第3局第6趟",
      "第4局第1趟",
      "第4局第2趟",
      "第4局第3趟",
      "第4局第4趟",
      "第4局第5趟",
      "第4局第6趟",
      "第5局第1趟",
      "第5局第2趟",
      "第5局第3趟",
      "第5局第4趟",
      "第5局第5趟",
      "第5局第6趟",
      "第6局第1趟",
      "第6局第2趟",
      "第6局第3趟",
      "第6局第4趟",
      "第6局第5趟",
      "第6局第6趟",
      "第7局第1趟",
      "第7局第2趟",
      "第7局第3趟",
      "第7局第4趟",
      "第7局第5趟",
      "第7局第6趟",
      "第8局第1趟",
      "第8局第2趟",
      "第8局第3趟",
      "第8局第4趟",
      "第8局第5趟",
      "第8局第6趟",
      "第9局第1趟",
      "第9局第2趟",
      "第9局第3趟",
      "第9局第4趟",
      "第9局第5趟",
      "第9局第6趟",
      "第10局第1趟",
      "第10局第2趟",
      "第10局第3趟",
      "第10局第4趟",
      "第10局第5趟",
      "第10局第6趟",
      "第11局第1趟",
      "第11局第2趟",
      "第11局第3趟",
      "第11局第4趟",
      "第11局第5趟",
      "第11局第6趟",
      "第12局第1趟",
      "第12局第2趟",
      "第12局第3趟",
      "第12局第4趟",
      "第12局第5趟",
      "第12局第6趟"
    ],
    "最佳單局": {
      "局": [
        12
      ],
      "分數": 317
    },
    "最佳單趟": {
      "趟": [
        "第12局第6趟"
      ],
      "分數": 57
    },
    "穩定度(單局標準差)": 8.410889106126389,
    "單局高低差": 36,
    "平均每趟分數": 50.013888888888886,
    "最後12趟平均": 51.75
  },
  "round_arrows": {
    "第1局箭值": [
      [
        "10",
        "10",
        "9",
        "8",
        "7",
        "5"
      ],
      [
        "X",
        "9",
        "7",
        "7",
        "7",
        "4"
      ],
      [
        "X",
        "9",
        "9",
        "8",
        "7",
        "7"
      ],
      [
        "10",
        "9",
        "7",
        "7",
        "6",
        "6"
      ],
      [
        "9",
        "8",
        "8",
        "8",
        "7",
        "2"
      ],
      [
        "9",
        "9",
        "9",
        "9",
        "8",
        "7"
      ]
    ],
    "第2局箭值": [
      [
        "10",
        "9",
        "9",
        "9",
        "8",
        "7"
      ],
      [
        "X",
        "9",
        "8",
        "8",
        "8",
        "7"
      ],
      [
        "10",
        "10",
        "9",
        "8",
        "7",
        "7"
      ],
      [
        "10",
        "10",
        "9",
        "8",
        "7",
        "5"
      ],
      [
        "10",
        "10",
        "10",
        "9",
        "7",
        "7"
      ],
      [
        "9",
        "9",
        "8",
        "8",
        "7",
        "6"
      ]
    ],
    "第3局箭值": [
      [
        "8",
        "8",
        "8",
        "8",
        "8",
        "6"
      ],
      [
        "10",
        "9",
        "9",
        "8",
        "8",
        "7"
      ],
      [
        "10",
        "9",
        "9",
        "8",
        "6",
        "5"
      ],
      [
        "10",
        "10",
        "9",
        "9",
        "9",
        "6"
      ],
      [
        "10",
        "9",
        "9",
        "9",
        "8",
        "5"
      ],
      [
        "X",
        "X",
        "10",
        "8",
        "7",
        "7"
      ]
    ],
    "第4局箭值": [
      [
        "10",
        "10",
        "9",
        "7",
        "6",
        "6"
      ],
      [
        "9",
        "9",
        "8",
        "8",
        "7",
        "6"
      ],
      [
        "9",
        "9",
        "8",
        "8",
        "8",
        "7"
      ],
      [
        "9",
        "9",
        "9",
        "9",
        "8",
        "5"
      ],
      [
        "10",
        "9",
        "9",
        "9",
        "8",
        "8"
      ],
      [
        "9",
        "9",
        "9",
        "9",
        "6",
        "6"
      ]
    ],
    "第5局箭值": [
      [
        "9",
        "9",
        "9",
        "8",
        "8",
        "8"
      ],
      [
        "10",
        "9",
        "9",
        "9",
        "8",
        "7"
      ],
      [
        "10",
        "9",
        "9",
        "8",
        "8",
        "6"
      ],
      [
        "9",
        "9",
        "9",
        "8",
        "8",
        "8"
      ],
      [
        "X",
        "X",
        "10",
        "9",
        "8",
        "3"
      ],
      [
        "9",
        "9",
        "9",
        "9",
        "8",
        "8"
      ]
    ],
    "第6局箭值": [
      [
        "10",
        "9",
        "9",
        "8",
        "8",
        "7"
      ],
      [
        "9",
        "8",
        "8",
        "7",
        "7",
        "6"
      ],
      [
        "X",
        "10",
        "9",
        "9",
        "9",
        "7"
      ],
      [
        "10",
        "9",
        "9",
        "8",
        "8",
        "7"
      ],
      [
        "10",
        "10",
        "9",
        "9",
        "8",
        "8"
      ],
      [
        "9",
        "9",
        "9",
        "9",
        "9",
        "8"
      ]
    ],
    "第7局箭值": [
      [
        "9",
        "9",
        "9",
        "9",
        "7",
        "3"
      ],
      [
        "X",
        "9",
        "9",
        "9",
        "8",
        "8"
      ],
      [
        "X",
        "9",
        "9",
        "9",
        "8",
        "7"
      ],
      [
        "10",
        "10",
        "9",
        "8",
        "8",
        "7"
      ],
      [
        "9",
        "9",
        "8",
        "8",
        "8",
        "6"
      ],
      [
        "9",
        "9",
        "8",
        "8",
        "7",
        "7"
      ]
    ],