{
  "id": "6e19c4ddb1c6335e",
  "name": "陳慶銓",
  "unit": "臺北市立大學",
  "bow": "反曲弓",
  "group": "反曲弓男生",
  "stats": {
    "總名次": 37,
    "總箭數": 432,
    "總分": 3777,
    "分布": {
      "X": 37,
      "10": 71,
      "9": 170,
      "紅圈(7&8)": 141,
      "藍圈(5&6)": 13,
      "M": 0,
      "黃圈(9/10/X)": 278,
      "黑圈(3&4)": 0,
      "白圈(1&2)": 0
    },
    "平均箭值": 8.743055555555555,
    "10分命中率": 0.25,
    "9分以上命中率": 0.6435185185185185,
    "10中X比例": 0.3425925925925926,
    "單局分數(12)": [
      307,
      316,
      312,
      316,
      316,
      312,
      329,
      326,
      305,
      320,
      309,
      309
    ],
    "雙局分數(6)": [
      623,
      628,
      628,
      655,
      625,
      618
    ],
    "每趟分數(72)": [
      48,
      52,
      49,
      50,
      52,
      56,
      54,
      55,
      49,
      54,
      48,
      56,
      51,
      53,
      50,
      46,
      57,
      55,
      54,
      51,
      53,
      50,
      54,
      54,
      53,
      54,
      52,
      49,
      55,
      53,
      50,
      53,
      52,
      47,
      54,
      56,
      54,
      56,
      55,
      53,
      55,
      56,
      50,
      56,
      56,
      54,
      55,
      55,
      52,
      50,
      53,
      51,
      54,
      45,
      56,
      56,
      55,
      48,
      51,
      54,
      47,
      53,
      51,
      53,
      53,
      52,
      55,
      52,
      57,
      48,
      53,
      44
    ],
    "每趟標籤": [
      "第1局第1趟",
      "第1局第2趟",
      "第1局第3趟",
      "第1局第4趟",
      "第1局第5趟",
      "第1局第6趟",
      "第2局第1趟",
      "第2局第2趟",
      "第2局第3趟",
      "第2局第4趟",
      "第2局第5趟",
      "第2局第6趟",
      "第3局第1趟",
      "第3局第2趟",
      "第3局第3趟",
      "第3局第4趟",
      "第3局第5趟",
      "第3局第6趟",
      "第4局第1趟",
      "第4局第2趟",
      "第4局第3趟",
      "第4局第4趟",
      "第4局第5趟",
      "第4局第6趟",
      "第5局第1趟",
      "第5局第2趟",
      "第5局第3趟",
      "第5局第4趟",
      "第5局第5趟",
      "第5局第6趟",
      "第6局第1趟",
      "第6局第2趟",
      "第6局第3趟",
      "第6局第4趟",
      "第6局第5趟",
      "第6局第6趟",
      "第7局第1趟",
      "第7局第2趟",
      "第7局第3趟",
      "第7局第4趟",
      "第7局第5趟",
      "第7局第6趟",
      "第8局第1趟",
      "第8局第2趟",
      "第8局第3趟",
      "第8局第4趟",
      "第8局第5趟",
      "第8局第6趟",
      "第9局第1趟",
      "第9局第2趟",
      "第9局第3趟",
      "第9局第4趟",
      "第9局第5趟",
      "第9局第6趟",
      "第10局第1趟",
      "第10局第2趟",
      "第10局第3趟",
      "第10局第4趟",
      "第10局第5趟",
      "第10局第6趟",
      "第11局第1趟",
      "第11局第2趟",
      "第11局第3趟",
      "第11局第4趟",
      "第11局第5趟",
      "第11局第6趟",
      "第12局第1趟",
      "第12局第2趟",
      "第12局第3趟",
      "第12局第4趟",
      "第12局第5趟",
      "第12局第6趟"
    ],
    "最佳單局": {
      "局": [
        7
      ],
      "分數": 329
    },
    "最佳單趟": {
      "趟": [
        "第3局第5趟",
        "第12局第3趟"
      ],
      "分數": 57
    },
    "穩定度(單局標準差)": 7.060748307840088,
    "單局高低差": 24,
    "平均每趟分數": 52.458333333333336,
    "最後12趟平均": 51.5
  },
  "round_arrows": {
    "第1局箭值": [
      [
        "9",
        "9",
        "8",
        "8",
        "7",
        "7"
      ],
      [
        "X",
        "9",
        "9",
        "8",
        "8",
        "8"
      ],
      [
        "10",
        "9",
        "8",
        "8",
        "8",
        "6"
      ],
      [
        "X",
        "9",
        "8",
        "8",
        "8",
        "7"
      ],
      [
        "X",
        "10",
        "9",
        "9",
        "7",
        "7"
      ],
      [
        "X",
        "10",
        "10",
        "9",
        "9",
        "8"
      ]
    ],
    "第2局箭值": [
      [
        "10",
        "10",
        "10",
        "8",
        "8",
        "8"
      ],
      [
        "10",
        "9",
        "9",
        "9",
        "9",
        "9"
      ],
      [
        "9",
        "9",
        "9",
        "8",
        "7",
        "7"
      ],
      [
        "X",
        "10",
        "9",
        "9",
        "8",
        "8"
      ],
      [
        "9",
        "8",
        "8",
        "8",
        "8",
        "7"
      ],
      [
        "X",
        "10",
        "10",
        "9",
        "9",
        "8"
      ]
    ],
    "第3局箭值": [
      [
        "9",
        "9",
        "9",
        "8",
        "8",
        "8"
      ],
      [
        "9",
        "9",
        "9",
        "9",
        "9",
        "8"
      ],
      [
        "9",
        "9",
        "9",
        "8",
        "8",
        "7"
      ],
      [
        "9",
        "9",
        "9",
        "8",
        "6",
        "5"
      ],
      [
        "X",
        "10",
        "10",
        "10",
        "9",
        "8"
      ],
      [
        "X",
        "10",
        "9",
        "9",
        "9",
        "8"
      ]
    ],
    "第4局箭值": [
      [
        "10",
        "10",
        "9",
        "9",
        "8",
        "8"
      ],
      [
        "X",
        "X",
        "9",
        "8",
        "7",
        "7"
      ],
      [
        "X",
        "X",
        "9",
        "8",
        "8",
        "8"
      ],
      [
        "9",
        "9",
        "9",
        "8",
        "8",
        "7"
      ],
      [
        "X",
        "9",
        "9",
        "9",
        "9",
        "8"
      ],
      [
        "9",
        "9",
        "9",
        "9",
        "9",
        "9"
      ]
    ],
    "第5局箭值": [
      [
        "10",
        "9",
        "9",
        "9",
        "8",
        "8"
      ],
      [
        "10",
        "10",
        "10",
        "9",
        "8",
        "7"
      ],
      [
        "X",
        "10",
        "10",
        "8",
        "7",
        "7"
      ],
      [
        "10",
        "8",
        "8",
        "8",
        "8",
        "7"
      ],
      [
        "X",
        "9",
        "9",
        "9",
        "9",
        "9"
      ],
      [
        "10",
        "9",
        "9",
        "9",
        "8",
        "8"
      ]
    ],
    "第6局箭值": [
      [
        "10",
        "10",
        "9",
        "9",
        "7",
        "5"
      ],
      [
        "X",
        "10",
        "10",
        "8",
        "8",
        "7"
      ],
      [
        "10",
        "10",
        "8",
        "8",
        "8",
        "8"
      ],
      [
        "9",
        "9",
        "8",
        "8",
        "7",
        "6"
      ],
      [
        "10",
        "9",
        "9",
        "9",
        "9",
        "8"
      ],
      [
        "X",
        "10",
        "10",
        "9",
        "9",
        "8"
      ]
    ],
    "第7局箭值": [
      [
        "X",
        "10",
        "9",
        "9",
        "8",
        "8"
      ],
      [
        "X",
        "10",
        "10",
        "9",
        "9",
        "8"
      ],
      [
        "X",
        "10",
        "10",
        "9",
        "8",
        "8"
      ],
      [
        "X",
        "9",
        "9",
        "9",
        "8",
        "8"
      ],
      [
        "X",
        "10",
        "10",
        "9",
        "8",
        "8"
      ],
      [
        "10",
        "10",
        "9",
        "9",
        "9",
        "9"
      ]
    ],