{
  "id": "6e857c93ce651b34",
  "name": "戴芷萱",
  "unit": "竹縣湖口高中",
  "bow": "反曲弓",
  "group": "反曲弓女生",
  "stats": {
    "總名次": 49,
    "總箭數": 432,
    "總分": 3553,
    "分布": {
      "X": 14,
      "10": 44,
      "9": 154,
      "紅圈(7&8)": 175,
      "藍圈(5&6)": 44,
      "M": 0,
      "黃圈(9/10/X)": 212,
      "黑圈(3&4)": 1,
      "白圈(1&2)": 0
    },
    "平均箭值": 8.224537037037036,
    "10分命中率": 0.13425925925925927,
    "9分以上命中率": 0.49074074074074076,
    "10中X比例": 0.2413793103448276,
    "單局分數(12)": [
      300,
      308,
      299,
      306,
      286,
      303,
      291,
      286,
      305,
      285,
      294,
      290
    ],
    "雙局分數(6)": [
      608,
      605,
      589,
      577,
      590,
      584
    ],
    "每趟分數(72)": [
      50,
      52,
      45,
      51,
      53,
      49,
      55,
      53,
      49,
      51,
      52,
      48,
      51,
      52,
      47,
      51,
      50,
      48,
      49,
      53,
      52,
      49,
      53,
      50,
      47,
      47,
      44,
      53,
      48,
      47,
      49,
      51,
      48,
      49,
      54,
      52,
      43,
      52,
      47,
      51,
      47,
      51,
      47,
      51,
      47,
      49,
      46,
      46,
      52,
      49,
      49,
      52,
      53,
      50,
      44,
      51,
      44,
      49,
      49,
      48,
      51,
      49,
      44,
      48,
      47,
      55,
      53,
      49,
      49,
      47,
      49,
      43
    ],
    "每趟標籤": [
      "第1局第1趟",
      "第1局第2趟",
      "第1局第3趟",
      "第1局第4趟",
      "第1局第5趟",
      "第1局第6趟",
      "第2局第1趟",
      "第2局第2趟",
      "第2局第3趟",
      "第2局第4趟",
      "第2局第5趟",
      "第2局第6趟",
      "第3局第1趟",
      "第3局第2趟",
      "第3局第3趟",
      "第3局第4趟",
      "第3局第5趟",
      "第3局第6趟",
      "第4局第1趟",
      "第4局第2趟",
      "第4局第3趟",
      "第4局第4趟",
      "第4局第5趟",
      "第4局第6趟",
      "第5局第1趟",
      "第5局第2趟",
      "第5局第3趟",
      "第5局第4趟",
      "第5局第5趟",
      "第5局第6趟",
      "第6局第1趟",
      "第6局第2趟",
      "第6局第3趟",
      "第6局第4趟",
      "第6局第5趟",
      "第6局第6趟",
      "第7局第1趟",
      "第7局第2趟",
      "第7局第3趟",
      "第7局第4趟",
      "第7局第5趟",
      "第7局第6趟",
      "第8局第1趟",
      "第8局第2趟",
      "第8局第3趟",
      "第8局第4趟",
      "第8局第5趟",
      "第8局第6趟",
      "第9局第1趟",
      "第9局第2趟",
      "第9局第3趟",
      "第9局第4趟",
      "第9局第5趟",
      "第9局第6趟",
      "第10局第1趟",
      "第10局第2趟",
      "第10局第3趟",
      "第10局第4趟",
      "第10局第5趟",
      "第10局第6趟",
      "第11局第1趟",
      "第11局第2趟",
      "第11局第3趟",
      "第11局第4趟",
      "第11局第5趟",
      "第11局第6趟",
      "第12局第1趟",
      "第12局第2趟",
      "第12局第3趟",
      "第12局第4趟",
      "第12局第5趟",
      "第12局第6趟"
    ],
    "最佳單局": {
      "局": [
        2
      ],
      "分數": 308
    },
    "最佳單趟": {
      "趟": [
        "第2局第1趟",
        "第11局第6趟"
      ],
      "分數": 55
    },
    "穩定度(單局標準差)": 8.087627725249366,
    "單局高低差": 23,
    "平均每趟分數": 49.34722222222222,
    "最後12趟平均": 48.666666666666664
  },
  "round_arrows": {
    "第1局箭值": [
      [
        "X",
        "10",
        "10",
        "8",
        "6",
        "6"
      ],
      [
        "10",
        "9",
        "9",
        "8",
        "8",
        "8"
      ],
      [
        "9",
        "8",
        "8",
        "8",
        "7",
        "5"
      ],
      [
        "X",
        "10",
        "9",
        "8",
        "7",
        "7"
      ],
      [
        "10",
        "10",
        "9",
        "9",
        "8",
        "7"
      ],
      [
        "10",
        "9",
        "9",
        "7",
        "7",
        "7"
      ]
    ],
    "第2局箭值": [
      [
        "10",
        "10",
        "9",
        "9",
        "9",
        "8"
      ],
      [
        "10",
        "10",
        "9",
        "9",
        "8",
        "7"
      ],
      [
        "10",
        "9",
        "8",
        "8",
        "7",
        "7"
      ],
      [
        "X",
        "10",
        "9",
        "9",
        "7",
        "6"
      ],
      [
        "X",
        "9",
        "9",
        "9",
        "8",
        "7"
      ],
      [
        "9",
        "9",
        "8",
        "8",
        "7",
        "7"
      ]
    ],
    "第3局箭值": [
      [
        "9",
        "9",
        "9",
        "9",
        "9",
        "6"
      ],
      [
        "10",
        "9",
        "9",
        "9",
        "8",
        "7"
      ],
      [
        "10",
        "9",
        "8",
        "8",
        "7",
        "5"
      ],
      [
        "10",
        "9",
        "9",
        "9",
        "9",
        "5"
      ],
      [
        "10",
        "9",
        "9",
        "8",
        "7",
        "7"
      ],
      [
        "9",
        "9",
        "8",
        "8",
        "8",
        "6"
      ]
    ],
    "第4局箭值": [
      [
        "10",
        "10",
        "8",
        "7",
        "7",
        "7"
      ],
      [
        "9",
        "9",
        "9",
        "9",
        "9",
        "8"
      ],
      [
        "10",
        "9",
        "9",
        "9",
        "8",
        "7"
      ],
      [
        "X",
        "9",
        "8",
        "8",
        "7",
        "7"
      ],
      [
        "X",
        "9",
        "9",
        "9",
        "8",
        "8"
      ],
      [
        "9",
        "9",
        "9",
        "9",
        "8",
        "6"
      ]
    ],
    "第5局箭值": [
      [
        "9",
        "9",
        "8",
        "8",
        "8",
        "5"
      ],
      [
        "9",
        "9",
        "8",
        "8",
        "7",
        "6"
      ],
      [
        "10",
        "9",
        "9",
        "8",
        "5",
        "3"
      ],
      [
        "10",
        "10",
        "9",
        "9",
        "9",
        "6"
      ],
      [
        "10",
        "9",
        "8",
        "8",
        "7",
        "6"
      ],
      [
        "10",
        "9",
        "8",
        "7",
        "7",
        "6"
      ]
    ],
    "第6局箭值": [
      [
        "X",
        "9",
        "8",
        "8",
        "7",
        "7"
      ],
      [
        "10",
        "9",
        "9",
        "8",
        "8",
        "7"
      ],
      [
        "9",
        "9",
        "8",
        "8",
        "7",
        "7"
      ],
      [
        "9",
        "9",
        "8",
        "8",
        "8",
        "7"
      ],
      [
        "10",
        "10",
        "9",
        "9",
        "9",
        "7"
      ],
      [
        "10",
        "9",
        "9",
        "9",
        "8",
        "7"
      ]
    ],
    "第7局箭值": [
      [
        "9",
        "8",
        "8",
        "7",
        "6",
        "5"
      ],
      [
        "10",
        "9",
        "9",
        "9",
        "8",
        "7"
      ],
      [
        "9",
        "9",
        "8",
        "8",
        "7",
        "6"
      ],
      [
        "9",
        "9",
        "9",
        "9",
        "8",
        "7"
      ],
      [
        "9",
        "9",
        "9",
        "8",
        "6",
        "6"
      ],
      [
        "9",
        "9",
        "9",
        "9",
        "8",
        "7"
      ]
    ],