{
  "id": "6ef2aad7a8fc1980",
  "name": "黃宥熏",
  "unit": "竹縣湖口高中",
  "bow": "反曲弓",
  "group": "反曲弓男生",
  "stats": {
    "總名次": 61,
    "總箭數": 432,
    "總分": 3603,
    "分布": {
      "X": 28,
      "10": 57,
      "9": 126,
      "紅圈(7&8)": 188,
      "藍圈(5&6)": 28,
      "M": 0,
      "黃圈(9/10/X)": 211,
      "黑圈(3&4)": 4,
      "白圈(1&2)": 1
    },
    "平均箭值": 8.340277777777779,
    "10分命中率": 0.19675925925925927,
    "9分以上命中率": 0.48842592592592593,
    "10中X比例": 0.32941176470588235,
    "單局分數(12)": [
      310,
      303,
      298,
      295,
      300,
      296,
      302,
      300,
      293,
      309,
      294,
      303
    ],
    "雙局分數(6)": [
      613,
      593,
      596,
      602,
      602,
      597
    ],
    "每趟分數(72)": [
      53,
      47,
      55,
      55,
      48,
      52,
      46,
      56,
      51,
      52,
      47,
      51,
      50,
      50,
      45,
      45,
      56,
      52,
      54,
      49,
      50,
      44,
      44,
      54,
      53,
      51,
      49,
      49,
      44,
      54,
      52,
      53,
      46,
      43,
      52,
      50,
      51,
      51,
      47,
      52,
      50,
      51,
      50,
      45,
      54,
      51,
      48,
      52,
      52,
      45,
      50,
      50,
      46,
      50,
      53,
      49,
      55,
      49,
      52,
      51,
      50,
      51,
      44,
      47,
      54,
      48,
      45,
      46,
      56,
      55,
      48,
      53
    ],
    "每趟標籤": [
      "第1局第1趟",
      "第1局第2趟",
      "第1局第3趟",
      "第1局第4趟",
      "第1局第5趟",
      "第1局第6趟",
      "第2局第1趟",
      "第2局第2趟",
      "第2局第3趟",
      "第2局第4趟",
      "第2局第5趟",
      "第2局第6趟",
      "第3局第1趟",
      "第3局第2趟",
      "第3局第3趟",
      "第3局第4趟",
      "第3局第5趟",
      "第3局第6趟",
      "第4局第1趟",
      "第4局第2趟",
      "第4局第3趟",
      "第4局第4趟",
      "第4局第5趟",
      "第4局第6趟",
      "第5局第1趟",
      "第5局第2趟",
      "第5局第3趟",
      "第5局第4趟",
      "第5局第5趟",
      "第5局第6趟",
      "第6局第1趟",
      "第6局第2趟",
      "第6局第3趟",
      "第6局第4趟",
      "第6局第5趟",
      "第6局第6趟",
      "第7局第1趟",
      "第7局第2趟",
      "第7局第3趟",
      "第7局第4趟",
      "第7局第5趟",
      "第7局第6趟",
      "第8局第1趟",
      "第8局第2趟",
      "第8局第3趟",
      "第8局第4趟",
      "第8局第5趟",
      "第8局第6趟",
      "第9局第1趟",
      "第9局第2趟",
      "第9局第3趟",
      "第9局第4趟",
      "第9局第5趟",
      "第9局第6趟",
      "第10局第1趟",
      "第10局第2趟",
      "第10局第3趟",
      "第10局第4趟",
      "第10局第5趟",
      "第10局第6趟",
      "第11局第1趟",
      "第11局第2趟",
      "第11局第3趟",
      "第11局第4趟",
      "第11局第5趟",
      "第11局第6趟",
      "第12局第1趟",
      "第12局第2趟",
      "第12局第3趟",
      "第12局第4趟",
      "第12局第5趟",
      "第12局第6趟"
    ],
    "最佳單局": {
      "局": [
        1
      ],
      "分數": 310
    },
    "最佳單趟": {
      "趟": [
        "第2局第2趟",
        "第3局第5趟",
        "第12局第3趟"
      ],
      "分數": 56
    },
    "穩定度(單局標準差)": 5.261891294962297,
    "單局高低差": 17,
    "平均每趟分數": 50.041666666666664,
    "最後12趟平均": 49.75
  },
  "round_arrows": {
    "第1局箭值": [
      [
        "10",
        "10",
        "9",
        "9",
        "8",
        "7"
      ],
      [
        "8",
        "8",
        "8",
        "8",
        "8",
        "7"
      ],
      [
        "10",
        "10",
        "9",
        "9",
        "9",
        "8"
      ],
      [
        "10",
        "10",
        "9",
        "9",
        "9",
        "8"
      ],
      [
        "9",
        "9",
        "8",
        "8",
        "7",
        "7"
      ],
      [
        "X",
        "9",
        "9",
        "8",
        "8",
        "8"
      ]
    ],
    "第2局箭值": [
      [
        "10",
        "9",
        "8",
        "8",
        "7",
        "4"
      ],
      [
        "X",
        "10",
        "10",
        "9",
        "9",
        "8"
      ],
      [
        "X",
        "9",
        "8",
        "8",
        "8",
        "8"
      ],
      [
        "X",
        "X",
        "9",
        "9",
        "7",
        "7"
      ],
      [
        "8",
        "8",
        "8",
        "8",
        "8",
        "7"
      ],
      [
        "X",
        "10",
        "9",
        "9",
        "7",
        "6"
      ]
    ],
    "第3局箭值": [
      [
        "X",
        "9",
        "9",
        "8",
        "8",
        "6"
      ],
      [
        "10",
        "9",
        "9",
        "8",
        "7",
        "7"
      ],
      [
        "8",
        "8",
        "8",
        "7",
        "7",
        "7"
      ],
      [
        "9",
        "8",
        "8",
        "8",
        "7",
        "5"
      ],
      [
        "X",
        "X",
        "X",
        "10",
        "8",
        "8"
      ],
      [
        "10",
        "10",
        "9",
        "8",
        "8",
        "7"
      ]
    ],
    "第4局箭值": [
      [
        "10",
        "9",
        "9",
        "9",
        "9",
        "8"
      ],
      [
        "X",
        "9",
        "9",
        "8",
        "7",
        "6"
      ],
      [
        "9",
        "9",
        "9",
        "8",
        "8",
        "7"
      ],
      [
        "9",
        "8",
        "8",
        "7",
        "6",
        "6"
      ],
      [
        "9",
        "9",
        "9",
        "7",
        "7",
        "3"
      ],
      [
        "X",
        "10",
        "9",
        "9",
        "8",
        "8"
      ]
    ],
    "第5局箭值": [
      [
        "10",
        "10",
        "9",
        "8",
        "8",
        "8"
      ],
      [
        "10",
        "9",
        "9",
        "8",
        "8",
        "7"
      ],
      [
        "10",
        "9",
        "9",
        "8",
        "8",
        "5"
      ],
      [
        "X",
        "10",
        "9",
        "8",
        "6",
        "6"
      ],
      [
        "9",
        "9",
        "8",
        "6",
        "6",
        "6"
      ],
      [
        "10",
        "10",
        "10",
        "9",
        "8",
        "7"
      ]
    ],
    "第6局箭值": [
      [
        "10",
        "9",
        "9",
        "8",
        "8",
        "8"
      ],
      [
        "X",
        "X",
        "9",
        "9",
        "8",
        "7"
      ],
      [
        "X",
        "10",
        "8",
        "6",
        "6",
        "6"
      ],
      [
        "9",
        "9",
        "8",
        "8",
        "8",
        "1"
      ],
      [
        "X",
        "9",
        "9",
        "9",
        "8",
        "7"
      ],
      [
        "10",
        "9",
        "9",
        "8",
        "8",
        "6"
      ]
    ],
    "第7局箭值": [
      [
        "10",
        "10",
        "8",
        "8",
        "8",
        "7"
      ],
      [
        "10",
        "9",
        "8",
        "8",
        "8",
        "8"
      ],
      [
        "X",
        "9",
        "8",
        "7",
        "7",
        "6"
      ],
      [
        "10",
        "9",
        "9",
        "9",
        "8",
        "7"
      ],
      [
        "9",
        "9",
        "9",
        "9",
        "8",
        "6"
      ],
      [
        "10",
        "9",
        "9",
        "8",
        "8",
        "7"
      ]
    ],