{
  "id": "719dda54f6228469",
  "name": "羅政宇",
  "unit": "國立體育大學",
  "bow": "反曲弓",
  "group": "反曲弓男生",
  "stats": {
    "總名次": 41,
    "總箭數": 432,
    "總分": 3743,
    "分布": {
      "X": 22,
      "10": 78,
      "9": 167,
      "紅圈(7&8)": 147,
      "藍圈(5&6)": 17,
      "M": 0,
      "黃圈(9/10/X)": 267,
      "黑圈(3&4)": 0,
      "白圈(1&2)": 1
    },
    "平均箭值": 8.664351851851851,
    "10分命中率": 0.23148148148148148,
    "9分以上命中率": 0.6180555555555556,
    "10中X比例": 0.22,
    "單局分數(12)": [
      321,
      313,
      306,
      294,
      300,
      304,
      323,
      326,
      322,
      313,
      315,
      306
    ],
    "雙局分數(6)": [
      634,
      600,
      604,
      649,
      635,
      621
    ],
    "每趟分數(72)": [
      52,
      52,
      57,
      55,
      52,
      53,
      54,
      48,
      55,
      52,
      52,
      52,
      51,
      53,
      50,
      48,
      53,
      51,
      49,
      47,
      50,
      52,
      50,
      46,
      51,
      42,
      52,
      51,
      52,
      52,
      49,
      50,
      48,
      51,
      54,
      52,
      57,
      51,
      51,
      53,
      56,
      55,
      58,
      55,
      52,
      54,
      52,
      55,
      53,
      52,
      56,
      54,
      53,
      54,
      50,
      53,
      54,
      51,
      51,
      54,
      55,
      51,
      54,
      51,
      52,
      52,
      52,
      45,
      53,
      51,
      55,
      50
    ],
    "每趟標籤": [
      "第1局第1趟",
      "第1局第2趟",
      "第1局第3趟",
      "第1局第4趟",
      "第1局第5趟",
      "第1局第6趟",
      "第2局第1趟",
      "第2局第2趟",
      "第2局第3趟",
      "第2局第4趟",
      "第2局第5趟",
      "第2局第6趟",
      "第3局第1趟",
      "第3局第2趟",
      "第3局第3趟",
      "第3局第4趟",
      "第3局第5趟",
      "第3局第6趟",
      "第4局第1趟",
      "第4局第2趟",
      "第4局第3趟",
      "第4局第4趟",
      "第4局第5趟",
      "第4局第6趟",
      "第5局第1趟",
      "第5局第2趟",
      "第5局第3趟",
      "第5局第4趟",
      "第5局第5趟",
      "第5局第6趟",
      "第6局第1趟",
      "第6局第2趟",
      "第6局第3趟",
      "第6局第4趟",
      "第6局第5趟",
      "第6局第6趟",
      "第7局第1趟",
      "第7局第2趟",
      "第7局第3趟",
      "第7局第4趟",
      "第7局第5趟",
      "第7局第6趟",
      "第8局第1趟",
      "第8局第2趟",
      "第8局第3趟",
      "第8局第4趟",
      "第8局第5趟",
      "第8局第6趟",
      "第9局第1趟",
      "第9局第2趟",
      "第9局第3趟",
      "第9局第4趟",
      "第9局第5趟",
      "第9局第6趟",
      "第10局第1趟",
      "第10局第2趟",
      "第10局第3趟",
      "第10局第4趟",
      "第10局第5趟",
      "第10局第6趟",
      "第11局第1趟",
      "第11局第2趟",
      "第11局第3趟",
      "第11局第4趟",
      "第11局第5趟",
      "第11局第6趟",
      "第12局第1趟",
      "第12局第2趟",
      "第12局第3趟",
      "第12局第4趟",
      "第12局第5趟",
      "第12局第6趟"
    ],
    "最佳單局": {
      "局": [
        8
      ],
      "分數": 326
    },
    "最佳單趟": {
      "趟": [
        "第8局第1趟"
      ],
      "分數": 58
    },
    "穩定度(單局標準差)": 9.630319597788827,
    "單局高低差": 32,
    "平均每趟分數": 51.986111111111114,
    "最後12趟平均": 51.75
  },
  "round_arrows": {
    "第1局箭值": [
      [
        "10",
        "10",
        "9",
        "9",
        "8",
        "6"
      ],
      [
        "10",
        "9",
        "9",
        "8",
        "8",
        "8"
      ],
      [
        "10",
        "10",
        "10",
        "9",
        "9",
        "9"
      ],
      [
        "X",
        "10",
        "9",
        "9",
        "9",
        "8"
      ],
      [
        "10",
        "9",
        "9",
        "8",
        "8",
        "8"
      ],
      [
        "10",
        "9",
        "9",
        "9",
        "8",
        "8"
      ]
    ],
    "第2局箭值": [
      [
        "X",
        "X",
        "9",
        "9",
        "8",
        "8"
      ],
      [
        "9",
        "8",
        "8",
        "8",
        "8",
        "7"
      ],
      [
        "10",
        "10",
        "9",
        "9",
        "9",
        "8"
      ],
      [
        "X",
        "10",
        "9",
        "8",
        "8",
        "7"
      ],
      [
        "10",
        "9",
        "9",
        "9",
        "8",
        "7"
      ],
      [
        "10",
        "9",
        "9",
        "9",
        "8",
        "7"
      ]
    ],
    "第3局箭值": [
      [
        "10",
        "10",
        "9",
        "8",
        "7",
        "7"
      ],
      [
        "10",
        "10",
        "10",
        "9",
        "8",
        "6"
      ],
      [
        "10",
        "10",
        "10",
        "8",
        "7",
        "5"
      ],
      [
        "9",
        "8",
        "8",
        "8",
        "8",
        "7"
      ],
      [
        "10",
        "10",
        "10",
        "8",
        "8",
        "7"
      ],
      [
        "10",
        "10",
        "9",
        "9",
        "8",
        "5"
      ]
    ],
    "第4局箭值": [
      [
        "9",
        "9",
        "9",
        "8",
        "8",
        "6"
      ],
      [
        "9",
        "9",
        "8",
        "8",
        "7",
        "6"
      ],
      [
        "10",
        "9",
        "9",
        "8",
        "8",
        "6"
      ],
      [
        "9",
        "9",
        "9",
        "9",
        "8",
        "8"
      ],
      [
        "9",
        "9",
        "8",
        "8",
        "8",
        "8"
      ],
      [
        "X",
        "9",
        "8",
        "7",
        "6",
        "6"
      ]
    ],
    "第5局箭值": [
      [
        "10",
        "9",
        "9",
        "8",
        "8",
        "7"
      ],
      [
        "9",
        "8",
        "7",
        "7",
        "6",
        "5"
      ],
      [
        "9",
        "9",
        "9",
        "9",
        "8",
        "8"
      ],
      [
        "10",
        "9",
        "9",
        "9",
        "8",
        "6"
      ],
      [
        "10",
        "9",
        "9",
        "8",
        "8",
        "8"
      ],
      [
        "10",
        "10",
        "9",
        "8",
        "8",
        "7"
      ]
    ],
    "第6局箭值": [
      [
        "10",
        "9",
        "8",
        "8",
        "8",
        "6"
      ],
      [
        "10",
        "9",
        "9",
        "8",
        "7",
        "7"
      ],
      [
        "10",
        "10",
        "8",
        "8",
        "7",
        "5"
      ],
      [
        "10",
        "9",
        "8",
        "8",
        "8",
        "8"
      ],
      [
        "10",
        "9",
        "9",
        "9",
        "9",
        "8"
      ],
      [
        "10",
        "10",
        "9",
        "8",
        "8",
        "7"
      ]
    ],
    "第7局箭值": [
      [
        "X",
        "X",
        "10",
        "9",
        "9",
        "9"
      ],
      [
        "X",
        "10",
        "9",
        "8",
        "7",
        "7"
      ],
      [
        "9",
        "9",
        "9",
        "9",
        "8",
        "7"
      ],
      [
        "X",
        "9",
        "9",
        "9",
        "8",
        "8"
      ],
      [
        "X",
        "10",
        "9",
        "9",
        "9",
        "9"
      ],
      [
        "10",
        "9",
        "9",
        "9",
        "9",
        "9"
      ]
    ],