{
  "id": "77aab3c1cc193cbc",
  "name": "江侑軒",
  "unit": "北市萬芳高中",
  "bow": "反曲弓",
  "group": "反曲弓男生",
  "stats": {
    "總名次": 35,
    "總箭數": 432,
    "總分": 3796,
    "分布": {
      "X": 30,
      "10": 89,
      "9": 184,
      "紅圈(7&8)": 106,
      "藍圈(5&6)": 22,
      "M": 0,
      "黃圈(9/10/X)": 303,
      "黑圈(3&4)": 1,
      "白圈(1&2)": 0
    },
    "平均箭值": 8.787037037037036,
    "10分命中率": 0.27546296296296297,
    "9分以上命中率": 0.7013888888888888,
    "10中X比例": 0.25210084033613445,
    "單局分數(12)": [
      327,
      297,
      318,
      319,
      315,
      315,
      325,
      328,
      317,
      315,
      312,
      308
    ],
    "雙局分數(6)": [
      624,
      637,
      630,
      653,
      632,
      620
    ],
    "每趟分數(72)": [
      54,
      54,
      54,
      55,
      57,
      53,
      49,
      50,
      50,
      51,
      49,
      48,
      53,
      56,
      53,
      52,
      56,
      48,
      57,
      55,
      50,
      50,
      51,
      56,
      46,
      54,
      55,
      52,
      55,
      53,
      55,
      53,
      48,
      55,
      51,
      53,
      53,
      54,
      54,
      55,
      53,
      56,
      55,
      55,
      55,
      55,
      56,
      52,
      53,
      53,
      56,
      49,
      48,
      58,
      52,
      53,
      53,
      53,
      53,
      51,
      54,
      51,
      51,
      53,
      55,
      48,
      54,
      53,
      49,
      50,
      51,
      51
    ],
    "每趟標籤": [
      "第1局第1趟",
      "第1局第2趟",
      "第1局第3趟",
      "第1局第4趟",
      "第1局第5趟",
      "第1局第6趟",
      "第2局第1趟",
      "第2局第2趟",
      "第2局第3趟",
      "第2局第4趟",
      "第2局第5趟",
      "第2局第6趟",
      "第3局第1趟",
      "第3局第2趟",
      "第3局第3趟",
      "第3局第4趟",
      "第3局第5趟",
      "第3局第6趟",
      "第4局第1趟",
      "第4局第2趟",
      "第4局第3趟",
      "第4局第4趟",
      "第4局第5趟",
      "第4局第6趟",
      "第5局第1趟",
      "第5局第2趟",
      "第5局第3趟",
      "第5局第4趟",
      "第5局第5趟",
      "第5局第6趟",
      "第6局第1趟",
      "第6局第2趟",
      "第6局第3趟",
      "第6局第4趟",
      "第6局第5趟",
      "第6局第6趟",
      "第7局第1趟",
      "第7局第2趟",
      "第7局第3趟",
      "第7局第4趟",
      "第7局第5趟",
      "第7局第6趟",
      "第8局第1趟",
      "第8局第2趟",
      "第8局第3趟",
      "第8局第4趟",
      "第8局第5趟",
      "第8局第6趟",
      "第9局第1趟",
      "第9局第2趟",
      "第9局第3趟",
      "第9局第4趟",
      "第9局第5趟",
      "第9局第6趟",
      "第10局第1趟",
      "第10局第2趟",
      "第10局第3趟",
      "第10局第4趟",
      "第10局第5趟",
      "第10局第6趟",
      "第11局第1趟",
      "第11局第2趟",
      "第11局第3趟",
      "第11局第4趟",
      "第11局第5趟",
      "第11局第6趟",
      "第12局第1趟",
      "第12局第2趟",
      "第12局第3趟",
      "第12局第4趟",
      "第12局第5趟",
      "第12局第6趟"
    ],
    "最佳單局": {
      "局": [
        8
      ],
      "分數": 328
    },
    "最佳單趟": {
      "趟": [
        "第9局第6趟"
      ],
      "分數": 58
    },
    "穩定度(單局標準差)": 8.178562764256863,
    "單局高低差": 31,
    "平均每趟分數": 52.72222222222222,
    "最後12趟平均": 51.666666666666664
  },
  "round_arrows": {
    "第1局箭值": [
      [
        "X",
        "10",
        "9",
        "9",
        "8",
        "8"
      ],
      [
        "10",
        "10",
        "9",
        "9",
        "8",
        "8"
      ],
      [
        "10",
        "10",
        "9",
        "9",
        "8",
        "8"
      ],
      [
        "X",
        "X",
        "10",
        "9",
        "8",
        "8"
      ],
      [
        "X",
        "X",
        "10",
        "9",
        "9",
        "9"
      ],
      [
        "9",
        "9",
        "9",
        "9",
        "9",
        "8"
      ]
    ],
    "第2局箭值": [
      [
        "10",
        "9",
        "8",
        "8",
        "7",
        "7"
      ],
      [
        "10",
        "9",
        "9",
        "8",
        "8",
        "6"
      ],
      [
        "10",
        "9",
        "9",
        "8",
        "8",
        "6"
      ],
      [
        "X",
        "10",
        "9",
        "9",
        "8",
        "5"
      ],
      [
        "9",
        "9",
        "9",
        "9",
        "7",
        "6"
      ],
      [
        "9",
        "9",
        "8",
        "8",
        "7",
        "7"
      ]
    ],
    "第3局箭值": [
      [
        "9",
        "9",
        "9",
        "9",
        "9",
        "8"
      ],
      [
        "10",
        "10",
        "9",
        "9",
        "9",
        "9"
      ],
      [
        "X",
        "X",
        "9",
        "8",
        "8",
        "8"
      ],
      [
        "X",
        "10",
        "9",
        "9",
        "8",
        "6"
      ],
      [
        "X",
        "10",
        "10",
        "9",
        "9",
        "8"
      ],
      [
        "10",
        "10",
        "8",
        "8",
        "6",
        "6"
      ]
    ],
    "第4局箭值": [
      [
        "10",
        "10",
        "10",
        "10",
        "9",
        "8"
      ],
      [
        "X",
        "X",
        "10",
        "10",
        "9",
        "6"
      ],
      [
        "10",
        "10",
        "10",
        "10",
        "7",
        "3"
      ],
      [
        "10",
        "10",
        "10",
        "9",
        "6",
        "5"
      ],
      [
        "X",
        "10",
        "10",
        "9",
        "7",
        "5"
      ],
      [
        "10",
        "10",
        "10",
        "9",
        "9",
        "8"
      ]
    ],
    "第5局箭值": [
      [
        "9",
        "9",
        "9",
        "7",
        "7",
        "5"
      ],
      [
        "10",
        "9",
        "9",
        "9",
        "9",
        "8"
      ],
      [
        "10",
        "10",
        "9",
        "9",
        "9",
        "8"
      ],
      [
        "X",
        "10",
        "9",
        "9",
        "8",
        "6"
      ],
      [
        "X",
        "10",
        "10",
        "9",
        "9",
        "7"
      ],
      [
        "9",
        "9",
        "9",
        "9",
        "9",
        "8"
      ]
    ],
    "第6局箭值": [
      [
        "X",
        "10",
        "10",
        "9",
        "9",
        "7"
      ],
      [
        "10",
        "10",
        "9",
        "9",
        "8",
        "7"
      ],
      [
        "10",
        "9",
        "9",
        "9",
        "6",
        "5"
      ],
      [
        "10",
        "9",
        "9",
        "9",
        "9",
        "9"
      ],
      [
        "X",
        "10",
        "9",
        "9",
        "7",
        "6"
      ],
      [
        "X",
        "10",
        "9",
        "9",
        "8",
        "7"
      ]
    ],
    "第7局箭值": [
      [
        "10",
        "9",
        "9",
        "9",
        "8",
        "8"
      ],
      [
        "X",
        "10",
        "9",
        "9",
        "8",
        "8"
      ],
      [
        "10",
        "9",
        "9",
        "9",
        "9",
        "8"
      ],
      [
        "X",
        "X",
        "9",
        "9",
        "9",
        "8"
      ],
      [
        "10",
        "10",
        "9",
        "9",
        "9",
        "6"
      ],
      [
        "X",
        "10",
        "10",
        "9",
        "9",
        "8"
      ]
    ],