{
  "id": "782a6fa925f2de5a",
  "name": "顏庭瑜",
  "unit": "國立體育大學",
  "bow": "反曲弓",
  "group": "反曲弓女生",
  "stats": {
    "總名次": 35,
    "總箭數": 432,
    "總分": 3711,
    "分布": {
      "X": 37,
      "10": 61,
      "9": 157,
      "紅圈(7&8)": 156,
      "藍圈(5&6)": 21,
      "M": 0,
      "黃圈(9/10/X)": 255,
      "黑圈(3&4)": 0,
      "白圈(1&2)": 0
    },
    "平均箭值": 8.590277777777779,
    "10分命中率": 0.22685185185185186,
    "9分以上命中率": 0.5902777777777778,
    "10中X比例": 0.37755102040816324,
    "單局分數(12)": [
      307,
      315,
      307,
      311,
      324,
      307,
      307,
      306,
      308,
      308,
      307,
      304
    ],
    "雙局分數(6)": [
      622,
      618,
      631,
      613,
      616,
      611
    ],
    "每趟分數(72)": [
      54,
      52,
      49,
      47,
      53,
      52,
      54,
      51,
      52,
      54,
      54,
      50,
      51,
      54,
      54,
      52,
      46,
      50,
      51,
      51,
      51,
      52,
      56,
      50,
      53,
      54,
      55,
      53,
      55,
      54,
      53,
      54,
      51,
      45,
      53,
      51,
      54,
      56,
      53,
      52,
      44,
      48,
      53,
      54,
      45,
      51,
      55,
      48,
      54,
      57,
      44,
      54,
      51,
      48,
      51,
      45,
      51,
      57,
      53,
      51,
      50,
      54,
      52,
      55,
      47,
      49,
      56,
      52,
      50,
      45,
      49,
      52
    ],
    "每趟標籤": [
      "第1局第1趟",
      "第1局第2趟",
      "第1局第3趟",
      "第1局第4趟",
      "第1局第5趟",
      "第1局第6趟",
      "第2局第1趟",
      "第2局第2趟",
      "第2局第3趟",
      "第2局第4趟",
      "第2局第5趟",
      "第2局第6趟",
      "第3局第1趟",
      "第3局第2趟",
      "第3局第3趟",
      "第3局第4趟",
      "第3局第5趟",
      "第3局第6趟",
      "第4局第1趟",
      "第4局第2趟",
      "第4局第3趟",
      "第4局第4趟",
      "第4局第5趟",
      "第4局第6趟",
      "第5局第1趟",
      "第5局第2趟",
      "第5局第3趟",
      "第5局第4趟",
      "第5局第5趟",
      "第5局第6趟",
      "第6局第1趟",
      "第6局第2趟",
      "第6局第3趟",
      "第6局第4趟",
      "第6局第5趟",
      "第6局第6趟",
      "第7局第1趟",
      "第7局第2趟",
      "第7局第3趟",
      "第7局第4趟",
      "第7局第5趟",
      "第7局第6趟",
      "第8局第1趟",
      "第8局第2趟",
      "第8局第3趟",
      "第8局第4趟",
      "第8局第5趟",
      "第8局第6趟",
      "第9局第1趟",
      "第9局第2趟",
      "第9局第3趟",
      "第9局第4趟",
      "第9局第5趟",
      "第9局第6趟",
      "第10局第1趟",
      "第10局第2趟",
      "第10局第3趟",
      "第10局第4趟",
      "第10局第5趟",
      "第10局第6趟",
      "第11局第1趟",
      "第11局第2趟",
      "第11局第3趟",
      "第11局第4趟",
      "第11局第5趟",
      "第11局第6趟",
      "第12局第1趟",
      "第12局第2趟",
      "第12局第3趟",
      "第12局第4趟",
      "第12局第5趟",
      "第12局第6趟"
    ],
    "最佳單局": {
      "局": [
        5
      ],
      "分數": 324
    },
    "最佳單趟": {
      "趟": [
        "第9局第2趟",
        "第10局第4趟"
      ],
      "分數": 57
    },
    "穩定度(單局標準差)": 5.165994579942956,
    "單局高低差": 20,
    "平均每趟分數": 51.541666666666664,
    "最後12趟平均": 50.916666666666664
  },
  "round_arrows": {
    "第1局箭值": [
      [
        "X",
        "10",
        "9",
        "9",
        "8",
        "8"
      ],
      [
        "9",
        "9",
        "9",
        "9",
        "8",
        "8"
      ],
      [
        "X",
        "10",
        "8",
        "8",
        "7",
        "6"
      ],
      [
        "10",
        "9",
        "8",
        "8",
        "7",
        "5"
      ],
      [
        "X",
        "9",
        "9",
        "9",
        "9",
        "7"
      ],
      [
        "9",
        "9",
        "9",
        "9",
        "8",
        "8"
      ]
    ],
    "第2局箭值": [
      [
        "10",
        "9",
        "9",
        "9",
        "9",
        "8"
      ],
      [
        "X",
        "10",
        "9",
        "8",
        "8",
        "6"
      ],
      [
        "9",
        "9",
        "9",
        "9",
        "9",
        "7"
      ],
      [
        "X",
        "X",
        "9",
        "9",
        "9",
        "7"
      ],
      [
        "X",
        "10",
        "10",
        "9",
        "8",
        "7"
      ],
      [
        "X",
        "9",
        "9",
        "9",
        "7",
        "6"
      ]
    ],
    "第3局箭值": [
      [
        "X",
        "10",
        "9",
        "8",
        "7",
        "7"
      ],
      [
        "X",
        "X",
        "X",
        "9",
        "9",
        "6"
      ],
      [
        "10",
        "9",
        "9",
        "9",
        "9",
        "8"
      ],
      [
        "10",
        "9",
        "9",
        "8",
        "8",
        "8"
      ],
      [
        "9",
        "8",
        "8",
        "8",
        "8",
        "5"
      ],
      [
        "10",
        "9",
        "9",
        "8",
        "7",
        "7"
      ]
    ],
    "第4局箭值": [
      [
        "10",
        "9",
        "9",
        "8",
        "8",
        "7"
      ],
      [
        "9",
        "9",
        "9",
        "8",
        "8",
        "8"
      ],
      [
        "10",
        "9",
        "9",
        "8",
        "8",
        "7"
      ],
      [
        "10",
        "9",
        "9",
        "9",
        "8",
        "7"
      ],
      [
        "X",
        "10",
        "9",
        "9",
        "9",
        "9"
      ],
      [
        "X",
        "10",
        "8",
        "8",
        "7",
        "7"
      ]
    ],
    "第5局箭值": [
      [
        "X",
        "9",
        "9",
        "9",
        "8",
        "8"
      ],
      [
        "X",
        "X",
        "9",
        "9",
        "8",
        "8"
      ],
      [
        "X",
        "10",
        "9",
        "9",
        "9",
        "8"
      ],
      [
        "X",
        "9",
        "9",
        "9",
        "8",
        "8"
      ],
      [
        "10",
        "10",
        "10",
        "9",
        "8",
        "8"
      ],
      [
        "X",
        "10",
        "9",
        "9",
        "9",
        "7"
      ]
    ],
    "第6局箭值": [
      [
        "X",
        "9",
        "9",
        "9",
        "8",
        "8"
      ],
      [
        "10",
        "10",
        "9",
        "9",
        "8",
        "8"
      ],
      [
        "10",
        "9",
        "9",
        "8",
        "8",
        "7"
      ],
      [
        "10",
        "8",
        "7",
        "7",
        "7",
        "6"
      ],
      [
        "10",
        "10",
        "9",
        "9",
        "8",
        "7"
      ],
      [
        "10",
        "9",
        "9",
        "9",
        "7",
        "7"
      ]
    ],
    "第7局箭值": [
      [
        "10",
        "10",
        "9",
        "9",
        "8",
        "8"
      ],
      [
        "X",
        "10",
        "10",
        "9",
        "9",
        "8"
      ],
      [
        "10",
        "9",
        "9",
        "9",
        "8",
        "8"
      ],
      [
        "10",
        "10",
        "9",
        "9",
        "7",
        "7"
      ],
      [
        "8",
        "8",
        "8",
        "8",
        "6",
        "6"
      ],
      [
        "X",
        "8",
        "8",
        "8",
        "7",
        "7"
      ]
    ],