{
  "id": "7d11f63c54f4da93",
  "name": "嚴子喬",
  "unit": "國立體育大學",
  "bow": "反曲弓",
  "group": "反曲弓女生",
  "stats": {
    "總名次": 27,
    "總箭數": 432,
    "總分": 3782,
    "分布": {
      "X": 31,
      "10": 80,
      "9": 177,
      "紅圈(7&8)": 129,
      "藍圈(5&6)": 13,
      "M": 0,
      "黃圈(9/10/X)": 288,
      "黑圈(3&4)": 2,
      "白圈(1&2)": 0
    },
    "平均箭值": 8.75462962962963,
    "10分命中率": 0.2569444444444444,
    "9分以上命中率": 0.6666666666666666,
    "10中X比例": 0.27927927927927926,
    "單局分數(12)": [
      310,
      313,
      309,
      316,
      315,
      310,
      321,
      318,
      316,
      329,
      314,
      311
    ],
    "雙局分數(6)": [
      623,
      625,
      625,
      639,
      645,
      625
    ],
    "每趟分數(72)": [
      53,
      51,
      52,
      52,
      52,
      50,
      53,
      53,
      49,
      50,
      53,
      55,
      51,
      54,
      53,
      52,
      54,
      45,
      49,
      57,
      56,
      49,
      53,
      52,
      51,
      50,
      51,
      56,
      52,
      55,
      52,
      50,
      49,
      54,
      56,
      49,
      52,
      53,
      56,
      55,
      54,
      51,
      53,
      56,
      53,
      55,
      49,
      52,
      53,
      56,
      52,
      49,
      52,
      54,
      54,
      52,
      56,
      58,
      51,
      58,
      53,
      55,
      51,
      50,
      49,
      56,
      52,
      49,
      52,
      53,
      52,
      53
    ],
    "每趟標籤": [
      "第1局第1趟",
      "第1局第2趟",
      "第1局第3趟",
      "第1局第4趟",
      "第1局第5趟",
      "第1局第6趟",
      "第2局第1趟",
      "第2局第2趟",
      "第2局第3趟",
      "第2局第4趟",
      "第2局第5趟",
      "第2局第6趟",
      "第3局第1趟",
      "第3局第2趟",
      "第3局第3趟",
      "第3局第4趟",
      "第3局第5趟",
      "第3局第6趟",
      "第4局第1趟",
      "第4局第2趟",
      "第4局第3趟",
      "第4局第4趟",
      "第4局第5趟",
      "第4局第6趟",
      "第5局第1趟",
      "第5局第2趟",
      "第5局第3趟",
      "第5局第4趟",
      "第5局第5趟",
      "第5局第6趟",
      "第6局第1趟",
      "第6局第2趟",
      "第6局第3趟",
      "第6局第4趟",
      "第6局第5趟",
      "第6局第6趟",
      "第7局第1趟",
      "第7局第2趟",
      "第7局第3趟",
      "第7局第4趟",
      "第7局第5趟",
      "第7局第6趟",
      "第8局第1趟",
      "第8局第2趟",
      "第8局第3趟",
      "第8局第4趟",
      "第8局第5趟",
      "第8局第6趟",
      "第9局第1趟",
      "第9局第2趟",
      "第9局第3趟",
      "第9局第4趟",
      "第9局第5趟",
      "第9局第6趟",
      "第10局第1趟",
      "第10局第2趟",
      "第10局第3趟",
      "第10局第4趟",
      "第10局第5趟",
      "第10局第6趟",
      "第11局第1趟",
      "第11局第2趟",
      "第11局第3趟",
      "第11局第4趟",
      "第11局第5趟",
      "第11局第6趟",
      "第12局第1趟",
      "第12局第2趟",
      "第12局第3趟",
      "第12局第4趟",
      "第12局第5趟",
      "第12局第6趟"
    ],
    "最佳單局": {
      "局": [
        10
      ],
      "分數": 329
    },
    "最佳單趟": {
      "趟": [
        "第10局第4趟",
        "第10局第6趟"
      ],
      "分數": 58
    },
    "穩定度(單局標準差)": 5.398044913567215,
    "單局高低差": 20,
    "平均每趟分數": 52.52777777777778,
    "最後12趟平均": 52.083333333333336
  },
  "round_arrows": {
    "第1局箭值": [
      [
        "X",
        "10",
        "10",
        "9",
        "7",
        "7"
      ],
      [
        "10",
        "10",
        "9",
        "8",
        "8",
        "6"
      ],
      [
        "9",
        "9",
        "9",
        "9",
        "8",
        "8"
      ],
      [
        "10",
        "9",
        "9",
        "9",
        "8",
        "7"
      ],
      [
        "10",
        "9",
        "9",
        "9",
        "8",
        "7"
      ],
      [
        "10",
        "9",
        "9",
        "8",
        "7",
        "7"
      ]
    ],
    "第2局箭值": [
      [
        "10",
        "9",
        "9",
        "9",
        "9",
        "7"
      ],
      [
        "10",
        "9",
        "9",
        "9",
        "8",
        "8"
      ],
      [
        "9",
        "9",
        "9",
        "8",
        "8",
        "6"
      ],
      [
        "10",
        "9",
        "9",
        "8",
        "8",
        "6"
      ],
      [
        "10",
        "9",
        "9",
        "9",
        "8",
        "8"
      ],
      [
        "10",
        "9",
        "9",
        "9",
        "9",
        "9"
      ]
    ],
    "第3局箭值": [
      [
        "10",
        "10",
        "9",
        "8",
        "7",
        "7"
      ],
      [
        "X",
        "9",
        "9",
        "9",
        "9",
        "8"
      ],
      [
        "10",
        "10",
        "9",
        "8",
        "8",
        "8"
      ],
      [
        "10",
        "9",
        "9",
        "8",
        "8",
        "8"
      ],
      [
        "X",
        "10",
        "9",
        "9",
        "8",
        "8"
      ],
      [
        "10",
        "9",
        "8",
        "8",
        "7",
        "3"
      ]
    ],
    "第4局箭值": [
      [
        "X",
        "9",
        "9",
        "9",
        "7",
        "5"
      ],
      [
        "10",
        "10",
        "10",
        "10",
        "9",
        "8"
      ],
      [
        "10",
        "10",
        "10",
        "10",
        "9",
        "7"
      ],
      [
        "10",
        "10",
        "8",
        "8",
        "7",
        "6"
      ],
      [
        "10",
        "9",
        "9",
        "9",
        "9",
        "7"
      ],
      [
        "10",
        "10",
        "8",
        "8",
        "8",
        "8"
      ]
    ],
    "第5局箭值": [
      [
        "9",
        "9",
        "9",
        "9",
        "8",
        "7"
      ],
      [
        "10",
        "9",
        "9",
        "8",
        "8",
        "6"
      ],
      [
        "10",
        "9",
        "9",
        "9",
        "8",
        "6"
      ],
      [
        "X",
        "10",
        "10",
        "9",
        "9",
        "8"
      ],
      [
        "10",
        "10",
        "9",
        "9",
        "7",
        "7"
      ],
      [
        "X",
        "X",
        "X",
        "10",
        "8",
        "7"
      ]
    ],
    "第6局箭值": [
      [
        "9",
        "9",
        "9",
        "9",
        "8",
        "8"
      ],
      [
        "X",
        "9",
        "9",
        "8",
        "7",
        "7"
      ],
      [
        "X",
        "10",
        "9",
        "9",
        "8",
        "3"
      ],
      [
        "9",
        "9",
        "9",
        "9",
        "9",
        "9"
      ],
      [
        "X",
        "10",
        "9",
        "9",
        "9",
        "9"
      ],
      [
        "9",
        "9",
        "9",
        "9",
        "8",
        "5"
      ]
    ],
    "第7局箭值": [
      [
        "10",
        "9",
        "9",
        "9",
        "8",
        "7"
      ],
      [
        "10",
        "10",
        "9",
        "8",
        "8",
        "8"
      ],
      [
        "10",
        "10",
        "10",
        "9",
        "9",
        "8"
      ],
      [
        "10",
        "10",
        "9",
        "9",
        "9",
        "8"
      ],
      [
        "10",
        "10",
        "9",
        "9",
        "8",
        "8"
      ],
      [
        "X",
        "9",
        "9",
        "9",
        "8",
        "6"
      ]
    ],