{
  "id": "7f9a6feae0b9e4eb",
  "name": "陳佑欣",
  "unit": "雲縣林內國中",
  "bow": "反曲弓",
  "group": "反曲弓女生",
  "stats": {
    "總名次": 54,
    "總箭數": 432,
    "總分": 3301,
    "分布": {
      "X": 19,
      "10": 26,
      "9": 103,
      "紅圈(7&8)": 198,
      "藍圈(5&6)": 67,
      "M": 2,
      "黃圈(9/10/X)": 148,
      "黑圈(3&4)": 14,
      "白圈(1&2)": 3
    },
    "平均箭值": 7.641203703703703,
    "10分命中率": 0.10416666666666667,
    "9分以上命中率": 0.3425925925925926,
    "10中X比例": 0.4222222222222222,
    "單局分數(12)": [
      266,
      272,
      287,
      296,
      266,
      279,
      273,
      273,
      258,
      290,
      270,
      271
    ],
    "雙局分數(6)": [
      538,
      583,
      545,
      546,
      548,
      541
    ],
    "每趟分數(72)": [
      38,
      47,
      45,
      51,
      35,
      50,
      50,
      49,
      51,
      32,
      45,
      45,
      51,
      46,
      46,
      52,
      47,
      45,
      50,
      51,
      51,
      46,
      49,
      49,
      41,
      38,
      40,
      49,
      50,
      48,
      51,
      43,
      51,
      47,
      43,
      44,
      45,
      33,
      49,
      48,
      48,
      50,
      43,
      51,
      36,
      50,
      49,
      44,
      41,
      40,
      41,
      46,
      45,
      45,
      47,
      49,
      48,
      47,
      49,
      50,
      42,
      47,
      42,
      45,
      45,
      49,
      49,
      43,
      43,
      44,
      49,
      43
    ],
    "每趟標籤": [
      "第1局第1趟",
      "第1局第2趟",
      "第1局第3趟",
      "第1局第4趟",
      "第1局第5趟",
      "第1局第6趟",
      "第2局第1趟",
      "第2局第2趟",
      "第2局第3趟",
      "第2局第4趟",
      "第2局第5趟",
      "第2局第6趟",
      "第3局第1趟",
      "第3局第2趟",
      "第3局第3趟",
      "第3局第4趟",
      "第3局第5趟",
      "第3局第6趟",
      "第4局第1趟",
      "第4局第2趟",
      "第4局第3趟",
      "第4局第4趟",
      "第4局第5趟",
      "第4局第6趟",
      "第5局第1趟",
      "第5局第2趟",
      "第5局第3趟",
      "第5局第4趟",
      "第5局第5趟",
      "第5局第6趟",
      "第6局第1趟",
      "第6局第2趟",
      "第6局第3趟",
      "第6局第4趟",
      "第6局第5趟",
      "第6局第6趟",
      "第7局第1趟",
      "第7局第2趟",
      "第7局第3趟",
      "第7局第4趟",
      "第7局第5趟",
      "第7局第6趟",
      "第8局第1趟",
      "第8局第2趟",
      "第8局第3趟",
      "第8局第4趟",
      "第8局第5趟",
      "第8局第6趟",
      "第9局第1趟",
      "第9局第2趟",
      "第9局第3趟",
      "第9局第4趟",
      "第9局第5趟",
      "第9局第6趟",
      "第10局第1趟",
      "第10局第2趟",
      "第10局第3趟",
      "第10局第4趟",
      "第10局第5趟",
      "第10局第6趟",
      "第11局第1趟",
      "第11局第2趟",
      "第11局第3趟",
      "第11局第4趟",
      "第11局第5趟",
      "第11局第6趟",
      "第12局第1趟",
      "第12局第2趟",
      "第12局第3趟",
      "第12局第4趟",
      "第12局第5趟",
      "第12局第6趟"
    ],
    "最佳單局": {
      "局": [
        4
      ],
      "分數": 296
    },
    "最佳單趟": {
      "趟": [
        "第3局第4趟"
      ],
      "分數": 52
    },
    "穩定度(單局標準差)": 10.54718235148874,
    "單局高低差": 38,
    "平均每趟分數": 45.84722222222222,
    "最後12趟平均": 45.083333333333336
  },
  "round_arrows": {
    "第1局箭值": [
      [
        "9",
        "8",
        "8",
        "6",
        "6",
        "1"
      ],
      [
        "9",
        "9",
        "9",
        "8",
        "6",
        "6"
      ],
      [
        "10",
        "9",
        "7",
        "7",
        "7",
        "5"
      ],
      [
        "9",
        "9",
        "9",
        "9",
        "8",
        "7"
      ],
      [
        "8",
        "7",
        "6",
        "6",
        "5",
        "3"
      ],
      [
        "10",
        "9",
        "8",
        "8",
        "8",
        "7"
      ]
    ],
    "第2局箭值": [
      [
        "10",
        "10",
        "8",
        "8",
        "7",
        "7"
      ],
      [
        "10",
        "9",
        "9",
        "8",
        "8",
        "5"
      ],
      [
        "X",
        "10",
        "9",
        "9",
        "8",
        "5"
      ],
      [
        "9",
        "8",
        "5",
        "5",
        "3",
        "2"
      ],
      [
        "9",
        "9",
        "8",
        "7",
        "6",
        "6"
      ],
      [
        "9",
        "8",
        "8",
        "7",
        "7",
        "6"
      ]
    ],
    "第3局箭值": [
      [
        "10",
        "10",
        "9",
        "8",
        "7",
        "7"
      ],
      [
        "X",
        "8",
        "7",
        "7",
        "7",
        "7"
      ],
      [
        "9",
        "9",
        "8",
        "8",
        "6",
        "6"
      ],
      [
        "X",
        "9",
        "9",
        "8",
        "8",
        "8"
      ],
      [
        "9",
        "9",
        "8",
        "8",
        "7",
        "6"
      ],
      [
        "9",
        "9",
        "8",
        "7",
        "6",
        "6"
      ]
    ],
    "第4局箭值": [
      [
        "X",
        "9",
        "9",
        "8",
        "8",
        "6"
      ],
      [
        "10",
        "9",
        "9",
        "8",
        "8",
        "7"
      ],
      [
        "9",
        "9",
        "9",
        "8",
        "8",
        "8"
      ],
      [
        "9",
        "9",
        "8",
        "8",
        "7",
        "5"
      ],
      [
        "9",
        "9",
        "9",
        "8",
        "7",
        "7"
      ],
      [
        "10",
        "9",
        "8",
        "8",
        "7",
        "7"
      ]
    ],
    "第5局箭值": [
      [
        "9",
        "9",
        "7",
        "7",
        "5",
        "4"
      ],
      [
        "X",
        "9",
        "8",
        "6",
        "5",
        "M"
      ],
      [
        "9",
        "8",
        "8",
        "6",
        "5",
        "4"
      ],
      [
        "10",
        "9",
        "9",
        "8",
        "7",
        "6"
      ],
      [
        "X",
        "9",
        "9",
        "8",
        "8",
        "6"
      ],
      [
        "9",
        "8",
        "8",
        "8",
        "8",
        "7"
      ]
    ],
    "第6局箭值": [
      [
        "X",
        "10",
        "8",
        "8",
        "8",
        "7"
      ],
      [
        "10",
        "8",
        "7",
        "7",
        "6",
        "5"
      ],
      [
        "9",
        "9",
        "9",
        "9",
        "8",
        "7"
      ],
      [
        "X",
        "10",
        "8",
        "7",
        "7",
        "5"
      ],
      [
        "9",
        "8",
        "7",
        "7",
        "6",
        "6"
      ],
      [
        "9",
        "8",
        "8",
        "7",
        "7",
        "5"
      ]
    ],
    "第7局箭值": [
      [
        "9",
        "8",
        "8",
        "8",
        "7",
        "5"
      ],
      [
        "X",
        "7",
        "6",
        "6",
        "4",
        "M"
      ],
      [
        "9",
        "9",
        "9",
        "9",
        "7",
        "6"
      ],
      [
        "9",
        "9",
        "9",
        "7",
        "7",
        "7"
      ],
      [
        "X",
        "8",
        "8",
        "8",
        "7",
        "7"
      ],
      [
        "X",
        "X",
        "9",
        "7",
        "7",
        "7"
      ]
    ],