{
  "id": "81665ba699131ced",
  "name": "劉哲翰",
  "unit": "國立體育大學",
  "bow": "反曲弓",
  "group": "反曲弓男生",
  "stats": {
    "總名次": 45,
    "總箭數": 432,
    "總分": 3749,
    "分布": {
      "X": 34,
      "10": 68,
      "9": 168,
      "紅圈(7&8)": 149,
      "藍圈(5&6)": 12,
      "M": 0,
      "黃圈(9/10/X)": 270,
      "黑圈(3&4)": 0,
      "白圈(1&2)": 1
    },
    "平均箭值": 8.67824074074074,
    "10分命中率": 0.2361111111111111,
    "9分以上命中率": 0.625,
    "10中X比例": 0.3333333333333333,
    "單局分數(12)": [
      320,
      313,
      309,
      301,
      312,
      319,
      311,
      317,
      308,
      305,
      321,
      313
    ],
    "雙局分數(6)": [
      633,
      610,
      631,
      628,
      613,
      634
    ],
    "每趟分數(72)": [
      53,
      53,
      50,
      53,
      56,
      55,
      48,
      52,
      53,
      54,
      53,
      53,
      52,
      52,
      51,
      50,
      52,
      52,
      47,
      55,
      52,
      45,
      49,
      53,
      50,
      54,
      50,
      51,
      51,
      56,
      52,
      52,
      57,
      54,
      53,
      51,
      49,
      53,
      53,
      52,
      48,
      56,
      54,
      55,
      54,
      54,
      50,
      50,
      50,
      53,
      48,
      53,
      51,
      53,
      49,
      50,
      51,
      54,
      49,
      52,
      50,
      54,
      49,
      55,
      58,
      55,
      52,
      56,
      53,
      51,
      52,
      49
    ],
    "每趟標籤": [
      "第1局第1趟",
      "第1局第2趟",
      "第1局第3趟",
      "第1局第4趟",
      "第1局第5趟",
      "第1局第6趟",
      "第2局第1趟",
      "第2局第2趟",
      "第2局第3趟",
      "第2局第4趟",
      "第2局第5趟",
      "第2局第6趟",
      "第3局第1趟",
      "第3局第2趟",
      "第3局第3趟",
      "第3局第4趟",
      "第3局第5趟",
      "第3局第6趟",
      "第4局第1趟",
      "第4局第2趟",
      "第4局第3趟",
      "第4局第4趟",
      "第4局第5趟",
      "第4局第6趟",
      "第5局第1趟",
      "第5局第2趟",
      "第5局第3趟",
      "第5局第4趟",
      "第5局第5趟",
      "第5局第6趟",
      "第6局第1趟",
      "第6局第2趟",
      "第6局第3趟",
      "第6局第4趟",
      "第6局第5趟",
      "第6局第6趟",
      "第7局第1趟",
      "第7局第2趟",
      "第7局第3趟",
      "第7局第4趟",
      "第7局第5趟",
      "第7局第6趟",
      "第8局第1趟",
      "第8局第2趟",
      "第8局第3趟",
      "第8局第4趟",
      "第8局第5趟",
      "第8局第6趟",
      "第9局第1趟",
      "第9局第2趟",
      "第9局第3趟",
      "第9局第4趟",
      "第9局第5趟",
      "第9局第6趟",
      "第10局第1趟",
      "第10局第2趟",
      "第10局第3趟",
      "第10局第4趟",
      "第10局第5趟",
      "第10局第6趟",
      "第11局第1趟",
      "第11局第2趟",
      "第11局第3趟",
      "第11局第4趟",
      "第11局第5趟",
      "第11局第6趟",
      "第12局第1趟",
      "第12局第2趟",
      "第12局第3趟",
      "第12局第4趟",
      "第12局第5趟",
      "第12局第6趟"
    ],
    "最佳單局": {
      "局": [
        11
      ],
      "分數": 321
    },
    "最佳單趟": {
      "趟": [
        "第11局第5趟"
      ],
      "分數": 58
    },
    "穩定度(單局標準差)": 5.880169120772709,
    "單局高低差": 20,
    "平均每趟分數": 52.06944444444444,
    "最後12趟平均": 52.833333333333336
  },
  "round_arrows": {
    "第1局箭值": [
      [
        "10",
        "9",
        "9",
        "9",
        "8",
        "8"
      ],
      [
        "10",
        "9",
        "9",
        "9",
        "8",
        "8"
      ],
      [
        "10",
        "9",
        "9",
        "8",
        "7",
        "7"
      ],
      [
        "9",
        "9",
        "9",
        "9",
        "9",
        "8"
      ],
      [
        "10",
        "10",
        "10",
        "9",
        "9",
        "8"
      ],
      [
        "X",
        "10",
        "10",
        "9",
        "8",
        "8"
      ]
    ],
    "第2局箭值": [
      [
        "10",
        "8",
        "8",
        "8",
        "7",
        "7"
      ],
      [
        "10",
        "9",
        "9",
        "9",
        "8",
        "7"
      ],
      [
        "X",
        "9",
        "9",
        "9",
        "8",
        "8"
      ],
      [
        "10",
        "10",
        "9",
        "9",
        "8",
        "8"
      ],
      [
        "9",
        "9",
        "9",
        "9",
        "9",
        "8"
      ],
      [
        "X",
        "10",
        "10",
        "8",
        "8",
        "7"
      ]
    ],
    "第3局箭值": [
      [
        "10",
        "9",
        "9",
        "9",
        "8",
        "7"
      ],
      [
        "10",
        "10",
        "9",
        "9",
        "7",
        "7"
      ],
      [
        "9",
        "9",
        "9",
        "9",
        "8",
        "7"
      ],
      [
        "10",
        "9",
        "8",
        "8",
        "8",
        "7"
      ],
      [
        "9",
        "9",
        "9",
        "9",
        "8",
        "8"
      ],
      [
        "10",
        "10",
        "9",
        "8",
        "8",
        "7"
      ]
    ],
    "第4局箭值": [
      [
        "9",
        "9",
        "8",
        "8",
        "8",
        "5"
      ],
      [
        "X",
        "X",
        "9",
        "9",
        "9",
        "8"
      ],
      [
        "10",
        "9",
        "9",
        "9",
        "8",
        "7"
      ],
      [
        "10",
        "9",
        "9",
        "8",
        "7",
        "2"
      ],
      [
        "X",
        "9",
        "9",
        "8",
        "7",
        "6"
      ],
      [
        "10",
        "9",
        "9",
        "9",
        "8",
        "8"
      ]
    ],
    "第5局箭值": [
      [
        "10",
        "9",
        "8",
        "8",
        "8",
        "7"
      ],
      [
        "X",
        "10",
        "9",
        "9",
        "8",
        "8"
      ],
      [
        "X",
        "10",
        "9",
        "8",
        "7",
        "6"
      ],
      [
        "10",
        "10",
        "9",
        "8",
        "8",
        "6"
      ],
      [
        "9",
        "9",
        "9",
        "9",
        "8",
        "7"
      ],
      [
        "X",
        "10",
        "9",
        "9",
        "9",
        "9"
      ]
    ],
    "第6局箭值": [
      [
        "X",
        "9",
        "9",
        "8",
        "8",
        "8"
      ],
      [
        "X",
        "10",
        "9",
        "9",
        "7",
        "7"
      ],
      [
        "X",
        "10",
        "10",
        "10",
        "10",
        "7"
      ],
      [
        "X",
        "X",
        "10",
        "9",
        "8",
        "7"
      ],
      [
        "10",
        "10",
        "9",
        "9",
        "8",
        "7"
      ],
      [
        "10",
        "9",
        "9",
        "9",
        "8",
        "6"
      ]
    ],
    "第7局箭值": [
      [
        "9",
        "9",
        "9",
        "8",
        "7",
        "7"
      ],
      [
        "X",
        "10",
        "9",
        "9",
        "8",
        "7"
      ],
      [
        "X",
        "9",
        "9",
        "9",
        "8",
        "8"
      ],
      [
        "10",
        "10",
        "9",
        "8",
        "8",
        "7"
      ],
      [
        "X",
        "9",
        "9",
        "7",
        "7",
        "6"
      ],
      [
        "10",
        "10",
        "9",
        "9",
        "9",
        "9"
      ]
    ],