{
  "id": "81893f9f43b716f2",
  "name": "朱兒",
  "unit": "花縣自強國中",
  "bow": "反曲弓",
  "group": "反曲弓女生",
  "stats": {
    "總名次": 52,
    "總箭數": 432,
    "總分": 3445,
    "分布": {
      "X": 17,
      "10": 57,
      "9": 122,
      "紅圈(7&8)": 175,
      "藍圈(5&6)": 45,
      "M": 7,
      "黃圈(9/10/X)": 196,
      "黑圈(3&4)": 7,
      "白圈(1&2)": 2
    },
    "平均箭值": 7.974537037037037,
    "10分命中率": 0.1712962962962963,
    "9分以上命中率": 0.4537037037037037,
    "10中X比例": 0.22972972972972974,
    "單局分數(12)": [
      295,
      268,
      303,
      275,
      285,
      277,
      297,
      301,
      279,
      276,
      294,
      295
    ],
    "雙局分數(6)": [
      563,
      578,
      562,
      598,
      555,
      589
    ],
    "每趟分數(72)": [
      49,
      50,
      49,
      49,
      49,
      49,
      49,
      46,
      39,
      40,
      47,
      47,
      47,
      44,
      53,
      54,
      56,
      49,
      46,
      47,
      51,
      38,
      47,
      46,
      51,
      50,
      40,
      50,
      45,
      49,
      40,
      48,
      52,
      47,
      48,
      42,
      49,
      50,
      47,
      51,
      50,
      50,
      53,
      58,
      40,
      49,
      51,
      50,
      53,
      48,
      50,
      38,
      44,
      46,
      47,
      48,
      47,
      45,
      46,
      43,
      48,
      50,
      48,
      52,
      50,
      46,
      53,
      52,
      49,
      49,
      48,
      44
    ],
    "每趟標籤": [
      "第1局第1趟",
      "第1局第2趟",
      "第1局第3趟",
      "第1局第4趟",
      "第1局第5趟",
      "第1局第6趟",
      "第2局第1趟",
      "第2局第2趟",
      "第2局第3趟",
      "第2局第4趟",
      "第2局第5趟",
      "第2局第6趟",
      "第3局第1趟",
      "第3局第2趟",
      "第3局第3趟",
      "第3局第4趟",
      "第3局第5趟",
      "第3局第6趟",
      "第4局第1趟",
      "第4局第2趟",
      "第4局第3趟",
      "第4局第4趟",
      "第4局第5趟",
      "第4局第6趟",
      "第5局第1趟",
      "第5局第2趟",
      "第5局第3趟",
      "第5局第4趟",
      "第5局第5趟",
      "第5局第6趟",
      "第6局第1趟",
      "第6局第2趟",
      "第6局第3趟",
      "第6局第4趟",
      "第6局第5趟",
      "第6局第6趟",
      "第7局第1趟",
      "第7局第2趟",
      "第7局第3趟",
      "第7局第4趟",
      "第7局第5趟",
      "第7局第6趟",
      "第8局第1趟",
      "第8局第2趟",
      "第8局第3趟",
      "第8局第4趟",
      "第8局第5趟",
      "第8局第6趟",
      "第9局第1趟",
      "第9局第2趟",
      "第9局第3趟",
      "第9局第4趟",
      "第9局第5趟",
      "第9局第6趟",
      "第10局第1趟",
      "第10局第2趟",
      "第10局第3趟",
      "第10局第4趟",
      "第10局第5趟",
      "第10局第6趟",
      "第11局第1趟",
      "第11局第2趟",
      "第11局第3趟",
      "第11局第4趟",
      "第11局第5趟",
      "第11局第6趟",
      "第12局第1趟",
      "第12局第2趟",
      "第12局第3趟",
      "第12局第4趟",
      "第12局第5趟",
      "第12局第6趟"
    ],
    "最佳單局": {
      "局": [
        3
      ],
      "分數": 303
    },
    "最佳單趟": {
      "趟": [
        "第8局第2趟"
      ],
      "分數": 58
    },
    "穩定度(單局標準差)": 11.26542152882981,
    "單局高低差": 35,
    "平均每趟分數": 47.84722222222222,
    "最後12趟平均": 49.083333333333336
  },
  "round_arrows": {
    "第1局箭值": [
      [
        "9",
        "9",
        "8",
        "8",
        "8",
        "7"
      ],
      [
        "10",
        "10",
        "9",
        "8",
        "8",
        "5"
      ],
      [
        "10",
        "9",
        "9",
        "8",
        "8",
        "5"
      ],
      [
        "10",
        "9",
        "8",
        "8",
        "7",
        "7"
      ],
      [
        "10",
        "9",
        "9",
        "8",
        "7",
        "6"
      ],
      [
        "10",
        "9",
        "9",
        "8",
        "7",
        "6"
      ]
    ],
    "第2局箭值": [
      [
        "10",
        "10",
        "9",
        "7",
        "7",
        "6"
      ],
      [
        "9",
        "9",
        "8",
        "8",
        "7",
        "5"
      ],
      [
        "8",
        "8",
        "7",
        "7",
        "6",
        "3"
      ],
      [
        "9",
        "8",
        "8",
        "7",
        "6",
        "2"
      ],
      [
        "10",
        "9",
        "9",
        "7",
        "7",
        "5"
      ],
      [
        "9",
        "9",
        "8",
        "8",
        "7",
        "6"
      ]
    ],
    "第3局箭值": [
      [
        "10",
        "9",
        "9",
        "8",
        "6",
        "5"
      ],
      [
        "X",
        "10",
        "9",
        "9",
        "6",
        "M"
      ],
      [
        "10",
        "10",
        "9",
        "9",
        "8",
        "7"
      ],
      [
        "10",
        "10",
        "10",
        "9",
        "8",
        "7"
      ],
      [
        "10",
        "10",
        "9",
        "9",
        "9",
        "9"
      ],
      [
        "10",
        "9",
        "8",
        "8",
        "7",
        "7"
      ]
    ],
    "第4局箭值": [
      [
        "9",
        "9",
        "7",
        "7",
        "7",
        "7"
      ],
      [
        "X",
        "9",
        "8",
        "8",
        "7",
        "5"
      ],
      [
        "10",
        "9",
        "9",
        "9",
        "8",
        "6"
      ],
      [
        "10",
        "10",
        "8",
        "6",
        "4",
        "M"
      ],
      [
        "X",
        "10",
        "10",
        "9",
        "8",
        "M"
      ],
      [
        "10",
        "9",
        "7",
        "7",
        "7",
        "6"
      ]
    ],
    "第5局箭值": [
      [
        "10",
        "9",
        "8",
        "8",
        "8",
        "8"
      ],
      [
        "10",
        "9",
        "9",
        "8",
        "8",
        "6"
      ],
      [
        "9",
        "9",
        "8",
        "8",
        "6",
        "M"
      ],
      [
        "10",
        "9",
        "8",
        "8",
        "8",
        "7"
      ],
      [
        "9",
        "8",
        "8",
        "7",
        "7",
        "6"
      ],
      [
        "X",
        "10",
        "9",
        "8",
        "7",
        "5"
      ]
    ],
    "第6局箭值": [
      [
        "9",
        "8",
        "8",
        "8",
        "7",
        "M"
      ],
      [
        "9",
        "8",
        "8",
        "8",
        "8",
        "7"
      ],
      [
        "10",
        "10",
        "9",
        "8",
        "8",
        "7"
      ],
      [
        "X",
        "9",
        "8",
        "7",
        "7",
        "6"
      ],
      [
        "X",
        "9",
        "9",
        "9",
        "6",
        "5"
      ],
      [
        "X",
        "10",
        "9",
        "7",
        "6",
        "M"
      ]
    ],
    "第7局箭值": [
      [
        "10",
        "9",
        "8",
        "8",
        "7",
        "7"
      ],
      [
        "10",
        "9",
        "9",
        "9",
        "8",
        "5"
      ],
      [
        "10",
        "9",
        "8",
        "8",
        "7",
        "5"
      ],
      [
        "9",
        "9",
        "9",
        "8",
        "8",
        "8"
      ],
      [
        "10",
        "9",
        "8",
        "8",
        "8",
        "7"
      ],
      [
        "X",
        "9",
        "9",
        "8",
        "7",
        "7"
      ]
    ],