{
  "id": "8ee60bf565173f42",
  "name": "盧佩雲",
  "unit": "花縣自強國中",
  "bow": "反曲弓",
  "group": "反曲弓女生",
  "stats": {
    "總名次": 46,
    "總箭數": 432,
    "總分": 3595,
    "分布": {
      "X": 35,
      "10": 56,
      "9": 129,
      "紅圈(7&8)": 170,
      "藍圈(5&6)": 37,
      "M": 1,
      "黃圈(9/10/X)": 220,
      "黑圈(3&4)": 4,
      "白圈(1&2)": 0
    },
    "平均箭值": 8.32175925925926,
    "10分命中率": 0.21064814814814814,
    "9分以上命中率": 0.5092592592592593,
    "10中X比例": 0.38461538461538464,
    "單局分數(12)": [
      272,
      300,
      299,
      299,
      299,
      304,
      304,
      307,
      310,
      305,
      291,
      305
    ],
    "雙局分數(6)": [
      572,
      598,
      603,
      611,
      615,
      596
    ],
    "每趟分數(72)": [
      41,
      48,
      42,
      47,
      52,
      42,
      49,
      52,
      40,
      56,
      46,
      57,
      54,
      51,
      48,
      47,
      46,
      53,
      51,
      50,
      43,
      53,
      53,
      49,
      48,
      50,
      48,
      57,
      50,
      46,
      52,
      55,
      53,
      46,
      50,
      48,
      50,
      54,
      50,
      50,
      47,
      53,
      55,
      52,
      48,
      52,
      49,
      51,
      54,
      53,
      50,
      51,
      54,
      48,
      52,
      51,
      47,
      53,
      51,
      51,
      46,
      45,
      48,
      51,
      50,
      51,
      47,
      53,
      53,
      52,
      50,
      50
    ],
    "每趟標籤": [
      "第1局第1趟",
      "第1局第2趟",
      "第1局第3趟",
      "第1局第4趟",
      "第1局第5趟",
      "第1局第6趟",
      "第2局第1趟",
      "第2局第2趟",
      "第2局第3趟",
      "第2局第4趟",
      "第2局第5趟",
      "第2局第6趟",
      "第3局第1趟",
      "第3局第2趟",
      "第3局第3趟",
      "第3局第4趟",
      "第3局第5趟",
      "第3局第6趟",
      "第4局第1趟",
      "第4局第2趟",
      "第4局第3趟",
      "第4局第4趟",
      "第4局第5趟",
      "第4局第6趟",
      "第5局第1趟",
      "第5局第2趟",
      "第5局第3趟",
      "第5局第4趟",
      "第5局第5趟",
      "第5局第6趟",
      "第6局第1趟",
      "第6局第2趟",
      "第6局第3趟",
      "第6局第4趟",
      "第6局第5趟",
      "第6局第6趟",
      "第7局第1趟",
      "第7局第2趟",
      "第7局第3趟",
      "第7局第4趟",
      "第7局第5趟",
      "第7局第6趟",
      "第8局第1趟",
      "第8局第2趟",
      "第8局第3趟",
      "第8局第4趟",
      "第8局第5趟",
      "第8局第6趟",
      "第9局第1趟",
      "第9局第2趟",
      "第9局第3趟",
      "第9局第4趟",
      "第9局第5趟",
      "第9局第6趟",
      "第10局第1趟",
      "第10局第2趟",
      "第10局第3趟",
      "第10局第4趟",
      "第10局第5趟",
      "第10局第6趟",
      "第11局第1趟",
      "第11局第2趟",
      "第11局第3趟",
      "第11局第4趟",
      "第11局第5趟",
      "第11局第6趟",
      "第12局第1趟",
      "第12局第2趟",
      "第12局第3趟",
      "第12局第4趟",
      "第12局第5趟",
      "第12局第6趟"
    ],
    "最佳單局": {
      "局": [
        9
      ],
      "分數": 310
    },
    "最佳單趟": {
      "趟": [
        "第2局第6趟",
        "第5局第4趟"
      ],
      "分數": 57
    },
    "穩定度(單局標準差)": 9.560843175276029,
    "單局高低差": 38,
    "平均每趟分數": 49.93055555555556,
    "最後12趟平均": 49.666666666666664
  },
  "round_arrows": {
    "第1局箭值": [
      [
        "9",
        "8",
        "8",
        "6",
        "6",
        "4"
      ],
      [
        "10",
        "9",
        "8",
        "7",
        "7",
        "7"
      ],
      [
        "10",
        "9",
        "9",
        "5",
        "5",
        "4"
      ],
      [
        "10",
        "9",
        "8",
        "8",
        "7",
        "5"
      ],
      [
        "X",
        "9",
        "9",
        "9",
        "8",
        "7"
      ],
      [
        "8",
        "7",
        "7",
        "7",
        "7",
        "6"
      ]
    ],
    "第2局箭值": [
      [
        "10",
        "9",
        "9",
        "8",
        "8",
        "5"
      ],
      [
        "10",
        "9",
        "9",
        "8",
        "8",
        "8"
      ],
      [
        "9",
        "8",
        "7",
        "6",
        "6",
        "4"
      ],
      [
        "X",
        "10",
        "10",
        "9",
        "9",
        "8"
      ],
      [
        "X",
        "10",
        "9",
        "9",
        "8",
        "M"
      ],
      [
        "10",
        "10",
        "10",
        "9",
        "9",
        "9"
      ]
    ],
    "第3局箭值": [
      [
        "10",
        "10",
        "10",
        "9",
        "8",
        "7"
      ],
      [
        "X",
        "9",
        "9",
        "8",
        "8",
        "7"
      ],
      [
        "9",
        "9",
        "8",
        "8",
        "7",
        "7"
      ],
      [
        "9",
        "8",
        "8",
        "8",
        "7",
        "7"
      ],
      [
        "9",
        "8",
        "8",
        "8",
        "7",
        "6"
      ],
      [
        "9",
        "9",
        "9",
        "9",
        "9",
        "8"
      ]
    ],
    "第4局箭值": [
      [
        "X",
        "X",
        "8",
        "8",
        "8",
        "7"
      ],
      [
        "X",
        "X",
        "9",
        "8",
        "7",
        "6"
      ],
      [
        "9",
        "8",
        "8",
        "8",
        "5",
        "5"
      ],
      [
        "X",
        "9",
        "9",
        "9",
        "8",
        "8"
      ],
      [
        "X",
        "10",
        "9",
        "9",
        "9",
        "6"
      ],
      [
        "10",
        "9",
        "8",
        "8",
        "8",
        "6"
      ]
    ],
    "第5局箭值": [
      [
        "X",
        "10",
        "8",
        "8",
        "7",
        "5"
      ],
      [
        "10",
        "10",
        "10",
        "7",
        "7",
        "6"
      ],
      [
        "10",
        "9",
        "8",
        "8",
        "8",
        "5"
      ],
      [
        "X",
        "X",
        "10",
        "9",
        "9",
        "9"
      ],
      [
        "X",
        "10",
        "10",
        "9",
        "6",
        "5"
      ],
      [
        "X",
        "9",
        "8",
        "7",
        "6",
        "6"
      ]
    ],
    "第6局箭值": [
      [
        "10",
        "10",
        "9",
        "8",
        "8",
        "7"
      ],
      [
        "X",
        "X",
        "9",
        "9",
        "9",
        "8"
      ],
      [
        "X",
        "10",
        "9",
        "9",
        "8",
        "7"
      ],
      [
        "9",
        "9",
        "9",
        "7",
        "7",
        "5"
      ],
      [
        "X",
        "9",
        "8",
        "8",
        "8",
        "7"
      ],
      [
        "9",
        "8",
        "8",
        "8",
        "8",
        "7"
      ]
    ],
    "第7局箭值": [
      [
        "X",
        "9",
        "9",
        "8",
        "7",
        "7"
      ],
      [
        "X",
        "10",
        "10",
        "8",
        "8",
        "8"
      ],
      [
        "10",
        "10",
        "8",
        "8",
        "7",
        "7"
      ],
      [
        "10",
        "9",
        "9",
        "8",
        "7",
        "7"
      ],
      [
        "9",
        "9",
        "9",
        "8",
        "6",
        "6"
      ],
      [
        "X",
        "9",
        "9",
        "9",
        "8",
        "8"
      ]
    ],