{
  "id": "8f9f401b14a4f87a",
  "name": "施孟君",
  "unit": "國立體育大學",
  "bow": "反曲弓",
  "group": "反曲弓女生",
  "stats": {
    "總名次": 7,
    "總箭數": 432,
    "總分": 3928,
    "分布": {
      "X": 46,
      "10": 105,
      "9": 189,
      "紅圈(7&8)": 91,
      "藍圈(5&6)": 1,
      "M": 0,
      "黃圈(9/10/X)": 340,
      "黑圈(3&4)": 0,
      "白圈(1&2)": 0
    },
    "平均箭值": 9.092592592592593,
    "10分命中率": 0.34953703703703703,
    "9分以上命中率": 0.7870370370370371,
    "10中X比例": 0.304635761589404,
    "單局分數(12)": [
      326,
      322,
      340,
      325,
      327,
      331,
      327,
      331,
      331,
      316,
      323,
      329
    ],
    "雙局分數(6)": [
      648,
      665,
      658,
      658,
      647,
      652
    ],
    "每趟分數(72)": [
      55,
      52,
      52,
      55,
      55,
      57,
      54,
      53,
      54,
      51,
      57,
      53,
      56,
      58,
      55,
      58,
      55,
      58,
      52,
      53,
      56,
      56,
      53,
      55,
      55,
      53,
      57,
      56,
      52,
      54,
      51,
      57,
      56,
      54,
      56,
      57,
      54,
      56,
      56,
      54,
      54,
      53,
      55,
      56,
      54,
      56,
      55,
      55,
      53,
      56,
      55,
      57,
      55,
      55,
      52,
      56,
      52,
      52,
      52,
      52,
      54,
      55,
      55,
      53,
      50,
      56,
      55,
      53,
      58,
      55,
      52,
      56
    ],
    "每趟標籤": [
      "第1局第1趟",
      "第1局第2趟",
      "第1局第3趟",
      "第1局第4趟",
      "第1局第5趟",
      "第1局第6趟",
      "第2局第1趟",
      "第2局第2趟",
      "第2局第3趟",
      "第2局第4趟",
      "第2局第5趟",
      "第2局第6趟",
      "第3局第1趟",
      "第3局第2趟",
      "第3局第3趟",
      "第3局第4趟",
      "第3局第5趟",
      "第3局第6趟",
      "第4局第1趟",
      "第4局第2趟",
      "第4局第3趟",
      "第4局第4趟",
      "第4局第5趟",
      "第4局第6趟",
      "第5局第1趟",
      "第5局第2趟",
      "第5局第3趟",
      "第5局第4趟",
      "第5局第5趟",
      "第5局第6趟",
      "第6局第1趟",
      "第6局第2趟",
      "第6局第3趟",
      "第6局第4趟",
      "第6局第5趟",
      "第6局第6趟",
      "第7局第1趟",
      "第7局第2趟",
      "第7局第3趟",
      "第7局第4趟",
      "第7局第5趟",
      "第7局第6趟",
      "第8局第1趟",
      "第8局第2趟",
      "第8局第3趟",
      "第8局第4趟",
      "第8局第5趟",
      "第8局第6趟",
      "第9局第1趟",
      "第9局第2趟",
      "第9局第3趟",
      "第9局第4趟",
      "第9局第5趟",
      "第9局第6趟",
      "第10局第1趟",
      "第10局第2趟",
      "第10局第3趟",
      "第10局第4趟",
      "第10局第5趟",
      "第10局第6趟",
      "第11局第1趟",
      "第11局第2趟",
      "第11局第3趟",
      "第11局第4趟",
      "第11局第5趟",
      "第11局第6趟",
      "第12局第1趟",
      "第12局第2趟",
      "第12局第3趟",
      "第12局第4趟",
      "第12局第5趟",
      "第12局第6趟"
    ],
    "最佳單局": {
      "局": [
        3
      ],
      "分數": 340
    },
    "最佳單趟": {
      "趟": [
        "第3局第2趟",
        "第3局第4趟",
        "第3局第6趟",
        "第12局第3趟"
      ],
      "分數": 58
    },
    "穩定度(單局標準差)": 5.676462121975467,
    "單局高低差": 24,
    "平均每趟分數": 54.55555555555556,
    "最後12趟平均": 54.333333333333336
  },
  "round_arrows": {
    "第1局箭值": [
      [
        "10",
        "9",
        "9",
        "9",
        "9",
        "9"
      ],
      [
        "10",
        "9",
        "9",
        "9",
        "8",
        "7"
      ],
      [
        "10",
        "10",
        "9",
        "9",
        "7",
        "7"
      ],
      [
        "10",
        "10",
        "9",
        "9",
        "9",
        "8"
      ],
      [
        "10",
        "10",
        "9",
        "9",
        "9",
        "8"
      ],
      [
        "X",
        "10",
        "10",
        "9",
        "9",
        "9"
      ]
    ],
    "第2局箭值": [
      [
        "X",
        "9",
        "9",
        "9",
        "9",
        "8"
      ],
      [
        "X",
        "10",
        "10",
        "9",
        "7",
        "7"
      ],
      [
        "10",
        "10",
        "10",
        "9",
        "8",
        "7"
      ],
      [
        "9",
        "9",
        "9",
        "9",
        "8",
        "7"
      ],
      [
        "X",
        "10",
        "10",
        "9",
        "9",
        "9"
      ],
      [
        "9",
        "9",
        "9",
        "9",
        "9",
        "8"
      ]
    ],
    "第3局箭值": [
      [
        "10",
        "10",
        "9",
        "9",
        "9",
        "9"
      ],
      [
        "X",
        "X",
        "10",
        "10",
        "10",
        "8"
      ],
      [
        "10",
        "10",
        "9",
        "9",
        "9",
        "8"
      ],
      [
        "X",
        "X",
        "10",
        "10",
        "9",
        "9"
      ],
      [
        "X",
        "10",
        "9",
        "9",
        "9",
        "8"
      ],
      [
        "X",
        "X",
        "X",
        "10",
        "9",
        "9"
      ]
    ],
    "第4局箭值": [
      [
        "X",
        "9",
        "9",
        "8",
        "8",
        "8"
      ],
      [
        "10",
        "10",
        "10",
        "9",
        "8",
        "6"
      ],
      [
        "X",
        "10",
        "10",
        "10",
        "8",
        "8"
      ],
      [
        "X",
        "10",
        "10",
        "10",
        "8",
        "8"
      ],
      [
        "10",
        "9",
        "9",
        "9",
        "8",
        "8"
      ],
      [
        "10",
        "10",
        "9",
        "9",
        "9",
        "8"
      ]
    ],
    "第5局箭值": [
      [
        "10",
        "10",
        "10",
        "9",
        "8",
        "8"
      ],
      [
        "10",
        "10",
        "9",
        "9",
        "8",
        "7"
      ],
      [
        "X",
        "10",
        "10",
        "9",
        "9",
        "9"
      ],
      [
        "X",
        "10",
        "9",
        "9",
        "9",
        "9"
      ],
      [
        "10",
        "9",
        "9",
        "9",
        "8",
        "7"
      ],
      [
        "10",
        "9",
        "9",
        "9",
        "9",
        "8"
      ]
    ],
    "第6局箭值": [
      [
        "9",
        "9",
        "9",
        "9",
        "8",
        "7"
      ],
      [
        "10",
        "10",
        "10",
        "9",
        "9",
        "9"
      ],
      [
        "X",
        "10",
        "10",
        "9",
        "9",
        "8"
      ],
      [
        "X",
        "10",
        "10",
        "9",
        "8",
        "7"
      ],
      [
        "X",
        "10",
        "9",
        "9",
        "9",
        "9"
      ],
      [
        "X",
        "X",
        "10",
        "9",
        "9",
        "9"
      ]
    ],
    "第7局箭值": [
      [
        "X",
        "9",
        "9",
        "9",
        "9",
        "8"
      ],
      [
        "X",
        "10",
        "10",
        "9",
        "9",
        "8"
      ],
      [
        "X",
        "10",
        "10",
        "9",
        "9",
        "8"
      ],
      [
        "X",
        "9",
        "9",
        "9",
        "9",
        "8"
      ],
      [
        "10",
        "9",
        "9",
        "9",
        "9",
        "8"
      ],
      [
        "10",
        "9",
        "9",
        "9",
        "8",
        "8"
      ]
    ],