{
  "id": "8fdfd3a686b92690",
  "name": "李柏寬",
  "unit": "國立體育大學",
  "bow": "反曲弓",
  "group": "反曲弓男生",
  "stats": {
    "總名次": 30,
    "總箭數": 432,
    "總分": 3855,
    "分布": {
      "X": 39,
      "10": 86,
      "9": 187,
      "紅圈(7&8)": 116,
      "藍圈(5&6)": 3,
      "M": 1,
      "黃圈(9/10/X)": 312,
      "黑圈(3&4)": 0,
      "白圈(1&2)": 0
    },
    "平均箭值": 8.92361111111111,
    "10分命中率": 0.28935185185185186,
    "9分以上命中率": 0.7222222222222222,
    "10中X比例": 0.312,
    "單局分數(12)": [
      319,
      324,
      320,
      323,
      318,
      333,
      318,
      316,
      311,
      326,
      320,
      327
    ],
    "雙局分數(6)": [
      643,
      643,
      651,
      634,
      637,
      647
    ],
    "每趟分數(72)": [
      51,
      53,
      51,
      54,
      55,
      55,
      53,
      54,
      53,
      55,
      56,
      53,
      58,
      50,
      54,
      50,
      57,
      51,
      51,
      55,
      53,
      57,
      54,
      53,
      49,
      52,
      56,
      55,
      53,
      53,
      55,
      57,
      56,
      54,
      57,
      54,
      49,
      56,
      53,
      55,
      50,
      55,
      41,
      54,
      57,
      51,
      58,
      55,
      49,
      50,
      54,
      54,
      51,
      53,
      53,
      57,
      54,
      54,
      53,
      55,
      54,
      49,
      53,
      54,
      56,
      54,
      52,
      56,
      54,
      56,
      57,
      52
    ],
    "每趟標籤": [
      "第1局第1趟",
      "第1局第2趟",
      "第1局第3趟",
      "第1局第4趟",
      "第1局第5趟",
      "第1局第6趟",
      "第2局第1趟",
      "第2局第2趟",
      "第2局第3趟",
      "第2局第4趟",
      "第2局第5趟",
      "第2局第6趟",
      "第3局第1趟",
      "第3局第2趟",
      "第3局第3趟",
      "第3局第4趟",
      "第3局第5趟",
      "第3局第6趟",
      "第4局第1趟",
      "第4局第2趟",
      "第4局第3趟",
      "第4局第4趟",
      "第4局第5趟",
      "第4局第6趟",
      "第5局第1趟",
      "第5局第2趟",
      "第5局第3趟",
      "第5局第4趟",
      "第5局第5趟",
      "第5局第6趟",
      "第6局第1趟",
      "第6局第2趟",
      "第6局第3趟",
      "第6局第4趟",
      "第6局第5趟",
      "第6局第6趟",
      "第7局第1趟",
      "第7局第2趟",
      "第7局第3趟",
      "第7局第4趟",
      "第7局第5趟",
      "第7局第6趟",
      "第8局第1趟",
      "第8局第2趟",
      "第8局第3趟",
      "第8局第4趟",
      "第8局第5趟",
      "第8局第6趟",
      "第9局第1趟",
      "第9局第2趟",
      "第9局第3趟",
      "第9局第4趟",
      "第9局第5趟",
      "第9局第6趟",
      "第10局第1趟",
      "第10局第2趟",
      "第10局第3趟",
      "第10局第4趟",
      "第10局第5趟",
      "第10局第6趟",
      "第11局第1趟",
      "第11局第2趟",
      "第11局第3趟",
      "第11局第4趟",
      "第11局第5趟",
      "第11局第6趟",
      "第12局第1趟",
      "第12局第2趟",
      "第12局第3趟",
      "第12局第4趟",
      "第12局第5趟",
      "第12局第6趟"
    ],
    "最佳單局": {
      "局": [
        6
      ],
      "分數": 333
    },
    "最佳單趟": {
      "趟": [
        "第3局第1趟",
        "第8局第5趟"
      ],
      "分數": 58
    },
    "穩定度(單局標準差)": 5.524566347989074,
    "單局高低差": 22,
    "平均每趟分數": 53.541666666666664,
    "最後12趟平均": 53.916666666666664
  },
  "round_arrows": {
    "第1局箭值": [
      [
        "10",
        "9",
        "9",
        "9",
        "8",
        "6"
      ],
      [
        "10",
        "10",
        "9",
        "9",
        "8",
        "7"
      ],
      [
        "9",
        "9",
        "9",
        "8",
        "8",
        "8"
      ],
      [
        "X",
        "10",
        "9",
        "9",
        "9",
        "7"
      ],
      [
        "10",
        "10",
        "9",
        "9",
        "9",
        "8"
      ],
      [
        "X",
        "9",
        "9",
        "9",
        "9",
        "9"
      ]
    ],
    "第2局箭值": [
      [
        "10",
        "9",
        "9",
        "9",
        "8",
        "8"
      ],
      [
        "10",
        "9",
        "9",
        "9",
        "9",
        "8"
      ],
      [
        "10",
        "9",
        "9",
        "9",
        "8",
        "8"
      ],
      [
        "10",
        "10",
        "9",
        "9",
        "9",
        "8"
      ],
      [
        "10",
        "10",
        "9",
        "9",
        "9",
        "9"
      ],
      [
        "X",
        "9",
        "9",
        "9",
        "8",
        "8"
      ]
    ],
    "第3局箭值": [
      [
        "X",
        "10",
        "10",
        "10",
        "9",
        "9"
      ],
      [
        "9",
        "9",
        "9",
        "8",
        "8",
        "7"
      ],
      [
        "X",
        "10",
        "9",
        "9",
        "8",
        "8"
      ],
      [
        "10",
        "9",
        "9",
        "8",
        "7",
        "7"
      ],
      [
        "X",
        "X",
        "10",
        "9",
        "9",
        "9"
      ],
      [
        "X",
        "9",
        "9",
        "8",
        "8",
        "7"
      ]
    ],
    "第4局箭值": [
      [
        "10",
        "9",
        "9",
        "8",
        "8",
        "7"
      ],
      [
        "X",
        "X",
        "9",
        "9",
        "9",
        "8"
      ],
      [
        "10",
        "9",
        "9",
        "9",
        "8",
        "8"
      ],
      [
        "X",
        "10",
        "10",
        "10",
        "9",
        "8"
      ],
      [
        "X",
        "X",
        "9",
        "9",
        "8",
        "8"
      ],
      [
        "X",
        "10",
        "9",
        "8",
        "8",
        "8"
      ]
    ],
    "第5局箭值": [
      [
        "10",
        "8",
        "8",
        "8",
        "8",
        "7"
      ],
      [
        "10",
        "9",
        "9",
        "9",
        "8",
        "7"
      ],
      [
        "10",
        "10",
        "9",
        "9",
        "9",
        "9"
      ],
      [
        "X",
        "X",
        "X",
        "9",
        "8",
        "8"
      ],
      [
        "X",
        "9",
        "9",
        "9",
        "9",
        "7"
      ],
      [
        "10",
        "9",
        "9",
        "9",
        "8",
        "8"
      ]
    ],
    "第6局箭值": [
      [
        "10",
        "10",
        "9",
        "9",
        "9",
        "8"
      ],
      [
        "X",
        "10",
        "10",
        "9",
        "9",
        "9"
      ],
      [
        "X",
        "10",
        "9",
        "9",
        "9",
        "9"
      ],
      [
        "10",
        "10",
        "9",
        "9",
        "8",
        "8"
      ],
      [
        "10",
        "10",
        "10",
        "9",
        "9",
        "9"
      ],
      [
        "10",
        "10",
        "9",
        "9",
        "8",
        "8"
      ]
    ],
    "第7局箭值": [
      [
        "9",
        "9",
        "9",
        "8",
        "8",
        "6"
      ],
      [
        "10",
        "10",
        "10",
        "10",
        "9",
        "7"
      ],
      [
        "X",
        "X",
        "9",
        "9",
        "8",
        "7"
      ],
      [
        "X",
        "10",
        "9",
        "9",
        "9",
        "8"
      ],
      [
        "9",
        "9",
        "9",
        "9",
        "7",
        "7"
      ],
      [
        "X",
        "10",
        "10",
        "9",
        "8",
        "8"
      ]
    ],