{
  "id": "9071fa2831e0c2a2",
  "name": "翁詩婕",
  "unit": "新北三民高中",
  "bow": "反曲弓",
  "group": "反曲弓女生",
  "stats": {
    "總名次": 33,
    "總箭數": 432,
    "總分": 3758,
    "分布": {
      "X": 24,
      "10": 66,
      "9": 191,
      "紅圈(7&8)": 134,
      "藍圈(5&6)": 16,
      "M": 0,
      "黃圈(9/10/X)": 281,
      "黑圈(3&4)": 1,
      "白圈(1&2)": 0
    },
    "平均箭值": 8.699074074074074,
    "10分命中率": 0.20833333333333334,
    "9分以上命中率": 0.6504629629629629,
    "10中X比例": 0.26666666666666666,
    "單局分數(12)": [
      317,
      331,
      299,
      312,
      313,
      316,
      314,
      321,
      318,
      306,
      305,
      306
    ],
    "雙局分數(6)": [
      648,
      611,
      629,
      635,
      624,
      611
    ],
    "每趟分數(72)": [
      52,
      56,
      52,
      56,
      50,
      51,
      56,
      57,
      57,
      54,
      56,
      51,
      52,
      47,
      46,
      50,
      54,
      50,
      50,
      53,
      52,
      53,
      51,
      53,
      48,
      53,
      55,
      53,
      51,
      53,
      49,
      54,
      52,
      51,
      57,
      53,
      55,
      49,
      56,
      51,
      53,
      50,
      56,
      51,
      54,
      57,
      53,
      50,
      53,
      55,
      51,
      55,
      50,
      54,
      54,
      46,
      50,
      50,
      53,
      53,
      54,
      52,
      49,
      49,
      49,
      52,
      52,
      50,
      49,
      52,
      53,
      50
    ],
    "每趟標籤": [
      "第1局第1趟",
      "第1局第2趟",
      "第1局第3趟",
      "第1局第4趟",
      "第1局第5趟",
      "第1局第6趟",
      "第2局第1趟",
      "第2局第2趟",
      "第2局第3趟",
      "第2局第4趟",
      "第2局第5趟",
      "第2局第6趟",
      "第3局第1趟",
      "第3局第2趟",
      "第3局第3趟",
      "第3局第4趟",
      "第3局第5趟",
      "第3局第6趟",
      "第4局第1趟",
      "第4局第2趟",
      "第4局第3趟",
      "第4局第4趟",
      "第4局第5趟",
      "第4局第6趟",
      "第5局第1趟",
      "第5局第2趟",
      "第5局第3趟",
      "第5局第4趟",
      "第5局第5趟",
      "第5局第6趟",
      "第6局第1趟",
      "第6局第2趟",
      "第6局第3趟",
      "第6局第4趟",
      "第6局第5趟",
      "第6局第6趟",
      "第7局第1趟",
      "第7局第2趟",
      "第7局第3趟",
      "第7局第4趟",
      "第7局第5趟",
      "第7局第6趟",
      "第8局第1趟",
      "第8局第2趟",
      "第8局第3趟",
      "第8局第4趟",
      "第8局第5趟",
      "第8局第6趟",
      "第9局第1趟",
      "第9局第2趟",
      "第9局第3趟",
      "第9局第4趟",
      "第9局第5趟",
      "第9局第6趟",
      "第10局第1趟",
      "第10局第2趟",
      "第10局第3趟",
      "第10局第4趟",
      "第10局第5趟",
      "第10局第6趟",
      "第11局第1趟",
      "第11局第2趟",
      "第11局第3趟",
      "第11局第4趟",
      "第11局第5趟",
      "第11局第6趟",
      "第12局第1趟",
      "第12局第2趟",
      "第12局第3趟",
      "第12局第4趟",
      "第12局第5趟",
      "第12局第6趟"
    ],
    "最佳單局": {
      "局": [
        2
      ],
      "分數": 331
    },
    "最佳單趟": {
      "趟": [
        "第2局第2趟",
        "第2局第3趟",
        "第6局第5趟",
        "第8局第4趟"
      ],
      "分數": 57
    },
    "穩定度(單局標準差)": 8.15304987242334,
    "單局高低差": 32,
    "平均每趟分數": 52.19444444444444,
    "最後12趟平均": 50.916666666666664
  },
  "round_arrows": {
    "第1局箭值": [
      [
        "9",
        "9",
        "9",
        "9",
        "8",
        "8"
      ],
      [
        "X",
        "10",
        "9",
        "9",
        "9",
        "9"
      ],
      [
        "9",
        "9",
        "9",
        "9",
        "9",
        "7"
      ],
      [
        "X",
        "10",
        "10",
        "9",
        "9",
        "8"
      ],
      [
        "X",
        "9",
        "9",
        "8",
        "8",
        "6"
      ],
      [
        "10",
        "9",
        "9",
        "8",
        "8",
        "7"
      ]
    ],
    "第2局箭值": [
      [
        "X",
        "10",
        "10",
        "9",
        "9",
        "8"
      ],
      [
        "10",
        "10",
        "10",
        "10",
        "9",
        "8"
      ],
      [
        "X",
        "10",
        "10",
        "9",
        "9",
        "9"
      ],
      [
        "10",
        "10",
        "10",
        "9",
        "8",
        "7"
      ],
      [
        "X",
        "10",
        "10",
        "9",
        "9",
        "8"
      ],
      [
        "10",
        "9",
        "9",
        "9",
        "7",
        "7"
      ]
    ],
    "第3局箭值": [
      [
        "9",
        "9",
        "9",
        "9",
        "8",
        "8"
      ],
      [
        "X",
        "9",
        "9",
        "8",
        "6",
        "5"
      ],
      [
        "9",
        "9",
        "9",
        "7",
        "6",
        "6"
      ],
      [
        "X",
        "10",
        "9",
        "8",
        "7",
        "6"
      ],
      [
        "9",
        "9",
        "9",
        "9",
        "9",
        "9"
      ],
      [
        "9",
        "9",
        "9",
        "8",
        "8",
        "7"
      ]
    ],
    "第4局箭值": [
      [
        "10",
        "9",
        "9",
        "8",
        "8",
        "6"
      ],
      [
        "10",
        "10",
        "10",
        "9",
        "8",
        "6"
      ],
      [
        "10",
        "9",
        "9",
        "8",
        "8",
        "8"
      ],
      [
        "10",
        "10",
        "9",
        "9",
        "9",
        "6"
      ],
      [
        "X",
        "10",
        "8",
        "8",
        "8",
        "7"
      ],
      [
        "X",
        "10",
        "10",
        "9",
        "9",
        "5"
      ]
    ],
    "第5局箭值": [
      [
        "10",
        "9",
        "9",
        "8",
        "7",
        "5"
      ],
      [
        "10",
        "9",
        "9",
        "9",
        "8",
        "8"
      ],
      [
        "X",
        "10",
        "9",
        "9",
        "9",
        "8"
      ],
      [
        "10",
        "9",
        "9",
        "9",
        "9",
        "7"
      ],
      [
        "9",
        "9",
        "9",
        "8",
        "8",
        "8"
      ],
      [
        "X",
        "9",
        "9",
        "9",
        "8",
        "8"
      ]
    ],
    "第6局箭值": [
      [
        "9",
        "9",
        "8",
        "8",
        "8",
        "7"
      ],
      [
        "10",
        "9",
        "9",
        "9",
        "9",
        "8"
      ],
      [
        "X",
        "10",
        "9",
        "8",
        "8",
        "7"
      ],
      [
        "X",
        "9",
        "9",
        "9",
        "8",
        "6"
      ],
      [
        "X",
        "10",
        "10",
        "10",
        "9",
        "8"
      ],
      [
        "X",
        "10",
        "9",
        "8",
        "8",
        "8"
      ]
    ],
    "第7局箭值": [
      [
        "X",
        "10",
        "10",
        "9",
        "8",
        "8"
      ],
      [
        "9",
        "8",
        "8",
        "8",
        "8",
        "8"
      ],
      [
        "10",
        "10",
        "9",
        "9",
        "9",
        "9"
      ],
      [
        "10",
        "9",
        "8",
        "8",
        "8",
        "8"
      ],
      [
        "10",
        "9",
        "9",
        "9",
        "9",
        "7"
      ],
      [
        "9",
        "9",
        "9",
        "8",
        "8",
        "7"
      ]
    ],