{
  "id": "90e410eedc004216",
  "name": "陳沁揚",
  "unit": "新北三和國中",
  "bow": "反曲弓",
  "group": "反曲弓女生",
  "stats": {
    "總名次": 28,
    "總箭數": 432,
    "總分": 3777,
    "分布": {
      "X": 27,
      "10": 74,
      "9": 182,
      "紅圈(7&8)": 136,
      "藍圈(5&6)": 13,
      "M": 0,
      "黃圈(9/10/X)": 283,
      "黑圈(3&4)": 0,
      "白圈(1&2)": 0
    },
    "平均箭值": 8.743055555555555,
    "10分命中率": 0.2337962962962963,
    "9分以上命中率": 0.6550925925925926,
    "10中X比例": 0.26732673267326734,
    "單局分數(12)": [
      311,
      306,
      323,
      326,
      325,
      314,
      323,
      316,
      300,
      317,
      313,
      303
    ],
    "雙局分數(6)": [
      617,
      649,
      639,
      639,
      617,
      616
    ],
    "每趟分數(72)": [
      49,
      57,
      51,
      52,
      50,
      52,
      53,
      49,
      56,
      49,
      47,
      52,
      57,
      51,
      54,
      54,
      53,
      54,
      54,
      55,
      53,
      55,
      57,
      52,
      55,
      55,
      55,
      57,
      51,
      52,
      53,
      52,
      52,
      53,
      51,
      53,
      56,
      50,
      54,
      55,
      53,
      55,
      55,
      56,
      53,
      53,
      50,
      49,
      52,
      51,
      54,
      46,
      49,
      48,
      56,
      51,
      49,
      54,
      51,
      56,
      52,
      48,
      54,
      56,
      50,
      53,
      47,
      53,
      52,
      47,
      54,
      50
    ],
    "每趟標籤": [
      "第1局第1趟",
      "第1局第2趟",
      "第1局第3趟",
      "第1局第4趟",
      "第1局第5趟",
      "第1局第6趟",
      "第2局第1趟",
      "第2局第2趟",
      "第2局第3趟",
      "第2局第4趟",
      "第2局第5趟",
      "第2局第6趟",
      "第3局第1趟",
      "第3局第2趟",
      "第3局第3趟",
      "第3局第4趟",
      "第3局第5趟",
      "第3局第6趟",
      "第4局第1趟",
      "第4局第2趟",
      "第4局第3趟",
      "第4局第4趟",
      "第4局第5趟",
      "第4局第6趟",
      "第5局第1趟",
      "第5局第2趟",
      "第5局第3趟",
      "第5局第4趟",
      "第5局第5趟",
      "第5局第6趟",
      "第6局第1趟",
      "第6局第2趟",
      "第6局第3趟",
      "第6局第4趟",
      "第6局第5趟",
      "第6局第6趟",
      "第7局第1趟",
      "第7局第2趟",
      "第7局第3趟",
      "第7局第4趟",
      "第7局第5趟",
      "第7局第6趟",
      "第8局第1趟",
      "第8局第2趟",
      "第8局第3趟",
      "第8局第4趟",
      "第8局第5趟",
      "第8局第6趟",
      "第9局第1趟",
      "第9局第2趟",
      "第9局第3趟",
      "第9局第4趟",
      "第9局第5趟",
      "第9局第6趟",
      "第10局第1趟",
      "第10局第2趟",
      "第10局第3趟",
      "第10局第4趟",
      "第10局第5趟",
      "第10局第6趟",
      "第11局第1趟",
      "第11局第2趟",
      "第11局第3趟",
      "第11局第4趟",
      "第11局第5趟",
      "第11局第6趟",
      "第12局第1趟",
      "第12局第2趟",
      "第12局第3趟",
      "第12局第4趟",
      "第12局第5趟",
      "第12局第6趟"
    ],
    "最佳單局": {
      "局": [
        4
      ],
      "分數": 326
    },
    "最佳單趟": {
      "趟": [
        "第1局第2趟",
        "第3局第1趟",
        "第4局第5趟",
        "第5局第4趟"
      ],
      "分數": 57
    },
    "穩定度(單局標準差)": 8.287792227125388,
    "單局高低差": 26,
    "平均每趟分數": 52.458333333333336,
    "最後12趟平均": 51.333333333333336
  },
  "round_arrows": {
    "第1局箭值": [
      [
        "X",
        "9",
        "8",
        "8",
        "7",
        "7"
      ],
      [
        "X",
        "10",
        "10",
        "9",
        "9",
        "9"
      ],
      [
        "10",
        "9",
        "9",
        "9",
        "7",
        "7"
      ],
      [
        "10",
        "9",
        "9",
        "9",
        "8",
        "7"
      ],
      [
        "X",
        "9",
        "9",
        "8",
        "7",
        "7"
      ],
      [
        "10",
        "10",
        "9",
        "8",
        "8",
        "7"
      ]
    ],
    "第2局箭值": [
      [
        "X",
        "9",
        "9",
        "9",
        "8",
        "8"
      ],
      [
        "9",
        "9",
        "9",
        "8",
        "7",
        "7"
      ],
      [
        "X",
        "10",
        "10",
        "9",
        "9",
        "8"
      ],
      [
        "9",
        "9",
        "8",
        "8",
        "8",
        "7"
      ],
      [
        "9",
        "8",
        "8",
        "8",
        "7",
        "7"
      ],
      [
        "9",
        "9",
        "9",
        "9",
        "8",
        "8"
      ]
    ],
    "第3局箭值": [
      [
        "X",
        "10",
        "10",
        "10",
        "9",
        "8"
      ],
      [
        "10",
        "9",
        "8",
        "8",
        "8",
        "8"
      ],
      [
        "10",
        "10",
        "9",
        "9",
        "8",
        "8"
      ],
      [
        "X",
        "X",
        "10",
        "8",
        "8",
        "8"
      ],
      [
        "X",
        "9",
        "9",
        "9",
        "8",
        "8"
      ],
      [
        "10",
        "10",
        "9",
        "9",
        "8",
        "8"
      ]
    ],
    "第4局箭值": [
      [
        "10",
        "10",
        "9",
        "9",
        "9",
        "7"
      ],
      [
        "10",
        "10",
        "10",
        "9",
        "9",
        "7"
      ],
      [
        "10",
        "10",
        "9",
        "9",
        "8",
        "7"
      ],
      [
        "10",
        "9",
        "9",
        "9",
        "9",
        "9"
      ],
      [
        "X",
        "10",
        "10",
        "9",
        "9",
        "9"
      ],
      [
        "X",
        "9",
        "9",
        "8",
        "8",
        "8"
      ]
    ],
    "第5局箭值": [
      [
        "10",
        "10",
        "9",
        "9",
        "9",
        "8"
      ],
      [
        "X",
        "9",
        "9",
        "9",
        "9",
        "9"
      ],
      [
        "10",
        "9",
        "9",
        "9",
        "9",
        "9"
      ],
      [
        "X",
        "10",
        "10",
        "9",
        "9",
        "9"
      ],
      [
        "10",
        "9",
        "9",
        "9",
        "8",
        "6"
      ],
      [
        "10",
        "10",
        "9",
        "8",
        "8",
        "7"
      ]
    ],
    "第6局箭值": [
      [
        "9",
        "9",
        "9",
        "9",
        "9",
        "8"
      ],
      [
        "10",
        "10",
        "9",
        "8",
        "8",
        "7"
      ],
      [
        "9",
        "9",
        "9",
        "9",
        "8",
        "8"
      ],
      [
        "10",
        "9",
        "9",
        "9",
        "9",
        "7"
      ],
      [
        "9",
        "9",
        "9",
        "8",
        "8",
        "8"
      ],
      [
        "X",
        "10",
        "10",
        "8",
        "8",
        "7"
      ]
    ],
    "第7局箭值": [
      [
        "10",
        "10",
        "9",
        "9",
        "9",
        "9"
      ],
      [
        "X",
        "10",
        "9",
        "8",
        "7",
        "6"
      ],
      [
        "10",
        "9",
        "9",
        "9",
        "9",
        "8"
      ],
      [
        "X",
        "X",
        "9",
        "9",
        "9",
        "8"
      ],
      [
        "10",
        "9",
        "9",
        "9",
        "8",
        "8"
      ],
      [
        "X",
        "10",
        "9",
        "9",
        "9",
        "8"
      ]
    ],