{
  "id": "9135be02fe4fd65f",
  "name": "劉翰承",
  "unit": "國立中正大學",
  "bow": "反曲弓",
  "group": "反曲弓男生",
  "stats": {
    "總名次": 63,
    "總箭數": 432,
    "總分": 3547,
    "分布": {
      "X": 22,
      "10": 44,
      "9": 135,
      "紅圈(7&8)": 187,
      "藍圈(5&6)": 38,
      "M": 1,
      "黃圈(9/10/X)": 201,
      "黑圈(3&4)": 4,
      "白圈(1&2)": 1
    },
    "平均箭值": 8.210648148148149,
    "10分命中率": 0.1527777777777778,
    "9分以上命中率": 0.4652777777777778,
    "10中X比例": 0.3333333333333333,
    "單局分數(12)": [
      290,
      297,
      303,
      296,
      302,
      303,
      311,
      286,
      294,
      285,
      285,
      295
    ],
    "雙局分數(6)": [
      587,
      599,
      605,
      597,
      579,
      580
    ],
    "每趟分數(72)": [
      48,
      51,
      47,
      44,
      55,
      45,
      51,
      47,
      51,
      43,
      51,
      54,
      53,
      50,
      45,
      53,
      52,
      50,
      50,
      51,
      46,
      51,
      48,
      50,
      45,
      49,
      51,
      51,
      52,
      54,
      55,
      49,
      52,
      51,
      46,
      50,
      51,
      55,
      55,
      47,
      49,
      54,
      50,
      49,
      48,
      39,
      49,
      51,
      53,
      42,
      47,
      55,
      46,
      51,
      47,
      46,
      51,
      43,
      48,
      50,
      48,
      49,
      47,
      42,
      46,
      53,
      49,
      45,
      51,
      49,
      56,
      45
    ],
    "每趟標籤": [
      "第1局第1趟",
      "第1局第2趟",
      "第1局第3趟",
      "第1局第4趟",
      "第1局第5趟",
      "第1局第6趟",
      "第2局第1趟",
      "第2局第2趟",
      "第2局第3趟",
      "第2局第4趟",
      "第2局第5趟",
      "第2局第6趟",
      "第3局第1趟",
      "第3局第2趟",
      "第3局第3趟",
      "第3局第4趟",
      "第3局第5趟",
      "第3局第6趟",
      "第4局第1趟",
      "第4局第2趟",
      "第4局第3趟",
      "第4局第4趟",
      "第4局第5趟",
      "第4局第6趟",
      "第5局第1趟",
      "第5局第2趟",
      "第5局第3趟",
      "第5局第4趟",
      "第5局第5趟",
      "第5局第6趟",
      "第6局第1趟",
      "第6局第2趟",
      "第6局第3趟",
      "第6局第4趟",
      "第6局第5趟",
      "第6局第6趟",
      "第7局第1趟",
      "第7局第2趟",
      "第7局第3趟",
      "第7局第4趟",
      "第7局第5趟",
      "第7局第6趟",
      "第8局第1趟",
      "第8局第2趟",
      "第8局第3趟",
      "第8局第4趟",
      "第8局第5趟",
      "第8局第6趟",
      "第9局第1趟",
      "第9局第2趟",
      "第9局第3趟",
      "第9局第4趟",
      "第9局第5趟",
      "第9局第6趟",
      "第10局第1趟",
      "第10局第2趟",
      "第10局第3趟",
      "第10局第4趟",
      "第10局第5趟",
      "第10局第6趟",
      "第11局第1趟",
      "第11局第2趟",
      "第11局第3趟",
      "第11局第4趟",
      "第11局第5趟",
      "第11局第6趟",
      "第12局第1趟",
      "第12局第2趟",
      "第12局第3趟",
      "第12局第4趟",
      "第12局第5趟",
      "第12局第6趟"
    ],
    "最佳單局": {
      "局": [
        7
      ],
      "分數": 311
    },
    "最佳單趟": {
      "趟": [
        "第12局第5趟"
      ],
      "分數": 56
    },
    "穩定度(單局標準差)": 7.857674945908334,
    "單局高低差": 26,
    "平均每趟分數": 49.263888888888886,
    "最後12趟平均": 48.333333333333336
  },
  "round_arrows": {
    "第1局箭值": [
      [
        "9",
        "9",
        "8",
        "8",
        "7",
        "7"
      ],
      [
        "9",
        "9",
        "9",
        "8",
        "8",
        "8"
      ],
      [
        "9",
        "9",
        "8",
        "8",
        "8",
        "5"
      ],
      [
        "10",
        "8",
        "7",
        "7",
        "7",
        "5"
      ],
      [
        "X",
        "X",
        "9",
        "9",
        "9",
        "8"
      ],
      [
        "8",
        "8",
        "8",
        "8",
        "7",
        "6"
      ]
    ],
    "第2局箭值": [
      [
        "9",
        "9",
        "9",
        "8",
        "8",
        "8"
      ],
      [
        "9",
        "9",
        "8",
        "8",
        "7",
        "6"
      ],
      [
        "10",
        "9",
        "9",
        "9",
        "7",
        "7"
      ],
      [
        "X",
        "10",
        "8",
        "8",
        "7",
        "M"
      ],
      [
        "10",
        "9",
        "9",
        "9",
        "8",
        "6"
      ],
      [
        "10",
        "10",
        "9",
        "9",
        "8",
        "8"
      ]
    ],
    "第3局箭值": [
      [
        "X",
        "9",
        "9",
        "9",
        "8",
        "8"
      ],
      [
        "9",
        "9",
        "8",
        "8",
        "8",
        "8"
      ],
      [
        "8",
        "8",
        "8",
        "8",
        "7",
        "6"
      ],
      [
        "X",
        "10",
        "9",
        "8",
        "8",
        "8"
      ],
      [
        "10",
        "10",
        "9",
        "8",
        "8",
        "7"
      ],
      [
        "9",
        "9",
        "9",
        "8",
        "8",
        "7"
      ]
    ],
    "第4局箭值": [
      [
        "10",
        "9",
        "9",
        "8",
        "8",
        "6"
      ],
      [
        "10",
        "9",
        "9",
        "9",
        "8",
        "6"
      ],
      [
        "9",
        "8",
        "8",
        "8",
        "7",
        "6"
      ],
      [
        "X",
        "10",
        "9",
        "9",
        "7",
        "6"
      ],
      [
        "10",
        "9",
        "9",
        "8",
        "6",
        "6"
      ],
      [
        "9",
        "9",
        "9",
        "8",
        "8",
        "7"
      ]
    ],
    "第5局箭值": [
      [
        "9",
        "8",
        "8",
        "8",
        "6",
        "6"
      ],
      [
        "X",
        "10",
        "9",
        "7",
        "7",
        "6"
      ],
      [
        "X",
        "9",
        "9",
        "8",
        "8",
        "7"
      ],
      [
        "10",
        "9",
        "9",
        "8",
        "8",
        "7"
      ],
      [
        "X",
        "10",
        "9",
        "8",
        "8",
        "7"
      ],
      [
        "X",
        "10",
        "10",
        "9",
        "9",
        "6"
      ]
    ],
    "第6局箭值": [
      [
        "10",
        "10",
        "9",
        "9",
        "9",
        "8"
      ],
      [
        "X",
        "9",
        "8",
        "8",
        "7",
        "7"
      ],
      [
        "10",
        "9",
        "9",
        "9",
        "8",
        "7"
      ],
      [
        "10",
        "9",
        "9",
        "8",
        "8",
        "7"
      ],
      [
        "9",
        "9",
        "9",
        "7",
        "7",
        "5"
      ],
      [
        "9",
        "9",
        "8",
        "8",
        "8",
        "8"
      ]
    ],
    "第7局箭值": [
      [
        "9",
        "9",
        "9",
        "9",
        "8",
        "7"
      ],
      [
        "X",
        "10",
        "9",
        "9",
        "9",
        "8"
      ],
      [
        "X",
        "10",
        "9",
        "9",
        "9",
        "8"
      ],
      [
        "X",
        "9",
        "8",
        "7",
        "7",
        "6"
      ],
      [
        "10",
        "9",
        "9",
        "8",
        "8",
        "5"
      ],
      [
        "X",
        "10",
        "10",
        "9",
        "9",
        "6"
      ]
    ],