{
  "id": "914a40ca14f097e1",
  "name": "江竣崴",
  "unit": "北市麗山高中",
  "bow": "反曲弓",
  "group": "反曲弓男生",
  "stats": {
    "總名次": 64,
    "總箭數": 432,
    "總分": 3543,
    "分布": {
      "X": 20,
      "10": 49,
      "9": 137,
      "紅圈(7&8)": 180,
      "藍圈(5&6)": 41,
      "M": 2,
      "黃圈(9/10/X)": 206,
      "黑圈(3&4)": 3,
      "白圈(1&2)": 0
    },
    "平均箭值": 8.20138888888889,
    "10分命中率": 0.1597222222222222,
    "9分以上命中率": 0.47685185185185186,
    "10中X比例": 0.2898550724637681,
    "單局分數(12)": [
      303,
      293,
      306,
      287,
      303,
      301,
      293,
      316,
      294,
      285,
      277,
      285
    ],
    "雙局分數(6)": [
      596,
      593,
      604,
      609,
      579,
      562
    ],
    "每趟分數(72)": [
      41,
      49,
      54,
      53,
      53,
      53,
      48,
      47,
      53,
      47,
      53,
      45,
      51,
      52,
      55,
      55,
      42,
      51,
      48,
      44,
      54,
      47,
      47,
      47,
      44,
      51,
      56,
      48,
      50,
      54,
      54,
      44,
      53,
      54,
      43,
      53,
      45,
      52,
      45,
      51,
      53,
      47,
      54,
      54,
      51,
      55,
      48,
      54,
      49,
      50,
      49,
      49,
      49,
      48,
      42,
      46,
      46,
      49,
      48,
      54,
      48,
      47,
      50,
      39,
      45,
      48,
      48,
      47,
      51,
      48,
      48,
      43
    ],
    "每趟標籤": [
      "第1局第1趟",
      "第1局第2趟",
      "第1局第3趟",
      "第1局第4趟",
      "第1局第5趟",
      "第1局第6趟",
      "第2局第1趟",
      "第2局第2趟",
      "第2局第3趟",
      "第2局第4趟",
      "第2局第5趟",
      "第2局第6趟",
      "第3局第1趟",
      "第3局第2趟",
      "第3局第3趟",
      "第3局第4趟",
      "第3局第5趟",
      "第3局第6趟",
      "第4局第1趟",
      "第4局第2趟",
      "第4局第3趟",
      "第4局第4趟",
      "第4局第5趟",
      "第4局第6趟",
      "第5局第1趟",
      "第5局第2趟",
      "第5局第3趟",
      "第5局第4趟",
      "第5局第5趟",
      "第5局第6趟",
      "第6局第1趟",
      "第6局第2趟",
      "第6局第3趟",
      "第6局第4趟",
      "第6局第5趟",
      "第6局第6趟",
      "第7局第1趟",
      "第7局第2趟",
      "第7局第3趟",
      "第7局第4趟",
      "第7局第5趟",
      "第7局第6趟",
      "第8局第1趟",
      "第8局第2趟",
      "第8局第3趟",
      "第8局第4趟",
      "第8局第5趟",
      "第8局第6趟",
      "第9局第1趟",
      "第9局第2趟",
      "第9局第3趟",
      "第9局第4趟",
      "第9局第5趟",
      "第9局第6趟",
      "第10局第1趟",
      "第10局第2趟",
      "第10局第3趟",
      "第10局第4趟",
      "第10局第5趟",
      "第10局第6趟",
      "第11局第1趟",
      "第11局第2趟",
      "第11局第3趟",
      "第11局第4趟",
      "第11局第5趟",
      "第11局第6趟",
      "第12局第1趟",
      "第12局第2趟",
      "第12局第3趟",
      "第12局第4趟",
      "第12局第5趟",
      "第12局第6趟"
    ],
    "最佳單局": {
      "局": [
        8
      ],
      "分數": 316
    },
    "最佳單趟": {
      "趟": [
        "第5局第3趟"
      ],
      "分數": 56
    },
    "穩定度(單局標準差)": 10.497023387608508,
    "單局高低差": 39,
    "平均每趟分數": 49.208333333333336,
    "最後12趟平均": 46.833333333333336
  },
  "round_arrows": {
    "第1局箭值": [
      [
        "10",
        "9",
        "8",
        "8",
        "6",
        "M"
      ],
      [
        "9",
        "9",
        "8",
        "8",
        "8",
        "7"
      ],
      [
        "10",
        "10",
        "9",
        "9",
        "9",
        "7"
      ],
      [
        "X",
        "10",
        "10",
        "8",
        "8",
        "7"
      ],
      [
        "X",
        "9",
        "9",
        "9",
        "8",
        "8"
      ],
      [
        "10",
        "9",
        "9",
        "9",
        "9",
        "7"
      ]
    ],
    "第2局箭值": [
      [
        "X",
        "10",
        "8",
        "7",
        "7",
        "6"
      ],
      [
        "10",
        "10",
        "8",
        "7",
        "6",
        "6"
      ],
      [
        "X",
        "X",
        "10",
        "9",
        "8",
        "6"
      ],
      [
        "9",
        "9",
        "8",
        "8",
        "7",
        "6"
      ],
      [
        "10",
        "10",
        "9",
        "9",
        "8",
        "7"
      ],
      [
        "9",
        "8",
        "8",
        "8",
        "6",
        "6"
      ]
    ],
    "第3局箭值": [
      [
        "9",
        "9",
        "9",
        "9",
        "8",
        "7"
      ],
      [
        "10",
        "9",
        "9",
        "9",
        "8",
        "7"
      ],
      [
        "10",
        "9",
        "9",
        "9",
        "9",
        "9"
      ],
      [
        "10",
        "10",
        "10",
        "9",
        "8",
        "8"
      ],
      [
        "8",
        "7",
        "7",
        "7",
        "7",
        "6"
      ],
      [
        "10",
        "9",
        "9",
        "9",
        "7",
        "7"
      ]
    ],
    "第4局箭值": [
      [
        "X",
        "9",
        "8",
        "8",
        "7",
        "6"
      ],
      [
        "9",
        "8",
        "8",
        "7",
        "6",
        "6"
      ],
      [
        "X",
        "10",
        "10",
        "8",
        "8",
        "8"
      ],
      [
        "10",
        "8",
        "8",
        "8",
        "7",
        "6"
      ],
      [
        "10",
        "9",
        "8",
        "8",
        "6",
        "6"
      ],
      [
        "10",
        "9",
        "8",
        "8",
        "6",
        "6"
      ]
    ],
    "第5局箭值": [
      [
        "10",
        "8",
        "7",
        "7",
        "6",
        "6"
      ],
      [
        "10",
        "9",
        "9",
        "9",
        "7",
        "7"
      ],
      [
        "X",
        "10",
        "9",
        "9",
        "9",
        "9"
      ],
      [
        "9",
        "8",
        "8",
        "8",
        "8",
        "7"
      ],
      [
        "9",
        "9",
        "8",
        "8",
        "8",
        "8"
      ],
      [
        "10",
        "9",
        "9",
        "9",
        "9",
        "8"
      ]
    ],
    "第6局箭值": [
      [
        "X",
        "10",
        "9",
        "9",
        "9",
        "7"
      ],
      [
        "9",
        "8",
        "8",
        "7",
        "6",
        "6"
      ],
      [
        "10",
        "10",
        "9",
        "8",
        "8",
        "8"
      ],
      [
        "X",
        "X",
        "10",
        "9",
        "8",
        "7"
      ],
      [
        "9",
        "9",
        "8",
        "7",
        "6",
        "4"
      ],
      [
        "10",
        "9",
        "9",
        "9",
        "8",
        "8"
      ]
    ],
    "第7局箭值": [
      [
        "X",
        "8",
        "8",
        "7",
        "7",
        "5"
      ],
      [
        "X",
        "9",
        "9",
        "9",
        "8",
        "7"
      ],
      [
        "X",
        "9",
        "9",
        "7",
        "5",
        "5"
      ],
      [
        "X",
        "9",
        "9",
        "8",
        "8",
        "7"
      ],
      [
        "10",
        "10",
        "9",
        "9",
        "8",
        "7"
      ],
      [
        "9",
        "9",
        "9",
        "9",
        "7",
        "4"
      ]
    ],