{
  "id": "96236ce590ddbc6e",
  "name": "紀柏均",
  "unit": "國立體育大學",
  "bow": "反曲弓",
  "group": "反曲弓男生",
  "stats": {
    "總名次": 47,
    "總箭數": 432,
    "總分": 3746,
    "分布": {
      "X": 39,
      "10": 75,
      "9": 169,
      "紅圈(7&8)": 130,
      "藍圈(5&6)": 14,
      "M": 1,
      "黃圈(9/10/X)": 283,
      "黑圈(3&4)": 2,
      "白圈(1&2)": 2
    },
    "平均箭值": 8.671296296296296,
    "10分命中率": 0.2638888888888889,
    "9分以上命中率": 0.6550925925925926,
    "10中X比例": 0.34210526315789475,
    "單局分數(12)": [
      309,
      310,
      315,
      305,
      324,
      318,
      305,
      310,
      317,
      301,
      317,
      315
    ],
    "雙局分數(6)": [
      619,
      620,
      642,
      615,
      618,
      632
    ],
    "每趟分數(72)": [
      50,
      53,
      45,
      57,
      54,
      50,
      55,
      51,
      52,
      50,
      49,
      53,
      55,
      51,
      50,
      56,
      51,
      52,
      50,
      53,
      54,
      52,
      46,
      50,
      53,
      52,
      53,
      56,
      54,
      56,
      47,
      55,
      56,
      55,
      54,
      51,
      54,
      45,
      54,
      44,
      57,
      51,
      52,
      42,
      56,
      51,
      55,
      54,
      52,
      53,
      53,
      55,
      52,
      52,
      52,
      51,
      57,
      46,
      54,
      41,
      51,
      54,
      53,
      56,
      55,
      48,
      50,
      51,
      55,
      50,
      53,
      56
    ],
    "每趟標籤": [
      "第1局第1趟",
      "第1局第2趟",
      "第1局第3趟",
      "第1局第4趟",
      "第1局第5趟",
      "第1局第6趟",
      "第2局第1趟",
      "第2局第2趟",
      "第2局第3趟",
      "第2局第4趟",
      "第2局第5趟",
      "第2局第6趟",
      "第3局第1趟",
      "第3局第2趟",
      "第3局第3趟",
      "第3局第4趟",
      "第3局第5趟",
      "第3局第6趟",
      "第4局第1趟",
      "第4局第2趟",
      "第4局第3趟",
      "第4局第4趟",
      "第4局第5趟",
      "第4局第6趟",
      "第5局第1趟",
      "第5局第2趟",
      "第5局第3趟",
      "第5局第4趟",
      "第5局第5趟",
      "第5局第6趟",
      "第6局第1趟",
      "第6局第2趟",
      "第6局第3趟",
      "第6局第4趟",
      "第6局第5趟",
      "第6局第6趟",
      "第7局第1趟",
      "第7局第2趟",
      "第7局第3趟",
      "第7局第4趟",
      "第7局第5趟",
      "第7局第6趟",
      "第8局第1趟",
      "第8局第2趟",
      "第8局第3趟",
      "第8局第4趟",
      "第8局第5趟",
      "第8局第6趟",
      "第9局第1趟",
      "第9局第2趟",
      "第9局第3趟",
      "第9局第4趟",
      "第9局第5趟",
      "第9局第6趟",
      "第10局第1趟",
      "第10局第2趟",
      "第10局第3趟",
      "第10局第4趟",
      "第10局第5趟",
      "第10局第6趟",
      "第11局第1趟",
      "第11局第2趟",
      "第11局第3趟",
      "第11局第4趟",
      "第11局第5趟",
      "第11局第6趟",
      "第12局第1趟",
      "第12局第2趟",
      "第12局第3趟",
      "第12局第4趟",
      "第12局第5趟",
      "第12局第6趟"
    ],
    "最佳單局": {
      "局": [
        5
      ],
      "分數": 324
    },
    "最佳單趟": {
      "趟": [
        "第1局第4趟",
        "第7局第5趟",
        "第10局第3趟"
      ],
      "分數": 57
    },
    "穩定度(單局標準差)": 6.348665651580303,
    "單局高低差": 23,
    "平均每趟分數": 52.02777777777778,
    "最後12趟平均": 52.666666666666664
  },
  "round_arrows": {
    "第1局箭值": [
      [
        "X",
        "9",
        "9",
        "8",
        "7",
        "7"
      ],
      [
        "10",
        "10",
        "9",
        "9",
        "8",
        "7"
      ],
      [
        "10",
        "9",
        "9",
        "8",
        "7",
        "2"
      ],
      [
        "X",
        "X",
        "10",
        "9",
        "9",
        "9"
      ],
      [
        "X",
        "9",
        "9",
        "9",
        "9",
        "8"
      ],
      [
        "9",
        "9",
        "9",
        "9",
        "8",
        "6"
      ]
    ],
    "第2局箭值": [
      [
        "X",
        "10",
        "9",
        "9",
        "9",
        "8"
      ],
      [
        "X",
        "9",
        "9",
        "8",
        "8",
        "7"
      ],
      [
        "10",
        "10",
        "9",
        "9",
        "7",
        "7"
      ],
      [
        "10",
        "10",
        "9",
        "8",
        "8",
        "5"
      ],
      [
        "X",
        "9",
        "9",
        "7",
        "7",
        "7"
      ],
      [
        "10",
        "9",
        "9",
        "9",
        "8",
        "8"
      ]
    ],
    "第3局箭值": [
      [
        "10",
        "10",
        "10",
        "9",
        "8",
        "8"
      ],
      [
        "10",
        "9",
        "9",
        "9",
        "7",
        "7"
      ],
      [
        "10",
        "9",
        "9",
        "8",
        "8",
        "6"
      ],
      [
        "X",
        "X",
        "10",
        "9",
        "9",
        "8"
      ],
      [
        "10",
        "9",
        "9",
        "8",
        "8",
        "7"
      ],
      [
        "9",
        "9",
        "9",
        "9",
        "8",
        "8"
      ]
    ],
    "第4局箭值": [
      [
        "10",
        "9",
        "9",
        "8",
        "8",
        "6"
      ],
      [
        "X",
        "9",
        "9",
        "9",
        "8",
        "8"
      ],
      [
        "X",
        "9",
        "9",
        "9",
        "9",
        "8"
      ],
      [
        "10",
        "10",
        "10",
        "8",
        "7",
        "7"
      ],
      [
        "10",
        "9",
        "9",
        "7",
        "6",
        "5"
      ],
      [
        "X",
        "9",
        "8",
        "8",
        "8",
        "7"
      ]
    ],
    "第5局箭值": [
      [
        "X",
        "9",
        "9",
        "9",
        "9",
        "7"
      ],
      [
        "10",
        "10",
        "9",
        "9",
        "8",
        "6"
      ],
      [
        "X",
        "X",
        "10",
        "9",
        "9",
        "5"
      ],
      [
        "X",
        "X",
        "10",
        "9",
        "9",
        "8"
      ],
      [
        "10",
        "10",
        "9",
        "9",
        "8",
        "8"
      ],
      [
        "10",
        "10",
        "10",
        "9",
        "9",
        "8"
      ]
    ],
    "第6局箭值": [
      [
        "10",
        "8",
        "8",
        "7",
        "7",
        "7"
      ],
      [
        "10",
        "10",
        "9",
        "9",
        "9",
        "8"
      ],
      [
        "X",
        "10",
        "9",
        "9",
        "9",
        "9"
      ],
      [
        "10",
        "9",
        "9",
        "9",
        "9",
        "9"
      ],
      [
        "10",
        "10",
        "9",
        "9",
        "8",
        "8"
      ],
      [
        "9",
        "9",
        "9",
        "8",
        "8",
        "8"
      ]
    ],
    "第7局箭值": [
      [
        "X",
        "X",
        "10",
        "10",
        "8",
        "6"
      ],
      [
        "X",
        "9",
        "8",
        "7",
        "7",
        "4"
      ],
      [
        "X",
        "10",
        "9",
        "9",
        "9",
        "7"
      ],
      [
        "10",
        "9",
        "8",
        "8",
        "8",
        "1"
      ],
      [
        "X",
        "X",
        "10",
        "9",
        "9",
        "9"
      ],
      [
        "10",
        "9",
        "9",
        "9",
        "8",
        "6"
      ]
    ],