{
  "id": "99a8dc2cae10bc05",
  "name": "劉佳耘",
  "unit": "竹縣湖口高中",
  "bow": "反曲弓",
  "group": "反曲弓女生",
  "stats": {
    "總名次": 38,
    "總箭數": 432,
    "總分": 3684,
    "分布": {
      "X": 25,
      "10": 62,
      "9": 158,
      "紅圈(7&8)": 162,
      "藍圈(5&6)": 22,
      "M": 1,
      "黃圈(9/10/X)": 245,
      "黑圈(3&4)": 2,
      "白圈(1&2)": 0
    },
    "平均箭值": 8.527777777777779,
    "10分命中率": 0.2013888888888889,
    "9分以上命中率": 0.5671296296296297,
    "10中X比例": 0.28735632183908044,
    "單局分數(12)": [
      308,
      321,
      302,
      302,
      291,
      303,
      311,
      312,
      312,
      312,
      314,
      296
    ],
    "雙局分數(6)": [
      629,
      604,
      594,
      623,
      624,
      610
    ],
    "每趟分數(72)": [
      49,
      51,
      57,
      52,
      49,
      50,
      52,
      57,
      51,
      53,
      54,
      54,
      51,
      50,
      49,
      49,
      49,
      54,
      47,
      49,
      50,
      53,
      51,
      52,
      47,
      44,
      44,
      56,
      47,
      53,
      48,
      50,
      50,
      54,
      49,
      52,
      47,
      53,
      51,
      55,
      54,
      51,
      52,
      51,
      50,
      55,
      56,
      48,
      48,
      53,
      54,
      53,
      53,
      51,
      52,
      52,
      51,
      52,
      55,
      50,
      57,
      51,
      49,
      53,
      50,
      54,
      53,
      50,
      57,
      52,
      46,
      38
    ],
    "每趟標籤": [
      "第1局第1趟",
      "第1局第2趟",
      "第1局第3趟",
      "第1局第4趟",
      "第1局第5趟",
      "第1局第6趟",
      "第2局第1趟",
      "第2局第2趟",
      "第2局第3趟",
      "第2局第4趟",
      "第2局第5趟",
      "第2局第6趟",
      "第3局第1趟",
      "第3局第2趟",
      "第3局第3趟",
      "第3局第4趟",
      "第3局第5趟",
      "第3局第6趟",
      "第4局第1趟",
      "第4局第2趟",
      "第4局第3趟",
      "第4局第4趟",
      "第4局第5趟",
      "第4局第6趟",
      "第5局第1趟",
      "第5局第2趟",
      "第5局第3趟",
      "第5局第4趟",
      "第5局第5趟",
      "第5局第6趟",
      "第6局第1趟",
      "第6局第2趟",
      "第6局第3趟",
      "第6局第4趟",
      "第6局第5趟",
      "第6局第6趟",
      "第7局第1趟",
      "第7局第2趟",
      "第7局第3趟",
      "第7局第4趟",
      "第7局第5趟",
      "第7局第6趟",
      "第8局第1趟",
      "第8局第2趟",
      "第8局第3趟",
      "第8局第4趟",
      "第8局第5趟",
      "第8局第6趟",
      "第9局第1趟",
      "第9局第2趟",
      "第9局第3趟",
      "第9局第4趟",
      "第9局第5趟",
      "第9局第6趟",
      "第10局第1趟",
      "第10局第2趟",
      "第10局第3趟",
      "第10局第4趟",
      "第10局第5趟",
      "第10局第6趟",
      "第11局第1趟",
      "第11局第2趟",
      "第11局第3趟",
      "第11局第4趟",
      "第11局第5趟",
      "第11局第6趟",
      "第12局第1趟",
      "第12局第2趟",
      "第12局第3趟",
      "第12局第4趟",
      "第12局第5趟",
      "第12局第6趟"
    ],
    "最佳單局": {
      "局": [
        2
      ],
      "分數": 321
    },
    "最佳單趟": {
      "趟": [
        "第1局第3趟",
        "第2局第2趟",
        "第11局第1趟",
        "第12局第3趟"
      ],
      "分數": 57
    },
    "穩定度(單局標準差)": 8.06225774829855,
    "單局高低差": 30,
    "平均每趟分數": 51.166666666666664,
    "最後12趟平均": 50.833333333333336
  },
  "round_arrows": {
    "第1局箭值": [
      [
        "10",
        "9",
        "9",
        "8",
        "7",
        "6"
      ],
      [
        "10",
        "9",
        "9",
        "9",
        "7",
        "7"
      ],
      [
        "X",
        "10",
        "10",
        "10",
        "9",
        "8"
      ],
      [
        "10",
        "9",
        "9",
        "8",
        "8",
        "8"
      ],
      [
        "10",
        "9",
        "8",
        "8",
        "8",
        "6"
      ],
      [
        "10",
        "9",
        "9",
        "8",
        "8",
        "6"
      ]
    ],
    "第2局箭值": [
      [
        "10",
        "9",
        "9",
        "9",
        "8",
        "7"
      ],
      [
        "X",
        "X",
        "10",
        "10",
        "9",
        "8"
      ],
      [
        "9",
        "9",
        "9",
        "8",
        "8",
        "8"
      ],
      [
        "X",
        "9",
        "9",
        "9",
        "8",
        "8"
      ],
      [
        "X",
        "10",
        "9",
        "9",
        "8",
        "8"
      ],
      [
        "10",
        "10",
        "9",
        "9",
        "8",
        "8"
      ]
    ],
    "第3局箭值": [
      [
        "9",
        "9",
        "9",
        "9",
        "9",
        "6"
      ],
      [
        "9",
        "9",
        "9",
        "8",
        "8",
        "7"
      ],
      [
        "9",
        "9",
        "9",
        "8",
        "8",
        "6"
      ],
      [
        "9",
        "9",
        "9",
        "8",
        "7",
        "7"
      ],
      [
        "9",
        "9",
        "8",
        "8",
        "8",
        "7"
      ],
      [
        "X",
        "X",
        "10",
        "9",
        "8",
        "7"
      ]
    ],
    "第4局箭值": [
      [
        "9",
        "9",
        "8",
        "8",
        "7",
        "6"
      ],
      [
        "10",
        "10",
        "8",
        "8",
        "7",
        "6"
      ],
      [
        "9",
        "9",
        "9",
        "8",
        "8",
        "7"
      ],
      [
        "X",
        "10",
        "10",
        "9",
        "8",
        "6"
      ],
      [
        "10",
        "9",
        "9",
        "8",
        "8",
        "7"
      ],
      [
        "X",
        "9",
        "9",
        "9",
        "8",
        "7"
      ]
    ],
    "第5局箭值": [
      [
        "10",
        "9",
        "9",
        "8",
        "7",
        "4"
      ],
      [
        "10",
        "8",
        "7",
        "7",
        "6",
        "6"
      ],
      [
        "8",
        "8",
        "8",
        "8",
        "7",
        "5"
      ],
      [
        "10",
        "10",
        "10",
        "10",
        "9",
        "7"
      ],
      [
        "X",
        "10",
        "9",
        "7",
        "6",
        "5"
      ],
      [
        "10",
        "10",
        "9",
        "8",
        "8",
        "8"
      ]
    ],
    "第6局箭值": [
      [
        "10",
        "9",
        "8",
        "8",
        "7",
        "6"
      ],
      [
        "10",
        "10",
        "9",
        "8",
        "8",
        "5"
      ],
      [
        "X",
        "9",
        "9",
        "8",
        "7",
        "7"
      ],
      [
        "10",
        "10",
        "10",
        "8",
        "8",
        "8"
      ],
      [
        "X",
        "9",
        "9",
        "8",
        "7",
        "6"
      ],
      [
        "10",
        "9",
        "9",
        "9",
        "8",
        "7"
      ]
    ],
    "第7局箭值": [
      [
        "9",
        "9",
        "8",
        "8",
        "7",
        "6"
      ],
      [
        "10",
        "10",
        "9",
        "8",
        "8",
        "8"
      ],
      [
        "10",
        "9",
        "8",
        "8",
        "8",
        "8"
      ],
      [
        "X",
        "X",
        "10",
        "9",
        "8",
        "8"
      ],
      [
        "9",
        "9",
        "9",
        "9",
        "9",
        "9"
      ],
      [
        "X",
        "9",
        "9",
        "8",
        "8",
        "7"
      ]
    ],