{
  "id": "a2f6fefff0f9e67c",
  "name": "官艾",
  "unit": "國立中正大學",
  "bow": "複合弓",
  "group": "複合弓女生",
  "stats": {
    "總名次": 11,
    "總箭數": 432,
    "總分": 4055,
    "分布": {
      "X": 79,
      "10": 133,
      "9": 178,
      "紅圈(7&8)": 42,
      "藍圈(5&6)": 0,
      "M": 0,
      "黃圈(9/10/X)": 390,
      "黑圈(3&4)": 0,
      "白圈(1&2)": 0
    },
    "平均箭值": 9.386574074074074,
    "10分命中率": 0.49074074074074076,
    "9分以上命中率": 0.9027777777777778,
    "10中X比例": 0.37264150943396224,
    "單局分數(12)": [
      345,
      339,
      342,
      323,
      342,
      341,
      339,
      343,
      339,
      336,
      334,
      332
    ],
    "雙局分數(6)": [
      684,
      665,
      683,
      682,
      675,
      666
    ],
    "每趟分數(72)": [
      59,
      59,
      56,
      55,
      58,
      58,
      58,
      57,
      54,
      57,
      57,
      56,
      56,
      57,
      57,
      59,
      58,
      55,
      52,
      52,
      57,
      57,
      51,
      54,
      57,
      57,
      56,
      58,
      57,
      57,
      58,
      57,
      58,
      56,
      56,
      56,
      57,
      58,
      52,
      58,
      57,
      57,
      58,
      58,
      56,
      55,
      58,
      58,
      57,
      55,
      59,
      56,
      54,
      58,
      56,
      57,
      56,
      56,
      55,
      56,
      53,
      56,
      58,
      56,
      59,
      52,
      55,
      55,
      55,
      56,
      56,
      55
    ],
    "每趟標籤": [
      "第1局第1趟",
      "第1局第2趟",
      "第1局第3趟",
      "第1局第4趟",
      "第1局第5趟",
      "第1局第6趟",
      "第2局第1趟",
      "第2局第2趟",
      "第2局第3趟",
      "第2局第4趟",
      "第2局第5趟",
      "第2局第6趟",
      "第3局第1趟",
      "第3局第2趟",
      "第3局第3趟",
      "第3局第4趟",
      "第3局第5趟",
      "第3局第6趟",
      "第4局第1趟",
      "第4局第2趟",
      "第4局第3趟",
      "第4局第4趟",
      "第4局第5趟",
      "第4局第6趟",
      "第5局第1趟",
      "第5局第2趟",
      "第5局第3趟",
      "第5局第4趟",
      "第5局第5趟",
      "第5局第6趟",
      "第6局第1趟",
      "第6局第2趟",
      "第6局第3趟",
      "第6局第4趟",
      "第6局第5趟",
      "第6局第6趟",
      "第7局第1趟",
      "第7局第2趟",
      "第7局第3趟",
      "第7局第4趟",
      "第7局第5趟",
      "第7局第6趟",
      "第8局第1趟",
      "第8局第2趟",
      "第8局第3趟",
      "第8局第4趟",
      "第8局第5趟",
      "第8局第6趟",
      "第9局第1趟",
      "第9局第2趟",
      "第9局第3趟",
      "第9局第4趟",
      "第9局第5趟",
      "第9局第6趟",
      "第10局第1趟",
      "第10局第2趟",
      "第10局第3趟",
      "第10局第4趟",
      "第10局第5趟",
      "第10局第6趟",
      "第11局第1趟",
      "第11局第2趟",
      "第11局第3趟",
      "第11局第4趟",
      "第11局第5趟",
      "第11局第6趟",
      "第12局第1趟",
      "第12局第2趟",
      "第12局第3趟",
      "第12局第4趟",
      "第12局第5趟",
      "第12局第6趟"
    ],
    "最佳單局": {
      "局": [
        1
      ],
      "分數": 345
    },
    "最佳單趟": {
      "趟": [
        "第1局第1趟",
        "第1局第2趟",
        "第3局第4趟",
        "第9局第3趟",
        "第11局第5趟"
      ],
      "分數": 59
    },
    "穩定度(單局標準差)": 5.765679106189968,
    "單局高低差": 22,
    "平均每趟分數": 56.31944444444444,
    "最後12趟平均": 55.5
  },
  "round_arrows": {
    "第1局箭值": [
      [
        "X",
        "X",
        "10",
        "10",
        "10",
        "9"
      ],
      [
        "X",
        "10",
        "10",
        "10",
        "10",
        "9"
      ],
      [
        "X",
        "X",
        "9",
        "9",
        "9",
        "9"
      ],
      [
        "10",
        "10",
        "9",
        "9",
        "9",
        "8"
      ],
      [
        "10",
        "10",
        "10",
        "10",
        "9",
        "9"
      ],
      [
        "X",
        "10",
        "10",
        "10",
        "10",
        "8"
      ]
    ],
    "第2局箭值": [
      [
        "X",
        "X",
        "X",
        "10",
        "9",
        "9"
      ],
      [
        "X",
        "10",
        "10",
        "9",
        "9",
        "9"
      ],
      [
        "10",
        "9",
        "9",
        "9",
        "9",
        "8"
      ],
      [
        "X",
        "10",
        "10",
        "9",
        "9",
        "9"
      ],
      [
        "X",
        "10",
        "10",
        "10",
        "9",
        "8"
      ],
      [
        "X",
        "10",
        "9",
        "9",
        "9",
        "9"
      ]
    ],
    "第3局箭值": [
      [
        "X",
        "10",
        "10",
        "9",
        "9",
        "8"
      ],
      [
        "X",
        "10",
        "10",
        "9",
        "9",
        "9"
      ],
      [
        "10",
        "10",
        "10",
        "9",
        "9",
        "9"
      ],
      [
        "X",
        "X",
        "X",
        "10",
        "10",
        "9"
      ],
      [
        "10",
        "10",
        "10",
        "10",
        "9",
        "9"
      ],
      [
        "10",
        "10",
        "9",
        "9",
        "9",
        "8"
      ]
    ],
    "第4局箭值": [
      [
        "9",
        "9",
        "9",
        "9",
        "8",
        "8"
      ],
      [
        "10",
        "9",
        "9",
        "9",
        "8",
        "7"
      ],
      [
        "X",
        "10",
        "10",
        "10",
        "9",
        "8"
      ],
      [
        "X",
        "X",
        "10",
        "9",
        "9",
        "9"
      ],
      [
        "9",
        "9",
        "9",
        "8",
        "8",
        "8"
      ],
      [
        "9",
        "9",
        "9",
        "9",
        "9",
        "9"
      ]
    ],
    "第5局箭值": [
      [
        "X",
        "X",
        "10",
        "9",
        "9",
        "9"
      ],
      [
        "10",
        "10",
        "10",
        "9",
        "9",
        "9"
      ],
      [
        "X",
        "10",
        "10",
        "9",
        "9",
        "8"
      ],
      [
        "X",
        "X",
        "10",
        "10",
        "9",
        "9"
      ],
      [
        "X",
        "X",
        "10",
        "9",
        "9",
        "9"
      ],
      [
        "X",
        "10",
        "10",
        "9",
        "9",
        "9"
      ]
    ],
    "第6局箭值": [
      [
        "X",
        "X",
        "X",
        "10",
        "9",
        "9"
      ],
      [
        "X",
        "10",
        "10",
        "9",
        "9",
        "9"
      ],
      [
        "X",
        "X",
        "10",
        "10",
        "9",
        "9"
      ],
      [
        "10",
        "10",
        "9",
        "9",
        "9",
        "9"
      ],
      [
        "X",
        "10",
        "9",
        "9",
        "9",
        "9"
      ],
      [
        "X",
        "10",
        "10",
        "9",
        "9",
        "8"
      ]
    ],
    "第7局箭值": [
      [
        "X",
        "X",
        "10",
        "9",
        "9",
        "9"
      ],
      [
        "X",
        "X",
        "X",
        "X",
        "9",
        "9"
      ],
      [
        "X",
        "9",
        "9",
        "8",
        "8",
        "8"
      ],
      [
        "X",
        "10",
        "10",
        "10",
        "9",
        "9"
      ],
      [
        "10",
        "10",
        "10",
        "10",
        "9",
        "8"
      ],
      [
        "X",
        "10",
        "10",
        "9",
        "9",
        "9"
      ]
    ],