{
  "id": "a42374de4f74a450",
  "name": "游凱淳",
  "unit": "花縣自強國中",
  "bow": "反曲弓",
  "group": "反曲弓男生",
  "stats": {
    "總名次": 55,
    "總箭數": 432,
    "總分": 3636,
    "分布": {
      "X": 30,
      "10": 62,
      "9": 137,
      "紅圈(7&8)": 180,
      "藍圈(5&6)": 18,
      "M": 4,
      "黃圈(9/10/X)": 229,
      "黑圈(3&4)": 1,
      "白圈(1&2)": 0
    },
    "平均箭值": 8.416666666666666,
    "10分命中率": 0.21296296296296297,
    "9分以上命中率": 0.5300925925925926,
    "10中X比例": 0.32608695652173914,
    "單局分數(12)": [
      303,
      289,
      302,
      299,
      300,
      305,
      310,
      305,
      311,
      317,
      302,
      293
    ],
    "雙局分數(6)": [
      592,
      601,
      605,
      615,
      628,
      595
    ],
    "每趟分數(72)": [
      53,
      55,
      51,
      50,
      40,
      54,
      52,
      50,
      52,
      41,
      44,
      50,
      50,
      44,
      55,
      51,
      54,
      48,
      52,
      46,
      51,
      47,
      51,
      52,
      50,
      53,
      47,
      51,
      51,
      48,
      45,
      53,
      51,
      51,
      53,
      52,
      52,
      51,
      54,
      51,
      54,
      48,
      53,
      44,
      56,
      52,
      51,
      49,
      50,
      54,
      52,
      53,
      51,
      51,
      54,
      52,
      50,
      54,
      53,
      54,
      50,
      50,
      48,
      49,
      48,
      57,
      50,
      51,
      49,
      46,
      47,
      50
    ],
    "每趟標籤": [
      "第1局第1趟",
      "第1局第2趟",
      "第1局第3趟",
      "第1局第4趟",
      "第1局第5趟",
      "第1局第6趟",
      "第2局第1趟",
      "第2局第2趟",
      "第2局第3趟",
      "第2局第4趟",
      "第2局第5趟",
      "第2局第6趟",
      "第3局第1趟",
      "第3局第2趟",
      "第3局第3趟",
      "第3局第4趟",
      "第3局第5趟",
      "第3局第6趟",
      "第4局第1趟",
      "第4局第2趟",
      "第4局第3趟",
      "第4局第4趟",
      "第4局第5趟",
      "第4局第6趟",
      "第5局第1趟",
      "第5局第2趟",
      "第5局第3趟",
      "第5局第4趟",
      "第5局第5趟",
      "第5局第6趟",
      "第6局第1趟",
      "第6局第2趟",
      "第6局第3趟",
      "第6局第4趟",
      "第6局第5趟",
      "第6局第6趟",
      "第7局第1趟",
      "第7局第2趟",
      "第7局第3趟",
      "第7局第4趟",
      "第7局第5趟",
      "第7局第6趟",
      "第8局第1趟",
      "第8局第2趟",
      "第8局第3趟",
      "第8局第4趟",
      "第8局第5趟",
      "第8局第6趟",
      "第9局第1趟",
      "第9局第2趟",
      "第9局第3趟",
      "第9局第4趟",
      "第9局第5趟",
      "第9局第6趟",
      "第10局第1趟",
      "第10局第2趟",
      "第10局第3趟",
      "第10局第4趟",
      "第10局第5趟",
      "第10局第6趟",
      "第11局第1趟",
      "第11局第2趟",
      "第11局第3趟",
      "第11局第4趟",
      "第11局第5趟",
      "第11局第6趟",
      "第12局第1趟",
      "第12局第2趟",
      "第12局第3趟",
      "第12局第4趟",
      "第12局第5趟",
      "第12局第6趟"
    ],
    "最佳單局": {
      "局": [
        10
      ],
      "分數": 317
    },
    "最佳單趟": {
      "趟": [
        "第11局第6趟"
      ],
      "分數": 57
    },
    "穩定度(單局標準差)": 7.302967433402215,
    "單局高低差": 28,
    "平均每趟分數": 50.5,
    "最後12趟平均": 49.583333333333336
  },
  "round_arrows": {
    "第1局箭值": [
      [
        "X",
        "9",
        "9",
        "9",
        "8",
        "8"
      ],
      [
        "X",
        "10",
        "9",
        "9",
        "9",
        "8"
      ],
      [
        "10",
        "10",
        "9",
        "9",
        "7",
        "6"
      ],
      [
        "10",
        "9",
        "8",
        "8",
        "8",
        "7"
      ],
      [
        "10",
        "9",
        "8",
        "7",
        "6",
        "M"
      ],
      [
        "X",
        "10",
        "10",
        "9",
        "8",
        "7"
      ]
    ],
    "第2局箭值": [
      [
        "X",
        "10",
        "10",
        "9",
        "8",
        "5"
      ],
      [
        "10",
        "9",
        "9",
        "8",
        "8",
        "6"
      ],
      [
        "10",
        "9",
        "9",
        "9",
        "8",
        "7"
      ],
      [
        "X",
        "9",
        "8",
        "8",
        "6",
        "M"
      ],
      [
        "9",
        "8",
        "7",
        "7",
        "7",
        "6"
      ],
      [
        "10",
        "9",
        "9",
        "8",
        "7",
        "7"
      ]
    ],
    "第3局箭值": [
      [
        "10",
        "9",
        "9",
        "9",
        "8",
        "5"
      ],
      [
        "10",
        "9",
        "9",
        "8",
        "8",
        "M"
      ],
      [
        "10",
        "9",
        "9",
        "9",
        "9",
        "9"
      ],
      [
        "10",
        "9",
        "9",
        "8",
        "8",
        "7"
      ],
      [
        "X",
        "10",
        "9",
        "9",
        "8",
        "8"
      ],
      [
        "10",
        "10",
        "8",
        "7",
        "7",
        "6"
      ]
    ],
    "第4局箭值": [
      [
        "10",
        "9",
        "9",
        "8",
        "8",
        "8"
      ],
      [
        "9",
        "8",
        "8",
        "8",
        "7",
        "6"
      ],
      [
        "10",
        "9",
        "8",
        "8",
        "8",
        "8"
      ],
      [
        "X",
        "9",
        "7",
        "7",
        "7",
        "7"
      ],
      [
        "10",
        "10",
        "9",
        "8",
        "7",
        "7"
      ],
      [
        "X",
        "9",
        "9",
        "9",
        "8",
        "7"
      ]
    ],
    "第5局箭值": [
      [
        "10",
        "9",
        "9",
        "8",
        "7",
        "7"
      ],
      [
        "10",
        "10",
        "10",
        "8",
        "8",
        "7"
      ],
      [
        "X",
        "9",
        "8",
        "8",
        "6",
        "6"
      ],
      [
        "X",
        "9",
        "9",
        "9",
        "8",
        "6"
      ],
      [
        "10",
        "9",
        "9",
        "8",
        "8",
        "7"
      ],
      [
        "9",
        "8",
        "8",
        "8",
        "8",
        "7"
      ]
    ],
    "第6局箭值": [
      [
        "9",
        "9",
        "8",
        "7",
        "6",
        "6"
      ],
      [
        "X",
        "9",
        "9",
        "9",
        "8",
        "8"
      ],
      [
        "X",
        "10",
        "9",
        "8",
        "7",
        "7"
      ],
      [
        "X",
        "9",
        "8",
        "8",
        "8",
        "8"
      ],
      [
        "X",
        "10",
        "9",
        "9",
        "8",
        "7"
      ],
      [
        "X",
        "9",
        "9",
        "8",
        "8",
        "8"
      ]
    ],
    "第7局箭值": [
      [
        "X",
        "9",
        "9",
        "8",
        "8",
        "8"
      ],
      [
        "10",
        "10",
        "8",
        "8",
        "8",
        "7"
      ],
      [
        "X",
        "X",
        "10",
        "9",
        "8",
        "7"
      ],
      [
        "10",
        "9",
        "9",
        "8",
        "8",
        "7"
      ],
      [
        "10",
        "9",
        "9",
        "9",
        "9",
        "8"
      ],
      [
        "9",
        "8",
        "8",
        "8",
        "8",
        "7"
      ]
    ],