{
  "id": "ab5dba9bc2dea0fd",
  "name": "蔡唯樂",
  "unit": "北市麗山高中",
  "bow": "反曲弓",
  "group": "反曲弓女生",
  "stats": {
    "總名次": 41,
    "總箭數": 432,
    "總分": 3648,
    "分布": {
      "X": 22,
      "10": 52,
      "9": 149,
      "紅圈(7&8)": 189,
      "藍圈(5&6)": 19,
      "M": 1,
      "黃圈(9/10/X)": 223,
      "黑圈(3&4)": 0,
      "白圈(1&2)": 0
    },
    "平均箭值": 8.444444444444445,
    "10分命中率": 0.1712962962962963,
    "9分以上命中率": 0.5162037037037037,
    "10中X比例": 0.2972972972972973,
    "單局分數(12)": [
      299,
      306,
      309,
      301,
      311,
      311,
      300,
      300,
      298,
      299,
      297,
      317
    ],
    "雙局分數(6)": [
      605,
      610,
      622,
      600,
      597,
      614
    ],
    "每趟分數(72)": [
      49,
      51,
      53,
      43,
      51,
      52,
      50,
      47,
      59,
      49,
      50,
      51,
      51,
      51,
      51,
      52,
      53,
      51,
      51,
      50,
      49,
      51,
      51,
      49,
      49,
      51,
      54,
      53,
      49,
      55,
      52,
      47,
      52,
      52,
      54,
      54,
      52,
      52,
      51,
      47,
      47,
      51,
      49,
      48,
      50,
      52,
      49,
      52,
      47,
      47,
      52,
      51,
      50,
      51,
      52,
      53,
      49,
      47,
      51,
      47,
      50,
      48,
      49,
      49,
      50,
      51,
      51,
      51,
      56,
      54,
      54,
      51
    ],
    "每趟標籤": [
      "第1局第1趟",
      "第1局第2趟",
      "第1局第3趟",
      "第1局第4趟",
      "第1局第5趟",
      "第1局第6趟",
      "第2局第1趟",
      "第2局第2趟",
      "第2局第3趟",
      "第2局第4趟",
      "第2局第5趟",
      "第2局第6趟",
      "第3局第1趟",
      "第3局第2趟",
      "第3局第3趟",
      "第3局第4趟",
      "第3局第5趟",
      "第3局第6趟",
      "第4局第1趟",
      "第4局第2趟",
      "第4局第3趟",
      "第4局第4趟",
      "第4局第5趟",
      "第4局第6趟",
      "第5局第1趟",
      "第5局第2趟",
      "第5局第3趟",
      "第5局第4趟",
      "第5局第5趟",
      "第5局第6趟",
      "第6局第1趟",
      "第6局第2趟",
      "第6局第3趟",
      "第6局第4趟",
      "第6局第5趟",
      "第6局第6趟",
      "第7局第1趟",
      "第7局第2趟",
      "第7局第3趟",
      "第7局第4趟",
      "第7局第5趟",
      "第7局第6趟",
      "第8局第1趟",
      "第8局第2趟",
      "第8局第3趟",
      "第8局第4趟",
      "第8局第5趟",
      "第8局第6趟",
      "第9局第1趟",
      "第9局第2趟",
      "第9局第3趟",
      "第9局第4趟",
      "第9局第5趟",
      "第9局第6趟",
      "第10局第1趟",
      "第10局第2趟",
      "第10局第3趟",
      "第10局第4趟",
      "第10局第5趟",
      "第10局第6趟",
      "第11局第1趟",
      "第11局第2趟",
      "第11局第3趟",
      "第11局第4趟",
      "第11局第5趟",
      "第11局第6趟",
      "第12局第1趟",
      "第12局第2趟",
      "第12局第3趟",
      "第12局第4趟",
      "第12局第5趟",
      "第12局第6趟"
    ],
    "最佳單局": {
      "局": [
        12
      ],
      "分數": 317
    },
    "最佳單趟": {
      "趟": [
        "第2局第3趟"
      ],
      "分數": 59
    },
    "穩定度(單局標準差)": 6.27162924074226,
    "單局高低差": 20,
    "平均每趟分數": 50.666666666666664,
    "最後12趟平均": 51.166666666666664
  },
  "round_arrows": {
    "第1局箭值": [
      [
        "10",
        "10",
        "9",
        "7",
        "7",
        "6"
      ],
      [
        "9",
        "9",
        "9",
        "9",
        "9",
        "6"
      ],
      [
        "X",
        "9",
        "9",
        "9",
        "8",
        "8"
      ],
      [
        "10",
        "9",
        "9",
        "8",
        "M",
        "7"
      ],
      [
        "9",
        "9",
        "9",
        "8",
        "8",
        "8"
      ],
      [
        "X",
        "9",
        "9",
        "8",
        "8",
        "8"
      ]
    ],
    "第2局箭值": [
      [
        "X",
        "9",
        "8",
        "8",
        "8",
        "7"
      ],
      [
        "10",
        "9",
        "8",
        "8",
        "7",
        "5"
      ],
      [
        "10",
        "10",
        "10",
        "10",
        "10",
        "9"
      ],
      [
        "9",
        "9",
        "8",
        "8",
        "8",
        "7"
      ],
      [
        "10",
        "9",
        "8",
        "8",
        "8",
        "7"
      ],
      [
        "10",
        "10",
        "9",
        "8",
        "7",
        "7"
      ]
    ],
    "第3局箭值": [
      [
        "10",
        "9",
        "9",
        "9",
        "7",
        "7"
      ],
      [
        "10",
        "9",
        "9",
        "9",
        "8",
        "6"
      ],
      [
        "9",
        "9",
        "9",
        "8",
        "8",
        "8"
      ],
      [
        "X",
        "9",
        "9",
        "9",
        "8",
        "7"
      ],
      [
        "10",
        "9",
        "9",
        "9",
        "8",
        "8"
      ],
      [
        "10",
        "9",
        "9",
        "9",
        "7",
        "7"
      ]
    ],
    "第4局箭值": [
      [
        "9",
        "9",
        "9",
        "8",
        "8",
        "8"
      ],
      [
        "9",
        "9",
        "9",
        "8",
        "8",
        "7"
      ],
      [
        "9",
        "8",
        "8",
        "8",
        "8",
        "8"
      ],
      [
        "9",
        "9",
        "9",
        "8",
        "8",
        "8"
      ],
      [
        "X",
        "9",
        "9",
        "9",
        "7",
        "7"
      ],
      [
        "X",
        "9",
        "8",
        "8",
        "7",
        "7"
      ]
    ],
    "第5局箭值": [
      [
        "10",
        "9",
        "8",
        "8",
        "7",
        "7"
      ],
      [
        "9",
        "9",
        "9",
        "9",
        "8",
        "7"
      ],
      [
        "10",
        "10",
        "9",
        "9",
        "8",
        "8"
      ],
      [
        "10",
        "9",
        "9",
        "9",
        "9",
        "7"
      ],
      [
        "10",
        "9",
        "9",
        "8",
        "7",
        "6"
      ],
      [
        "X",
        "X",
        "X",
        "9",
        "8",
        "8"
      ]
    ],
    "第6局箭值": [
      [
        "10",
        "9",
        "9",
        "9",
        "8",
        "7"
      ],
      [
        "10",
        "9",
        "8",
        "8",
        "6",
        "6"
      ],
      [
        "X",
        "9",
        "9",
        "9",
        "8",
        "7"
      ],
      [
        "10",
        "9",
        "9",
        "9",
        "9",
        "6"
      ],
      [
        "10",
        "10",
        "10",
        "8",
        "8",
        "8"
      ],
      [
        "X",
        "10",
        "9",
        "9",
        "8",
        "8"
      ]
    ],
    "第7局箭值": [
      [
        "9",
        "9",
        "9",
        "9",
        "8",
        "8"
      ],
      [
        "10",
        "9",
        "9",
        "8",
        "8",
        "8"
      ],
      [
        "9",
        "9",
        "9",
        "9",
        "8",
        "7"
      ],
      [
        "10",
        "8",
        "8",
        "7",
        "7",
        "7"
      ],
      [
        "10",
        "9",
        "9",
        "7",
        "6",
        "6"
      ],
      [
        "10",
        "9",
        "9",
        "8",
        "8",
        "7"
      ]
    ],