{
  "id": "ad0a5837233eded2",
  "name": "黃珮瑄",
  "unit": "國立東大附體",
  "bow": "複合弓",
  "group": "複合弓女生",
  "stats": {
    "總名次": 34,
    "總箭數": 432,
    "總分": 3872,
    "分布": {
      "X": 42,
      "10": 99,
      "9": 182,
      "紅圈(7&8)": 100,
      "藍圈(5&6)": 7,
      "M": 2,
      "黃圈(9/10/X)": 323,
      "黑圈(3&4)": 0,
      "白圈(1&2)": 0
    },
    "平均箭值": 8.962962962962964,
    "10分命中率": 0.3263888888888889,
    "9分以上命中率": 0.7476851851851852,
    "10中X比例": 0.2978723404255319,
    "單局分數(12)": [
      335,
      334,
      337,
      314,
      335,
      327,
      326,
      315,
      328,
      319,
      326,
      276
    ],
    "雙局分數(6)": [
      669,
      651,
      662,
      641,
      647,
      602
    ],
    "每趟分數(72)": [
      54,
      53,
      56,
      58,
      58,
      56,
      57,
      53,
      56,
      57,
      57,
      54,
      57,
      58,
      53,
      56,
      55,
      58,
      50,
      53,
      54,
      56,
      51,
      50,
      56,
      53,
      58,
      55,
      58,
      55,
      54,
      54,
      56,
      57,
      55,
      51,
      52,
      53,
      54,
      56,
      54,
      57,
      53,
      53,
      57,
      54,
      48,
      50,
      57,
      55,
      55,
      52,
      54,
      55,
      53,
      56,
      53,
      54,
      50,
      53,
      53,
      55,
      54,
      54,
      52,
      58,
      54,
      56,
      41,
      41,
      38,
      46
    ],
    "每趟標籤": [
      "第1局第1趟",
      "第1局第2趟",
      "第1局第3趟",
      "第1局第4趟",
      "第1局第5趟",
      "第1局第6趟",
      "第2局第1趟",
      "第2局第2趟",
      "第2局第3趟",
      "第2局第4趟",
      "第2局第5趟",
      "第2局第6趟",
      "第3局第1趟",
      "第3局第2趟",
      "第3局第3趟",
      "第3局第4趟",
      "第3局第5趟",
      "第3局第6趟",
      "第4局第1趟",
      "第4局第2趟",
      "第4局第3趟",
      "第4局第4趟",
      "第4局第5趟",
      "第4局第6趟",
      "第5局第1趟",
      "第5局第2趟",
      "第5局第3趟",
      "第5局第4趟",
      "第5局第5趟",
      "第5局第6趟",
      "第6局第1趟",
      "第6局第2趟",
      "第6局第3趟",
      "第6局第4趟",
      "第6局第5趟",
      "第6局第6趟",
      "第7局第1趟",
      "第7局第2趟",
      "第7局第3趟",
      "第7局第4趟",
      "第7局第5趟",
      "第7局第6趟",
      "第8局第1趟",
      "第8局第2趟",
      "第8局第3趟",
      "第8局第4趟",
      "第8局第5趟",
      "第8局第6趟",
      "第9局第1趟",
      "第9局第2趟",
      "第9局第3趟",
      "第9局第4趟",
      "第9局第5趟",
      "第9局第6趟",
      "第10局第1趟",
      "第10局第2趟",
      "第10局第3趟",
      "第10局第4趟",
      "第10局第5趟",
      "第10局第6趟",
      "第11局第1趟",
      "第11局第2趟",
      "第11局第3趟",
      "第11局第4趟",
      "第11局第5趟",
      "第11局第6趟",
      "第12局第1趟",
      "第12局第2趟",
      "第12局第3趟",
      "第12局第4趟",
      "第12局第5趟",
      "第12局第6趟"
    ],
    "最佳單局": {
      "局": [
        3
      ],
      "分數": 337
    },
    "最佳單趟": {
      "趟": [
        "第1局第4趟",
        "第1局第5趟",
        "第3局第2趟",
        "第3局第6趟",
        "第5局第3趟",
        "第5局第5趟",
        "第11局第6趟"
      ],
      "分數": 58
    },
    "穩定度(單局標準差)": 15.89723945288056,
    "單局高低差": 61,
    "平均每趟分數": 53.77777777777778,
    "最後12趟平均": 50.166666666666664
  },
  "round_arrows": {
    "第1局箭值": [
      [
        "X",
        "10",
        "10",
        "9",
        "8",
        "7"
      ],
      [
        "X",
        "10",
        "9",
        "9",
        "8",
        "7"
      ],
      [
        "X",
        "10",
        "10",
        "9",
        "9",
        "8"
      ],
      [
        "X",
        "10",
        "10",
        "10",
        "9",
        "9"
      ],
      [
        "X",
        "X",
        "X",
        "10",
        "9",
        "9"
      ],
      [
        "10",
        "10",
        "9",
        "9",
        "9",
        "9"
      ]
    ],
    "第2局箭值": [
      [
        "X",
        "X",
        "10",
        "10",
        "9",
        "8"
      ],
      [
        "9",
        "9",
        "9",
        "9",
        "9",
        "8"
      ],
      [
        "10",
        "10",
        "10",
        "9",
        "9",
        "8"
      ],
      [
        "X",
        "10",
        "10",
        "9",
        "9",
        "9"
      ],
      [
        "10",
        "10",
        "10",
        "10",
        "9",
        "8"
      ],
      [
        "10",
        "9",
        "9",
        "9",
        "9",
        "8"
      ]
    ],
    "第3局箭值": [
      [
        "10",
        "10",
        "10",
        "9",
        "9",
        "9"
      ],
      [
        "10",
        "10",
        "10",
        "10",
        "9",
        "9"
      ],
      [
        "10",
        "9",
        "9",
        "9",
        "8",
        "8"
      ],
      [
        "X",
        "X",
        "10",
        "9",
        "9",
        "8"
      ],
      [
        "X",
        "X",
        "10",
        "9",
        "8",
        "8"
      ],
      [
        "X",
        "10",
        "10",
        "10",
        "9",
        "9"
      ]
    ],
    "第4局箭值": [
      [
        "9",
        "9",
        "9",
        "8",
        "8",
        "7"
      ],
      [
        "10",
        "9",
        "9",
        "9",
        "8",
        "8"
      ],
      [
        "10",
        "9",
        "9",
        "9",
        "9",
        "8"
      ],
      [
        "10",
        "10",
        "9",
        "9",
        "9",
        "9"
      ],
      [
        "9",
        "9",
        "9",
        "8",
        "8",
        "8"
      ],
      [
        "9",
        "9",
        "9",
        "8",
        "8",
        "7"
      ]
    ],
    "第5局箭值": [
      [
        "10",
        "10",
        "10",
        "9",
        "9",
        "8"
      ],
      [
        "10",
        "9",
        "9",
        "9",
        "8",
        "8"
      ],
      [
        "X",
        "X",
        "10",
        "10",
        "9",
        "9"
      ],
      [
        "X",
        "X",
        "10",
        "9",
        "8",
        "8"
      ],
      [
        "X",
        "10",
        "10",
        "10",
        "9",
        "9"
      ],
      [
        "10",
        "9",
        "9",
        "9",
        "9",
        "9"
      ]
    ],
    "第6局箭值": [
      [
        "X",
        "9",
        "9",
        "9",
        "9",
        "8"
      ],
      [
        "10",
        "9",
        "9",
        "9",
        "9",
        "8"
      ],
      [
        "10",
        "10",
        "10",
        "10",
        "8",
        "8"
      ],
      [
        "X",
        "10",
        "10",
        "10",
        "9",
        "8"
      ],
      [
        "10",
        "10",
        "9",
        "9",
        "9",
        "8"
      ],
      [
        "10",
        "9",
        "9",
        "9",
        "9",
        "5"
      ]
    ],
    "第7局箭值": [
      [
        "X",
        "9",
        "9",
        "9",
        "8",
        "7"
      ],
      [
        "X",
        "9",
        "9",
        "9",
        "8",
        "8"
      ],
      [
        "X",
        "X",
        "9",
        "9",
        "8",
        "8"
      ],
      [
        "X",
        "X",
        "X",
        "10",
        "8",
        "8"
      ],
      [
        "10",
        "9",
        "9",
        "9",
        "9",
        "8"
      ],
      [
        "X",
        "10",
        "10",
        "9",
        "9",
        "9"
      ]
    ],