{
  "id": "b5afb594ed4dfa7a",
  "name": "呂巫鍇",
  "unit": "國立新竹高商",
  "bow": "反曲弓",
  "group": "反曲弓男生",
  "stats": {
    "總名次": 41,
    "總箭數": 432,
    "總分": 3752,
    "分布": {
      "X": 32,
      "10": 71,
      "9": 154,
      "紅圈(7&8)": 166,
      "藍圈(5&6)": 9,
      "M": 0,
      "黃圈(9/10/X)": 257,
      "黑圈(3&4)": 0,
      "白圈(1&2)": 0
    },
    "平均箭值": 8.685185185185185,
    "10分命中率": 0.23842592592592593,
    "9分以上命中率": 0.5949074074074074,
    "10中X比例": 0.3106796116504854,
    "單局分數(12)": [
      313,
      316,
      318,
      299,
      314,
      315,
      318,
      319,
      315,
      303,
      318,
      304
    ],
    "雙局分數(6)": [
      629,
      617,
      629,
      637,
      618,
      622
    ],
    "每趟分數(72)": [
      50,
      52,
      55,
      51,
      51,
      54,
      55,
      54,
      51,
      54,
      49,
      53,
      57,
      52,
      55,
      51,
      51,
      52,
      48,
      52,
      50,
      52,
      45,
      52,
      48,
      54,
      51,
      52,
      55,
      54,
      52,
      51,
      54,
      50,
      55,
      53,
      54,
      52,
      52,
      54,
      57,
      49,
      56,
      53,
      55,
      51,
      53,
      51,
      55,
      51,
      55,
      54,
      47,
      53,
      49,
      48,
      51,
      51,
      54,
      50,
      56,
      51,
      55,
      53,
      51,
      52,
      49,
      48,
      50,
      53,
      55,
      49
    ],
    "每趟標籤": [
      "第1局第1趟",
      "第1局第2趟",
      "第1局第3趟",
      "第1局第4趟",
      "第1局第5趟",
      "第1局第6趟",
      "第2局第1趟",
      "第2局第2趟",
      "第2局第3趟",
      "第2局第4趟",
      "第2局第5趟",
      "第2局第6趟",
      "第3局第1趟",
      "第3局第2趟",
      "第3局第3趟",
      "第3局第4趟",
      "第3局第5趟",
      "第3局第6趟",
      "第4局第1趟",
      "第4局第2趟",
      "第4局第3趟",
      "第4局第4趟",
      "第4局第5趟",
      "第4局第6趟",
      "第5局第1趟",
      "第5局第2趟",
      "第5局第3趟",
      "第5局第4趟",
      "第5局第5趟",
      "第5局第6趟",
      "第6局第1趟",
      "第6局第2趟",
      "第6局第3趟",
      "第6局第4趟",
      "第6局第5趟",
      "第6局第6趟",
      "第7局第1趟",
      "第7局第2趟",
      "第7局第3趟",
      "第7局第4趟",
      "第7局第5趟",
      "第7局第6趟",
      "第8局第1趟",
      "第8局第2趟",
      "第8局第3趟",
      "第8局第4趟",
      "第8局第5趟",
      "第8局第6趟",
      "第9局第1趟",
      "第9局第2趟",
      "第9局第3趟",
      "第9局第4趟",
      "第9局第5趟",
      "第9局第6趟",
      "第10局第1趟",
      "第10局第2趟",
      "第10局第3趟",
      "第10局第4趟",
      "第10局第5趟",
      "第10局第6趟",
      "第11局第1趟",
      "第11局第2趟",
      "第11局第3趟",
      "第11局第4趟",
      "第11局第5趟",
      "第11局第6趟",
      "第12局第1趟",
      "第12局第2趟",
      "第12局第3趟",
      "第12局第4趟",
      "第12局第5趟",
      "第12局第6趟"
    ],
    "最佳單局": {
      "局": [
        8
      ],
      "分數": 319
    },
    "最佳單趟": {
      "趟": [
        "第3局第1趟",
        "第7局第5趟"
      ],
      "分數": 57
    },
    "穩定度(單局標準差)": 6.485025486114573,
    "單局高低差": 20,
    "平均每趟分數": 52.111111111111114,
    "最後12趟平均": 51.833333333333336
  },
  "round_arrows": {
    "第1局箭值": [
      [
        "9",
        "9",
        "9",
        "8",
        "8",
        "7"
      ],
      [
        "10",
        "9",
        "9",
        "8",
        "8",
        "8"
      ],
      [
        "X",
        "X",
        "10",
        "10",
        "9",
        "6"
      ],
      [
        "10",
        "9",
        "8",
        "8",
        "8",
        "8"
      ],
      [
        "10",
        "9",
        "9",
        "8",
        "8",
        "7"
      ],
      [
        "X",
        "10",
        "10",
        "9",
        "8",
        "7"
      ]
    ],
    "第2局箭值": [
      [
        "X",
        "10",
        "10",
        "9",
        "9",
        "7"
      ],
      [
        "10",
        "10",
        "9",
        "9",
        "8",
        "8"
      ],
      [
        "X",
        "9",
        "9",
        "8",
        "8",
        "7"
      ],
      [
        "10",
        "10",
        "9",
        "9",
        "8",
        "8"
      ],
      [
        "10",
        "9",
        "9",
        "7",
        "7",
        "7"
      ],
      [
        "10",
        "9",
        "9",
        "9",
        "9",
        "7"
      ]
    ],
    "第3局箭值": [
      [
        "X",
        "X",
        "10",
        "9",
        "9",
        "9"
      ],
      [
        "X",
        "10",
        "9",
        "8",
        "8",
        "7"
      ],
      [
        "X",
        "10",
        "10",
        "10",
        "8",
        "7"
      ],
      [
        "X",
        "10",
        "9",
        "8",
        "7",
        "7"
      ],
      [
        "X",
        "10",
        "9",
        "8",
        "7",
        "7"
      ],
      [
        "10",
        "9",
        "9",
        "9",
        "9",
        "6"
      ]
    ],
    "第4局箭值": [
      [
        "9",
        "9",
        "8",
        "8",
        "8",
        "6"
      ],
      [
        "10",
        "9",
        "9",
        "9",
        "8",
        "7"
      ],
      [
        "9",
        "9",
        "9",
        "8",
        "8",
        "7"
      ],
      [
        "10",
        "9",
        "9",
        "8",
        "8",
        "8"
      ],
      [
        "9",
        "8",
        "8",
        "7",
        "7",
        "6"
      ],
      [
        "9",
        "9",
        "9",
        "9",
        "9",
        "7"
      ]
    ],
    "第5局箭值": [
      [
        "9",
        "8",
        "8",
        "8",
        "8",
        "7"
      ],
      [
        "10",
        "10",
        "9",
        "9",
        "9",
        "7"
      ],
      [
        "10",
        "9",
        "9",
        "8",
        "8",
        "7"
      ],
      [
        "9",
        "9",
        "9",
        "9",
        "8",
        "8"
      ],
      [
        "10",
        "10",
        "10",
        "9",
        "8",
        "8"
      ],
      [
        "10",
        "10",
        "9",
        "9",
        "8",
        "8"
      ]
    ],
    "第6局箭值": [
      [
        "10",
        "9",
        "9",
        "8",
        "8",
        "8"
      ],
      [
        "10",
        "9",
        "9",
        "8",
        "8",
        "7"
      ],
      [
        "10",
        "10",
        "9",
        "9",
        "8",
        "8"
      ],
      [
        "9",
        "9",
        "9",
        "8",
        "8",
        "7"
      ],
      [
        "X",
        "10",
        "9",
        "9",
        "9",
        "8"
      ],
      [
        "10",
        "10",
        "9",
        "9",
        "8",
        "7"
      ]
    ],
    "第7局箭值": [
      [
        "10",
        "10",
        "9",
        "9",
        "8",
        "8"
      ],
      [
        "10",
        "9",
        "9",
        "8",
        "8",
        "8"
      ],
      [
        "9",
        "9",
        "9",
        "9",
        "8",
        "8"
      ],
      [
        "10",
        "10",
        "9",
        "9",
        "8",
        "8"
      ],
      [
        "X",
        "10",
        "10",
        "9",
        "9",
        "9"
      ],
      [
        "9",
        "9",
        "8",
        "8",
        "8",
        "7"
      ]
    ],