{
  "id": "b7e90f4231391e19",
  "name": "劉虹均",
  "unit": "國立體育大學",
  "bow": "反曲弓",
  "group": "反曲弓女生",
  "stats": {
    "總名次": 45,
    "總箭數": 432,
    "總分": 3590,
    "分布": {
      "X": 25,
      "10": 54,
      "9": 135,
      "紅圈(7&8)": 178,
      "藍圈(5&6)": 37,
      "M": 0,
      "黃圈(9/10/X)": 214,
      "黑圈(3&4)": 3,
      "白圈(1&2)": 0
    },
    "平均箭值": 8.310185185185185,
    "10分命中率": 0.18287037037037038,
    "9分以上命中率": 0.49537037037037035,
    "10中X比例": 0.31645569620253167,
    "單局分數(12)": [
      300,
      286,
      312,
      311,
      305,
      307,
      301,
      308,
      302,
      279,
      291,
      288
    ],
    "雙局分數(6)": [
      586,
      623,
      612,
      609,
      581,
      579
    ],
    "每趟分數(72)": [
      51,
      49,
      47,
      49,
      51,
      53,
      45,
      52,
      49,
      39,
      50,
      51,
      52,
      49,
      56,
      49,
      55,
      51,
      54,
      52,
      54,
      56,
      46,
      49,
      48,
      52,
      47,
      48,
      55,
      55,
      47,
      54,
      51,
      52,
      52,
      51,
      50,
      50,
      47,
      54,
      47,
      53,
      55,
      49,
      50,
      55,
      54,
      45,
      54,
      56,
      50,
      46,
      49,
      47,
      55,
      43,
      41,
      49,
      47,
      44,
      49,
      47,
      43,
      53,
      51,
      48,
      47,
      55,
      42,
      47,
      48,
      49
    ],
    "每趟標籤": [
      "第1局第1趟",
      "第1局第2趟",
      "第1局第3趟",
      "第1局第4趟",
      "第1局第5趟",
      "第1局第6趟",
      "第2局第1趟",
      "第2局第2趟",
      "第2局第3趟",
      "第2局第4趟",
      "第2局第5趟",
      "第2局第6趟",
      "第3局第1趟",
      "第3局第2趟",
      "第3局第3趟",
      "第3局第4趟",
      "第3局第5趟",
      "第3局第6趟",
      "第4局第1趟",
      "第4局第2趟",
      "第4局第3趟",
      "第4局第4趟",
      "第4局第5趟",
      "第4局第6趟",
      "第5局第1趟",
      "第5局第2趟",
      "第5局第3趟",
      "第5局第4趟",
      "第5局第5趟",
      "第5局第6趟",
      "第6局第1趟",
      "第6局第2趟",
      "第6局第3趟",
      "第6局第4趟",
      "第6局第5趟",
      "第6局第6趟",
      "第7局第1趟",
      "第7局第2趟",
      "第7局第3趟",
      "第7局第4趟",
      "第7局第5趟",
      "第7局第6趟",
      "第8局第1趟",
      "第8局第2趟",
      "第8局第3趟",
      "第8局第4趟",
      "第8局第5趟",
      "第8局第6趟",
      "第9局第1趟",
      "第9局第2趟",
      "第9局第3趟",
      "第9局第4趟",
      "第9局第5趟",
      "第9局第6趟",
      "第10局第1趟",
      "第10局第2趟",
      "第10局第3趟",
      "第10局第4趟",
      "第10局第5趟",
      "第10局第6趟",
      "第11局第1趟",
      "第11局第2趟",
      "第11局第3趟",
      "第11局第4趟",
      "第11局第5趟",
      "第11局第6趟",
      "第12局第1趟",
      "第12局第2趟",
      "第12局第3趟",
      "第12局第4趟",
      "第12局第5趟",
      "第12局第6趟"
    ],
    "最佳單局": {
      "局": [
        3
      ],
      "分數": 312
    },
    "最佳單趟": {
      "趟": [
        "第3局第3趟",
        "第4局第4趟",
        "第9局第2趟"
      ],
      "分數": 56
    },
    "穩定度(單局標準差)": 10.253725610181348,
    "單局高低差": 33,
    "平均每趟分數": 49.861111111111114,
    "最後12趟平均": 48.25
  },
  "round_arrows": {
    "第1局箭值": [
      [
        "9",
        "9",
        "9",
        "8",
        "8",
        "8"
      ],
      [
        "10",
        "9",
        "9",
        "8",
        "7",
        "6"
      ],
      [
        "9",
        "9",
        "8",
        "8",
        "8",
        "5"
      ],
      [
        "X",
        "9",
        "8",
        "8",
        "7",
        "7"
      ],
      [
        "X",
        "10",
        "9",
        "9",
        "7",
        "6"
      ],
      [
        "10",
        "10",
        "9",
        "9",
        "8",
        "7"
      ]
    ],
    "第2局箭值": [
      [
        "9",
        "9",
        "8",
        "7",
        "6",
        "6"
      ],
      [
        "X",
        "10",
        "9",
        "8",
        "8",
        "7"
      ],
      [
        "10",
        "9",
        "9",
        "7",
        "7",
        "7"
      ],
      [
        "8",
        "8",
        "6",
        "6",
        "6",
        "5"
      ],
      [
        "9",
        "9",
        "9",
        "8",
        "8",
        "7"
      ],
      [
        "10",
        "9",
        "9",
        "8",
        "8",
        "7"
      ]
    ],
    "第3局箭值": [
      [
        "10",
        "9",
        "9",
        "8",
        "8",
        "8"
      ],
      [
        "9",
        "9",
        "8",
        "8",
        "8",
        "7"
      ],
      [
        "10",
        "10",
        "9",
        "9",
        "9",
        "9"
      ],
      [
        "9",
        "9",
        "9",
        "8",
        "7",
        "7"
      ],
      [
        "X",
        "10",
        "10",
        "9",
        "8",
        "8"
      ],
      [
        "X",
        "10",
        "9",
        "9",
        "7",
        "6"
      ]
    ],
    "第4局箭值": [
      [
        "10",
        "9",
        "9",
        "9",
        "9",
        "8"
      ],
      [
        "X",
        "10",
        "9",
        "9",
        "7",
        "7"
      ],
      [
        "10",
        "10",
        "9",
        "9",
        "9",
        "7"
      ],
      [
        "10",
        "10",
        "9",
        "9",
        "9",
        "9"
      ],
      [
        "9",
        "9",
        "8",
        "7",
        "7",
        "6"
      ],
      [
        "9",
        "9",
        "9",
        "8",
        "7",
        "7"
      ]
    ],
    "第5局箭值": [
      [
        "9",
        "9",
        "9",
        "8",
        "7",
        "6"
      ],
      [
        "10",
        "9",
        "9",
        "9",
        "8",
        "7"
      ],
      [
        "9",
        "9",
        "8",
        "8",
        "7",
        "6"
      ],
      [
        "9",
        "9",
        "8",
        "8",
        "7",
        "7"
      ],
      [
        "X",
        "10",
        "10",
        "9",
        "8",
        "8"
      ],
      [
        "10",
        "9",
        "9",
        "9",
        "9",
        "9"
      ]
    ],
    "第6局箭值": [
      [
        "X",
        "8",
        "8",
        "8",
        "7",
        "6"
      ],
      [
        "10",
        "10",
        "9",
        "9",
        "8",
        "8"
      ],
      [
        "X",
        "10",
        "10",
        "7",
        "7",
        "7"
      ],
      [
        "9",
        "9",
        "9",
        "9",
        "8",
        "8"
      ],
      [
        "10",
        "9",
        "9",
        "8",
        "8",
        "8"
      ],
      [
        "9",
        "9",
        "9",
        "8",
        "8",
        "8"
      ]
    ],
    "第7局箭值": [
      [
        "10",
        "9",
        "9",
        "8",
        "7",
        "7"
      ],
      [
        "10",
        "9",
        "8",
        "8",
        "8",
        "7"
      ],
      [
        "9",
        "9",
        "8",
        "8",
        "7",
        "6"
      ],
      [
        "10",
        "9",
        "9",
        "9",
        "9",
        "8"
      ],
      [
        "10",
        "9",
        "8",
        "8",
        "7",
        "5"
      ],
      [
        "X",
        "10",
        "9",
        "9",
        "9",
        "6"
      ]
    ],