{
  "id": "bf89bada335918d0",
  "name": "王宥勻",
  "unit": "新北明德高中",
  "bow": "反曲弓",
  "group": "反曲弓女生",
  "stats": {
    "總名次": 47,
    "總箭數": 432,
    "總分": 3580,
    "分布": {
      "X": 18,
      "10": 43,
      "9": 148,
      "紅圈(7&8)": 192,
      "藍圈(5&6)": 27,
      "M": 1,
      "黃圈(9/10/X)": 209,
      "黑圈(3&4)": 3,
      "白圈(1&2)": 0
    },
    "平均箭值": 8.287037037037036,
    "10分命中率": 0.1412037037037037,
    "9分以上命中率": 0.4837962962962963,
    "10中X比例": 0.29508196721311475,
    "單局分數(12)": [
      290,
      298,
      302,
      301,
      302,
      301,
      309,
      294,
      300,
      292,
      282,
      309
    ],
    "雙局分數(6)": [
      588,
      603,
      603,
      603,
      592,
      591
    ],
    "每趟分數(72)": [
      48,
      43,
      46,
      52,
      48,
      53,
      51,
      52,
      53,
      45,
      49,
      48,
      47,
      53,
      51,
      53,
      51,
      47,
      50,
      50,
      56,
      47,
      49,
      49,
      45,
      53,
      48,
      49,
      52,
      55,
      44,
      49,
      51,
      52,
      54,
      51,
      57,
      48,
      52,
      51,
      51,
      50,
      48,
      47,
      51,
      48,
      46,
      54,
      53,
      51,
      47,
      47,
      53,
      49,
      50,
      51,
      41,
      54,
      46,
      50,
      47,
      41,
      53,
      42,
      48,
      51,
      50,
      52,
      52,
      52,
      53,
      50
    ],
    "每趟標籤": [
      "第1局第1趟",
      "第1局第2趟",
      "第1局第3趟",
      "第1局第4趟",
      "第1局第5趟",
      "第1局第6趟",
      "第2局第1趟",
      "第2局第2趟",
      "第2局第3趟",
      "第2局第4趟",
      "第2局第5趟",
      "第2局第6趟",
      "第3局第1趟",
      "第3局第2趟",
      "第3局第3趟",
      "第3局第4趟",
      "第3局第5趟",
      "第3局第6趟",
      "第4局第1趟",
      "第4局第2趟",
      "第4局第3趟",
      "第4局第4趟",
      "第4局第5趟",
      "第4局第6趟",
      "第5局第1趟",
      "第5局第2趟",
      "第5局第3趟",
      "第5局第4趟",
      "第5局第5趟",
      "第5局第6趟",
      "第6局第1趟",
      "第6局第2趟",
      "第6局第3趟",
      "第6局第4趟",
      "第6局第5趟",
      "第6局第6趟",
      "第7局第1趟",
      "第7局第2趟",
      "第7局第3趟",
      "第7局第4趟",
      "第7局第5趟",
      "第7局第6趟",
      "第8局第1趟",
      "第8局第2趟",
      "第8局第3趟",
      "第8局第4趟",
      "第8局第5趟",
      "第8局第6趟",
      "第9局第1趟",
      "第9局第2趟",
      "第9局第3趟",
      "第9局第4趟",
      "第9局第5趟",
      "第9局第6趟",
      "第10局第1趟",
      "第10局第2趟",
      "第10局第3趟",
      "第10局第4趟",
      "第10局第5趟",
      "第10局第6趟",
      "第11局第1趟",
      "第11局第2趟",
      "第11局第3趟",
      "第11局第4趟",
      "第11局第5趟",
      "第11局第6趟",
      "第12局第1趟",
      "第12局第2趟",
      "第12局第3趟",
      "第12局第4趟",
      "第12局第5趟",
      "第12局第6趟"
    ],
    "最佳單局": {
      "局": [
        7,
        12
      ],
      "分數": 309
    },
    "最佳單趟": {
      "趟": [
        "第7局第1趟"
      ],
      "分數": 57
    },
    "穩定度(單局標準差)": 7.453559924999299,
    "單局高低差": 27,
    "平均每趟分數": 49.72222222222222,
    "最後12趟平均": 49.25
  },
  "round_arrows": {
    "第1局箭值": [
      [
        "9",
        "9",
        "9",
        "8",
        "7",
        "6"
      ],
      [
        "9",
        "8",
        "8",
        "7",
        "7",
        "4"
      ],
      [
        "9",
        "9",
        "8",
        "7",
        "7",
        "6"
      ],
      [
        "10",
        "10",
        "9",
        "9",
        "8",
        "6"
      ],
      [
        "9",
        "9",
        "8",
        "8",
        "8",
        "6"
      ],
      [
        "X",
        "10",
        "9",
        "8",
        "8",
        "8"
      ]
    ],
    "第2局箭值": [
      [
        "9",
        "9",
        "9",
        "9",
        "8",
        "7"
      ],
      [
        "X",
        "9",
        "9",
        "9",
        "8",
        "7"
      ],
      [
        "10",
        "9",
        "9",
        "9",
        "8",
        "8"
      ],
      [
        "9",
        "8",
        "8",
        "7",
        "7",
        "6"
      ],
      [
        "10",
        "9",
        "9",
        "8",
        "7",
        "6"
      ],
      [
        "9",
        "9",
        "8",
        "8",
        "7",
        "7"
      ]
    ],
    "第3局箭值": [
      [
        "X",
        "8",
        "8",
        "8",
        "7",
        "6"
      ],
      [
        "10",
        "9",
        "9",
        "9",
        "8",
        "8"
      ],
      [
        "9",
        "9",
        "9",
        "9",
        "8",
        "7"
      ],
      [
        "10",
        "10",
        "9",
        "9",
        "8",
        "7"
      ],
      [
        "X",
        "9",
        "9",
        "8",
        "8",
        "7"
      ],
      [
        "X",
        "9",
        "9",
        "8",
        "8",
        "3"
      ]
    ],
    "第4局箭值": [
      [
        "10",
        "9",
        "9",
        "8",
        "8",
        "6"
      ],
      [
        "10",
        "9",
        "8",
        "8",
        "8",
        "7"
      ],
      [
        "10",
        "10",
        "10",
        "9",
        "9",
        "8"
      ],
      [
        "9",
        "9",
        "8",
        "7",
        "7",
        "7"
      ],
      [
        "10",
        "9",
        "9",
        "8",
        "8",
        "5"
      ],
      [
        "10",
        "9",
        "8",
        "8",
        "7",
        "7"
      ]
    ],
    "第5局箭值": [
      [
        "9",
        "9",
        "8",
        "8",
        "6",
        "5"
      ],
      [
        "10",
        "10",
        "9",
        "9",
        "9",
        "6"
      ],
      [
        "10",
        "8",
        "8",
        "8",
        "7",
        "7"
      ],
      [
        "X",
        "9",
        "8",
        "8",
        "7",
        "7"
      ],
      [
        "10",
        "10",
        "9",
        "9",
        "8",
        "6"
      ],
      [
        "10",
        "9",
        "9",
        "9",
        "9",
        "9"
      ]
    ],
    "第6局箭值": [
      [
        "10",
        "9",
        "9",
        "7",
        "6",
        "3"
      ],
      [
        "9",
        "9",
        "8",
        "8",
        "8",
        "7"
      ],
      [
        "10",
        "9",
        "9",
        "8",
        "8",
        "7"
      ],
      [
        "X",
        "9",
        "9",
        "9",
        "8",
        "7"
      ],
      [
        "10",
        "9",
        "9",
        "9",
        "9",
        "8"
      ],
      [
        "9",
        "9",
        "9",
        "8",
        "8",
        "8"
      ]
    ],
    "第7局箭值": [
      [
        "X",
        "X",
        "10",
        "9",
        "9",
        "9"
      ],
      [
        "10",
        "9",
        "8",
        "8",
        "7",
        "6"
      ],
      [
        "9",
        "9",
        "9",
        "9",
        "8",
        "8"
      ],
      [
        "9",
        "9",
        "9",
        "9",
        "8",
        "7"
      ],
      [
        "10",
        "9",
        "9",
        "9",
        "7",
        "7"
      ],
      [
        "10",
        "9",
        "8",
        "8",
        "8",
        "7"
      ]
    ],