{
  "id": "c061aa2e44181445",
  "name": "劉沛妤",
  "unit": "國立中正大學",
  "bow": "反曲弓",
  "group": "反曲弓女生",
  "stats": {
    "總名次": 43,
    "總箭數": 432,
    "總分": 3638,
    "分布": {
      "X": 21,
      "10": 72,
      "9": 139,
      "紅圈(7&8)": 171,
      "藍圈(5&6)": 23,
      "M": 1,
      "黃圈(9/10/X)": 232,
      "黑圈(3&4)": 4,
      "白圈(1&2)": 1
    },
    "平均箭值": 8.421296296296296,
    "10分命中率": 0.2152777777777778,
    "9分以上命中率": 0.5370370370370371,
    "10中X比例": 0.22580645161290322,
    "單局分數(12)": [
      304,
      286,
      313,
      293,
      304,
      293,
      319,
      315,
      306,
      296,
      305,
      304
    ],
    "雙局分數(6)": [
      590,
      606,
      597,
      634,
      602,
      609
    ],
    "每趟分數(72)": [
      50,
      51,
      54,
      49,
      49,
      51,
      49,
      51,
      49,
      48,
      49,
      40,
      50,
      55,
      43,
      55,
      53,
      57,
      44,
      55,
      45,
      47,
      50,
      52,
      43,
      50,
      52,
      51,
      53,
      55,
      47,
      51,
      53,
      45,
      44,
      53,
      55,
      50,
      52,
      55,
      52,
      55,
      48,
      53,
      52,
      54,
      53,
      55,
      50,
      51,
      50,
      47,
      51,
      57,
      49,
      50,
      45,
      51,
      51,
      50,
      51,
      50,
      52,
      50,
      49,
      53,
      54,
      46,
      53,
      52,
      52,
      47
    ],
    "每趟標籤": [
      "第1局第1趟",
      "第1局第2趟",
      "第1局第3趟",
      "第1局第4趟",
      "第1局第5趟",
      "第1局第6趟",
      "第2局第1趟",
      "第2局第2趟",
      "第2局第3趟",
      "第2局第4趟",
      "第2局第5趟",
      "第2局第6趟",
      "第3局第1趟",
      "第3局第2趟",
      "第3局第3趟",
      "第3局第4趟",
      "第3局第5趟",
      "第3局第6趟",
      "第4局第1趟",
      "第4局第2趟",
      "第4局第3趟",
      "第4局第4趟",
      "第4局第5趟",
      "第4局第6趟",
      "第5局第1趟",
      "第5局第2趟",
      "第5局第3趟",
      "第5局第4趟",
      "第5局第5趟",
      "第5局第6趟",
      "第6局第1趟",
      "第6局第2趟",
      "第6局第3趟",
      "第6局第4趟",
      "第6局第5趟",
      "第6局第6趟",
      "第7局第1趟",
      "第7局第2趟",
      "第7局第3趟",
      "第7局第4趟",
      "第7局第5趟",
      "第7局第6趟",
      "第8局第1趟",
      "第8局第2趟",
      "第8局第3趟",
      "第8局第4趟",
      "第8局第5趟",
      "第8局第6趟",
      "第9局第1趟",
      "第9局第2趟",
      "第9局第3趟",
      "第9局第4趟",
      "第9局第5趟",
      "第9局第6趟",
      "第10局第1趟",
      "第10局第2趟",
      "第10局第3趟",
      "第10局第4趟",
      "第10局第5趟",
      "第10局第6趟",
      "第11局第1趟",
      "第11局第2趟",
      "第11局第3趟",
      "第11局第4趟",
      "第11局第5趟",
      "第11局第6趟",
      "第12局第1趟",
      "第12局第2趟",
      "第12局第3趟",
      "第12局第4趟",
      "第12局第5趟",
      "第12局第6趟"
    ],
    "最佳單局": {
      "局": [
        7
      ],
      "分數": 319
    },
    "最佳單趟": {
      "趟": [
        "第3局第6趟",
        "第9局第6趟"
      ],
      "分數": 57
    },
    "穩定度(單局標準差)": 9.370461864580397,
    "單局高低差": 33,
    "平均每趟分數": 50.52777777777778,
    "最後12趟平均": 50.75
  },
  "round_arrows": {
    "第1局箭值": [
      [
        "X",
        "9",
        "9",
        "8",
        "7",
        "7"
      ],
      [
        "10",
        "9",
        "9",
        "8",
        "8",
        "7"
      ],
      [
        "10",
        "9",
        "9",
        "9",
        "9",
        "8"
      ],
      [
        "10",
        "10",
        "8",
        "8",
        "7",
        "6"
      ],
      [
        "10",
        "9",
        "9",
        "8",
        "8",
        "5"
      ],
      [
        "10",
        "10",
        "9",
        "8",
        "7",
        "7"
      ]
    ],
    "第2局箭值": [
      [
        "X",
        "9",
        "9",
        "7",
        "7",
        "7"
      ],
      [
        "X",
        "9",
        "8",
        "8",
        "8",
        "8"
      ],
      [
        "9",
        "9",
        "9",
        "8",
        "7",
        "7"
      ],
      [
        "9",
        "9",
        "9",
        "8",
        "7",
        "6"
      ],
      [
        "9",
        "9",
        "9",
        "8",
        "7",
        "7"
      ],
      [
        "9",
        "9",
        "7",
        "6",
        "6",
        "3"
      ]
    ],
    "第3局箭值": [
      [
        "10",
        "9",
        "8",
        "8",
        "8",
        "7"
      ],
      [
        "10",
        "10",
        "10",
        "9",
        "9",
        "7"
      ],
      [
        "10",
        "8",
        "8",
        "7",
        "6",
        "4"
      ],
      [
        "X",
        "10",
        "10",
        "9",
        "8",
        "8"
      ],
      [
        "10",
        "10",
        "10",
        "8",
        "8",
        "7"
      ],
      [
        "X",
        "10",
        "10",
        "9",
        "9",
        "9"
      ]
    ],
    "第4局箭值": [
      [
        "X",
        "9",
        "9",
        "8",
        "6",
        "2"
      ],
      [
        "10",
        "10",
        "9",
        "9",
        "9",
        "8"
      ],
      [
        "8",
        "8",
        "8",
        "7",
        "7",
        "7"
      ],
      [
        "10",
        "9",
        "8",
        "7",
        "7",
        "6"
      ],
      [
        "X",
        "10",
        "9",
        "8",
        "7",
        "6"
      ],
      [
        "X",
        "9",
        "9",
        "8",
        "8",
        "8"
      ]
    ],
    "第5局箭值": [
      [
        "10",
        "8",
        "7",
        "7",
        "6",
        "5"
      ],
      [
        "X",
        "10",
        "9",
        "8",
        "7",
        "6"
      ],
      [
        "10",
        "9",
        "9",
        "9",
        "8",
        "7"
      ],
      [
        "9",
        "9",
        "9",
        "9",
        "8",
        "7"
      ],
      [
        "X",
        "9",
        "9",
        "9",
        "9",
        "7"
      ],
      [
        "X",
        "10",
        "10",
        "9",
        "8",
        "8"
      ]
    ],
    "第6局箭值": [
      [
        "9",
        "8",
        "8",
        "8",
        "7",
        "7"
      ],
      [
        "X",
        "10",
        "8",
        "8",
        "8",
        "7"
      ],
      [
        "10",
        "9",
        "9",
        "9",
        "9",
        "7"
      ],
      [
        "10",
        "9",
        "9",
        "9",
        "8",
        "M"
      ],
      [
        "9",
        "9",
        "8",
        "7",
        "7",
        "4"
      ],
      [
        "10",
        "10",
        "9",
        "8",
        "8",
        "8"
      ]
    ],
    "第7局箭值": [
      [
        "10",
        "9",
        "9",
        "9",
        "9",
        "9"
      ],
      [
        "10",
        "9",
        "8",
        "8",
        "8",
        "7"
      ],
      [
        "X",
        "10",
        "10",
        "8",
        "8",
        "6"
      ],
      [
        "X",
        "X",
        "10",
        "9",
        "8",
        "8"
      ],
      [
        "9",
        "9",
        "9",
        "9",
        "8",
        "8"
      ],
      [
        "10",
        "10",
        "10",
        "9",
        "8",
        "8"
      ]
    ],