{
  "id": "d0996879bf60e0f6",
  "name": "洪瑞謄",
  "unit": "彰縣彰化藝高",
  "bow": "複合弓",
  "group": "複合弓男生",
  "stats": {
    "總名次": 57,
    "總箭數": 432,
    "總分": 3614,
    "分布": {
      "X": 30,
      "10": 62,
      "9": 139,
      "紅圈(7&8)": 167,
      "藍圈(5&6)": 27,
      "M": 7,
      "黃圈(9/10/X)": 231,
      "黑圈(3&4)": 0,
      "白圈(1&2)": 0
    },
    "平均箭值": 8.36574074074074,
    "10分命中率": 0.21296296296296297,
    "9分以上命中率": 0.5347222222222222,
    "10中X比例": 0.32608695652173914,
    "單局分數(12)": [
      291,
      288,
      281,
      289,
      311,
      317,
      325,
      315,
      309,
      313,
      280,
      295
    ],
    "雙局分數(6)": [
      579,
      570,
      628,
      640,
      622,
      575
    ],
    "每趟分數(72)": [
      50,
      40,
      49,
      53,
      48,
      51,
      53,
      49,
      39,
      46,
      52,
      49,
      49,
      45,
      54,
      46,
      51,
      36,
      45,
      50,
      49,
      50,
      49,
      46,
      50,
      52,
      55,
      50,
      56,
      48,
      50,
      55,
      54,
      55,
      53,
      50,
      57,
      54,
      54,
      54,
      54,
      52,
      52,
      51,
      50,
      55,
      55,
      52,
      49,
      49,
      51,
      55,
      52,
      53,
      55,
      53,
      51,
      52,
      50,
      52,
      47,
      49,
      52,
      41,
      45,
      46,
      49,
      43,
      53,
      53,
      50,
      47
    ],
    "每趟標籤": [
      "第1局第1趟",
      "第1局第2趟",
      "第1局第3趟",
      "第1局第4趟",
      "第1局第5趟",
      "第1局第6趟",
      "第2局第1趟",
      "第2局第2趟",
      "第2局第3趟",
      "第2局第4趟",
      "第2局第5趟",
      "第2局第6趟",
      "第3局第1趟",
      "第3局第2趟",
      "第3局第3趟",
      "第3局第4趟",
      "第3局第5趟",
      "第3局第6趟",
      "第4局第1趟",
      "第4局第2趟",
      "第4局第3趟",
      "第4局第4趟",
      "第4局第5趟",
      "第4局第6趟",
      "第5局第1趟",
      "第5局第2趟",
      "第5局第3趟",
      "第5局第4趟",
      "第5局第5趟",
      "第5局第6趟",
      "第6局第1趟",
      "第6局第2趟",
      "第6局第3趟",
      "第6局第4趟",
      "第6局第5趟",
      "第6局第6趟",
      "第7局第1趟",
      "第7局第2趟",
      "第7局第3趟",
      "第7局第4趟",
      "第7局第5趟",
      "第7局第6趟",
      "第8局第1趟",
      "第8局第2趟",
      "第8局第3趟",
      "第8局第4趟",
      "第8局第5趟",
      "第8局第6趟",
      "第9局第1趟",
      "第9局第2趟",
      "第9局第3趟",
      "第9局第4趟",
      "第9局第5趟",
      "第9局第6趟",
      "第10局第1趟",
      "第10局第2趟",
      "第10局第3趟",
      "第10局第4趟",
      "第10局第5趟",
      "第10局第6趟",
      "第11局第1趟",
      "第11局第2趟",
      "第11局第3趟",
      "第11局第4趟",
      "第11局第5趟",
      "第11局第6趟",
      "第12局第1趟",
      "第12局第2趟",
      "第12局第3趟",
      "第12局第4趟",
      "第12局第5趟",
      "第12局第6趟"
    ],
    "最佳單局": {
      "局": [
        7
      ],
      "分數": 325
    },
    "最佳單趟": {
      "趟": [
        "第7局第1趟"
      ],
      "分數": 57
    },
    "穩定度(單局標準差)": 14.792077459084494,
    "單局高低差": 45,
    "平均每趟分數": 50.19444444444444,
    "最後12趟平均": 47.916666666666664
  },
  "round_arrows": {
    "第1局箭值": [
      [
        "X",
        "9",
        "9",
        "8",
        "7",
        "7"
      ],
      [
        "10",
        "9",
        "8",
        "7",
        "6",
        "M"
      ],
      [
        "9",
        "8",
        "8",
        "8",
        "8",
        "8"
      ],
      [
        "10",
        "10",
        "10",
        "9",
        "7",
        "7"
      ],
      [
        "10",
        "9",
        "8",
        "8",
        "7",
        "6"
      ],
      [
        "9",
        "9",
        "9",
        "9",
        "8",
        "7"
      ]
    ],
    "第2局箭值": [
      [
        "X",
        "9",
        "9",
        "9",
        "8",
        "8"
      ],
      [
        "9",
        "9",
        "9",
        "9",
        "7",
        "6"
      ],
      [
        "9",
        "8",
        "8",
        "7",
        "7",
        "M"
      ],
      [
        "9",
        "8",
        "8",
        "8",
        "7",
        "6"
      ],
      [
        "X",
        "10",
        "9",
        "8",
        "8",
        "7"
      ],
      [
        "9",
        "9",
        "9",
        "9",
        "7",
        "6"
      ]
    ],
    "第3局箭值": [
      [
        "10",
        "9",
        "9",
        "9",
        "7",
        "5"
      ],
      [
        "10",
        "9",
        "9",
        "9",
        "8",
        "M"
      ],
      [
        "X",
        "10",
        "9",
        "9",
        "8",
        "8"
      ],
      [
        "9",
        "8",
        "8",
        "8",
        "7",
        "6"
      ],
      [
        "10",
        "9",
        "9",
        "8",
        "8",
        "7"
      ],
      [
        "8",
        "8",
        "7",
        "7",
        "6",
        "M"
      ]
    ],
    "第4局箭值": [
      [
        "X",
        "9",
        "9",
        "6",
        "6",
        "5"
      ],
      [
        "10",
        "9",
        "9",
        "8",
        "8",
        "6"
      ],
      [
        "10",
        "9",
        "8",
        "8",
        "7",
        "7"
      ],
      [
        "10",
        "10",
        "8",
        "8",
        "7",
        "7"
      ],
      [
        "10",
        "10",
        "8",
        "8",
        "7",
        "6"
      ],
      [
        "X",
        "10",
        "10",
        "8",
        "8",
        "M"
      ]
    ],
    "第5局箭值": [
      [
        "9",
        "9",
        "8",
        "8",
        "8",
        "8"
      ],
      [
        "10",
        "9",
        "9",
        "9",
        "8",
        "7"
      ],
      [
        "X",
        "X",
        "9",
        "9",
        "9",
        "8"
      ],
      [
        "9",
        "9",
        "9",
        "8",
        "8",
        "7"
      ],
      [
        "X",
        "X",
        "10",
        "9",
        "9",
        "8"
      ],
      [
        "9",
        "8",
        "8",
        "8",
        "8",
        "7"
      ]
    ],
    "第6局箭值": [
      [
        "X",
        "X",
        "10",
        "10",
        "10",
        "M"
      ],
      [
        "X",
        "10",
        "9",
        "9",
        "9",
        "8"
      ],
      [
        "X",
        "10",
        "9",
        "9",
        "8",
        "8"
      ],
      [
        "X",
        "10",
        "9",
        "9",
        "9",
        "8"
      ],
      [
        "10",
        "10",
        "10",
        "8",
        "8",
        "7"
      ],
      [
        "10",
        "9",
        "9",
        "8",
        "8",
        "6"
      ]
    ],
    "第7局箭值": [
      [
        "X",
        "10",
        "10",
        "10",
        "9",
        "8"
      ],
      [
        "X",
        "10",
        "10",
        "9",
        "8",
        "7"
      ],
      [
        "X",
        "10",
        "9",
        "9",
        "8",
        "8"
      ],
      [
        "X",
        "X",
        "10",
        "9",
        "8",
        "7"
      ],
      [
        "10",
        "10",
        "9",
        "9",
        "9",
        "7"
      ],
      [
        "X",
        "10",
        "9",
        "9",
        "7",
        "7"
      ]
    ],