{
  "id": "d15f7caeccf0561d",
  "name": "譚雅婷",
  "unit": "國立暨南大學",
  "bow": "反曲弓",
  "group": "反曲弓女生",
  "stats": {
    "總名次": 17,
    "總箭數": 432,
    "總分": 3844,
    "分布": {
      "X": 40,
      "10": 94,
      "9": 173,
      "紅圈(7&8)": 115,
      "藍圈(5&6)": 9,
      "M": 0,
      "黃圈(9/10/X)": 307,
      "黑圈(3&4)": 0,
      "白圈(1&2)": 1
    },
    "平均箭值": 8.898148148148149,
    "10分命中率": 0.3101851851851852,
    "9分以上命中率": 0.7106481481481481,
    "10中X比例": 0.29850746268656714,
    "單局分數(12)": [
      328,
      322,
      327,
      315,
      324,
      307,
      322,
      326,
      316,
      330,
      315,
      312
    ],
    "雙局分數(6)": [
      650,
      642,
      631,
      648,
      646,
      627
    ],
    "每趟分數(72)": [
      55,
      55,
      54,
      55,
      54,
      55,
      54,
      49,
      56,
      56,
      54,
      53,
      54,
      55,
      54,
      56,
      54,
      54,
      55,
      48,
      53,
      50,
      55,
      54,
      56,
      56,
      53,
      53,
      57,
      49,
      51,
      47,
      52,
      53,
      56,
      48,
      50,
      54,
      57,
      56,
      54,
      51,
      56,
      54,
      54,
      51,
      58,
      53,
      54,
      54,
      54,
      53,
      47,
      54,
      57,
      53,
      55,
      58,
      51,
      56,
      52,
      46,
      53,
      54,
      52,
      58,
      46,
      55,
      49,
      56,
      53,
      53
    ],
    "每趟標籤": [
      "第1局第1趟",
      "第1局第2趟",
      "第1局第3趟",
      "第1局第4趟",
      "第1局第5趟",
      "第1局第6趟",
      "第2局第1趟",
      "第2局第2趟",
      "第2局第3趟",
      "第2局第4趟",
      "第2局第5趟",
      "第2局第6趟",
      "第3局第1趟",
      "第3局第2趟",
      "第3局第3趟",
      "第3局第4趟",
      "第3局第5趟",
      "第3局第6趟",
      "第4局第1趟",
      "第4局第2趟",
      "第4局第3趟",
      "第4局第4趟",
      "第4局第5趟",
      "第4局第6趟",
      "第5局第1趟",
      "第5局第2趟",
      "第5局第3趟",
      "第5局第4趟",
      "第5局第5趟",
      "第5局第6趟",
      "第6局第1趟",
      "第6局第2趟",
      "第6局第3趟",
      "第6局第4趟",
      "第6局第5趟",
      "第6局第6趟",
      "第7局第1趟",
      "第7局第2趟",
      "第7局第3趟",
      "第7局第4趟",
      "第7局第5趟",
      "第7局第6趟",
      "第8局第1趟",
      "第8局第2趟",
      "第8局第3趟",
      "第8局第4趟",
      "第8局第5趟",
      "第8局第6趟",
      "第9局第1趟",
      "第9局第2趟",
      "第9局第3趟",
      "第9局第4趟",
      "第9局第5趟",
      "第9局第6趟",
      "第10局第1趟",
      "第10局第2趟",
      "第10局第3趟",
      "第10局第4趟",
      "第10局第5趟",
      "第10局第6趟",
      "第11局第1趟",
      "第11局第2趟",
      "第11局第3趟",
      "第11局第4趟",
      "第11局第5趟",
      "第11局第6趟",
      "第12局第1趟",
      "第12局第2趟",
      "第12局第3趟",
      "第12局第4趟",
      "第12局第5趟",
      "第12局第6趟"
    ],
    "最佳單局": {
      "局": [
        10
      ],
      "分數": 330
    },
    "最佳單趟": {
      "趟": [
        "第8局第5趟",
        "第10局第4趟",
        "第11局第6趟"
      ],
      "分數": 58
    },
    "穩定度(單局標準差)": 6.896053621859067,
    "單局高低差": 23,
    "平均每趟分數": 53.388888888888886,
    "最後12趟平均": 52.25
  },
  "round_arrows": {
    "第1局箭值": [
      [
        "X",
        "X",
        "10",
        "9",
        "8",
        "8"
      ],
      [
        "10",
        "10",
        "9",
        "9",
        "9",
        "8"
      ],
      [
        "10",
        "10",
        "9",
        "9",
        "8",
        "8"
      ],
      [
        "10",
        "10",
        "9",
        "9",
        "9",
        "8"
      ],
      [
        "10",
        "10",
        "10",
        "9",
        "9",
        "6"
      ],
      [
        "X",
        "10",
        "9",
        "9",
        "9",
        "8"
      ]
    ],
    "第2局箭值": [
      [
        "10",
        "10",
        "10",
        "9",
        "8",
        "7"
      ],
      [
        "X",
        "9",
        "8",
        "8",
        "7",
        "7"
      ],
      [
        "10",
        "10",
        "10",
        "9",
        "9",
        "8"
      ],
      [
        "X",
        "X",
        "9",
        "9",
        "9",
        "9"
      ],
      [
        "X",
        "10",
        "9",
        "9",
        "9",
        "7"
      ],
      [
        "X",
        "X",
        "9",
        "9",
        "8",
        "7"
      ]
    ],
    "第3局箭值": [
      [
        "10",
        "9",
        "9",
        "9",
        "9",
        "8"
      ],
      [
        "X",
        "10",
        "10",
        "9",
        "9",
        "7"
      ],
      [
        "10",
        "10",
        "9",
        "9",
        "9",
        "7"
      ],
      [
        "10",
        "10",
        "10",
        "9",
        "9",
        "8"
      ],
      [
        "10",
        "10",
        "9",
        "9",
        "8",
        "8"
      ],
      [
        "10",
        "9",
        "9",
        "9",
        "9",
        "8"
      ]
    ],
    "第4局箭值": [
      [
        "10",
        "10",
        "9",
        "9",
        "9",
        "8"
      ],
      [
        "10",
        "10",
        "9",
        "9",
        "8",
        "2"
      ],
      [
        "X",
        "10",
        "9",
        "9",
        "8",
        "7"
      ],
      [
        "10",
        "9",
        "9",
        "9",
        "7",
        "6"
      ],
      [
        "X",
        "X",
        "10",
        "9",
        "8",
        "8"
      ],
      [
        "X",
        "10",
        "9",
        "9",
        "8",
        "8"
      ]
    ],
    "第5局箭值": [
      [
        "X",
        "X",
        "X",
        "X",
        "9",
        "7"
      ],
      [
        "X",
        "10",
        "10",
        "9",
        "9",
        "8"
      ],
      [
        "10",
        "10",
        "9",
        "9",
        "8",
        "7"
      ],
      [
        "10",
        "9",
        "9",
        "9",
        "8",
        "8"
      ],
      [
        "X",
        "10",
        "10",
        "10",
        "9",
        "8"
      ],
      [
        "9",
        "9",
        "9",
        "8",
        "8",
        "6"
      ]
    ],
    "第6局箭值": [
      [
        "9",
        "9",
        "9",
        "9",
        "8",
        "7"
      ],
      [
        "10",
        "9",
        "8",
        "8",
        "6",
        "6"
      ],
      [
        "X",
        "9",
        "9",
        "9",
        "8",
        "7"
      ],
      [
        "X",
        "9",
        "9",
        "9",
        "8",
        "8"
      ],
      [
        "10",
        "10",
        "10",
        "9",
        "9",
        "8"
      ],
      [
        "9",
        "9",
        "9",
        "8",
        "7",
        "6"
      ]
    ],
    "第7局箭值": [
      [
        "9",
        "9",
        "9",
        "8",
        "8",
        "7"
      ],
      [
        "10",
        "9",
        "9",
        "9",
        "9",
        "8"
      ],
      [
        "X",
        "10",
        "10",
        "10",
        "9",
        "8"
      ],
      [
        "X",
        "10",
        "10",
        "9",
        "9",
        "8"
      ],
      [
        "X",
        "10",
        "9",
        "9",
        "8",
        "8"
      ],
      [
        "9",
        "9",
        "9",
        "9",
        "8",
        "7"
      ]
    ],