{
  "id": "d646ceff497d2457",
  "name": "楊承叡",
  "unit": "國立中正大學",
  "bow": "複合弓",
  "group": "複合弓男生",
  "stats": {
    "總名次": 12,
    "總箭數": 432,
    "總分": 4142,
    "分布": {
      "X": 114,
      "10": 165,
      "9": 131,
      "紅圈(7&8)": 21,
      "藍圈(5&6)": 1,
      "M": 0,
      "黃圈(9/10/X)": 410,
      "黑圈(3&4)": 0,
      "白圈(1&2)": 0
    },
    "平均箭值": 9.587962962962964,
    "10分命中率": 0.6458333333333334,
    "9分以上命中率": 0.9490740740740741,
    "10中X比例": 0.40860215053763443,
    "單局分數(12)": [
      346,
      350,
      347,
      347,
      350,
      349,
      349,
      348,
      342,
      350,
      324,
      340
    ],
    "雙局分數(6)": [
      696,
      694,
      699,
      697,
      692,
      664
    ],
    "每趟分數(72)": [
      55,
      59,
      57,
      58,
      59,
      58,
      57,
      59,
      57,
      59,
      58,
      60,
      56,
      58,
      60,
      57,
      57,
      59,
      57,
      58,
      59,
      58,
      56,
      59,
      57,
      57,
      60,
      60,
      59,
      57,
      57,
      57,
      59,
      58,
      60,
      58,
      56,
      57,
      58,
      58,
      60,
      60,
      58,
      59,
      59,
      58,
      58,
      56,
      57,
      58,
      58,
      58,
      56,
      55,
      59,
      58,
      58,
      59,
      56,
      60,
      56,
      52,
      56,
      53,
      54,
      53,
      56,
      57,
      56,
      59,
      55,
      57
    ],
    "每趟標籤": [
      "第1局第1趟",
      "第1局第2趟",
      "第1局第3趟",
      "第1局第4趟",
      "第1局第5趟",
      "第1局第6趟",
      "第2局第1趟",
      "第2局第2趟",
      "第2局第3趟",
      "第2局第4趟",
      "第2局第5趟",
      "第2局第6趟",
      "第3局第1趟",
      "第3局第2趟",
      "第3局第3趟",
      "第3局第4趟",
      "第3局第5趟",
      "第3局第6趟",
      "第4局第1趟",
      "第4局第2趟",
      "第4局第3趟",
      "第4局第4趟",
      "第4局第5趟",
      "第4局第6趟",
      "第5局第1趟",
      "第5局第2趟",
      "第5局第3趟",
      "第5局第4趟",
      "第5局第5趟",
      "第5局第6趟",
      "第6局第1趟",
      "第6局第2趟",
      "第6局第3趟",
      "第6局第4趟",
      "第6局第5趟",
      "第6局第6趟",
      "第7局第1趟",
      "第7局第2趟",
      "第7局第3趟",
      "第7局第4趟",
      "第7局第5趟",
      "第7局第6趟",
      "第8局第1趟",
      "第8局第2趟",
      "第8局第3趟",
      "第8局第4趟",
      "第8局第5趟",
      "第8局第6趟",
      "第9局第1趟",
      "第9局第2趟",
      "第9局第3趟",
      "第9局第4趟",
      "第9局第5趟",
      "第9局第6趟",
      "第10局第1趟",
      "第10局第2趟",
      "第10局第3趟",
      "第10局第4趟",
      "第10局第5趟",
      "第10局第6趟",
      "第11局第1趟",
      "第11局第2趟",
      "第11局第3趟",
      "第11局第4趟",
      "第11局第5趟",
      "第11局第6趟",
      "第12局第1趟",
      "第12局第2趟",
      "第12局第3趟",
      "第12局第4趟",
      "第12局第5趟",
      "第12局第6趟"
    ],
    "最佳單局": {
      "局": [
        2,
        5,
        10
      ],
      "分數": 350
    },
    "最佳單趟": {
      "趟": [
        "第2局第6趟",
        "第3局第3趟",
        "第5局第3趟",
        "第5局第4趟",
        "第6局第5趟",
        "第7局第5趟",
        "第7局第6趟",
        "第10局第6趟"
      ],
      "分數": 60
    },
    "穩定度(單局標準差)": 7.0691033534828325,
    "單局高低差": 26,
    "平均每趟分數": 57.52777777777778,
    "最後12趟平均": 55.333333333333336
  },
  "round_arrows": {
    "第1局箭值": [
      [
        "X",
        "10",
        "9",
        "9",
        "9",
        "8"
      ],
      [
        "X",
        "X",
        "10",
        "10",
        "10",
        "9"
      ],
      [
        "X",
        "10",
        "10",
        "9",
        "9",
        "9"
      ],
      [
        "X",
        "X",
        "X",
        "10",
        "9",
        "9"
      ],
      [
        "X",
        "10",
        "10",
        "10",
        "10",
        "9"
      ],
      [
        "X",
        "10",
        "10",
        "10",
        "9",
        "9"
      ]
    ],
    "第2局箭值": [
      [
        "X",
        "10",
        "10",
        "9",
        "9",
        "9"
      ],
      [
        "X",
        "X",
        "10",
        "10",
        "10",
        "9"
      ],
      [
        "10",
        "10",
        "10",
        "10",
        "9",
        "8"
      ],
      [
        "X",
        "10",
        "10",
        "10",
        "10",
        "9"
      ],
      [
        "X",
        "X",
        "10",
        "10",
        "9",
        "9"
      ],
      [
        "X",
        "X",
        "X",
        "X",
        "10",
        "10"
      ]
    ],
    "第3局箭值": [
      [
        "X",
        "X",
        "9",
        "9",
        "9",
        "9"
      ],
      [
        "X",
        "X",
        "10",
        "10",
        "9",
        "9"
      ],
      [
        "X",
        "X",
        "10",
        "10",
        "10",
        "10"
      ],
      [
        "10",
        "10",
        "10",
        "9",
        "9",
        "9"
      ],
      [
        "X",
        "X",
        "10",
        "9",
        "9",
        "9"
      ],
      [
        "10",
        "10",
        "10",
        "10",
        "10",
        "9"
      ]
    ],
    "第4局箭值": [
      [
        "X",
        "10",
        "10",
        "10",
        "9",
        "8"
      ],
      [
        "X",
        "X",
        "10",
        "10",
        "9",
        "9"
      ],
      [
        "X",
        "10",
        "10",
        "10",
        "10",
        "9"
      ],
      [
        "X",
        "X",
        "X",
        "10",
        "9",
        "9"
      ],
      [
        "10",
        "10",
        "10",
        "9",
        "9",
        "8"
      ],
      [
        "X",
        "X",
        "10",
        "10",
        "10",
        "9"
      ]
    ],
    "第5局箭值": [
      [
        "X",
        "X",
        "X",
        "9",
        "9",
        "9"
      ],
      [
        "X",
        "X",
        "X",
        "9",
        "9",
        "9"
      ],
      [
        "X",
        "X",
        "X",
        "X",
        "10",
        "10"
      ],
      [
        "X",
        "X",
        "10",
        "10",
        "10",
        "10"
      ],
      [
        "X",
        "X",
        "10",
        "10",
        "10",
        "9"
      ],
      [
        "X",
        "10",
        "10",
        "9",
        "9",
        "9"
      ]
    ],
    "第6局箭值": [
      [
        "X",
        "10",
        "10",
        "10",
        "9",
        "8"
      ],
      [
        "10",
        "10",
        "10",
        "9",
        "9",
        "9"
      ],
      [
        "X",
        "X",
        "10",
        "10",
        "10",
        "9"
      ],
      [
        "X",
        "10",
        "10",
        "10",
        "9",
        "9"
      ],
      [
        "X",
        "X",
        "10",
        "10",
        "10",
        "10"
      ],
      [
        "X",
        "X",
        "10",
        "10",
        "9",
        "9"
      ]
    ],
    "第7局箭值": [
      [
        "X",
        "X",
        "X",
        "10",
        "8",
        "8"
      ],
      [
        "X",
        "10",
        "10",
        "9",
        "9",
        "9"
      ],
      [
        "X",
        "X",
        "X",
        "X",
        "9",
        "9"
      ],
      [
        "X",
        "10",
        "10",
        "10",
        "9",
        "9"
      ],
      [
        "X",
        "10",
        "10",
        "10",
        "10",
        "10"
      ],
      [
        "X",
        "X",
        "10",
        "10",
        "10",
        "10"
      ]
    ],