{
  "id": "d8f9f520614b3719",
  "name": "張芷綾",
  "unit": "國立清華大學",
  "bow": "反曲弓",
  "group": "反曲弓女生",
  "stats": {
    "總名次": 51,
    "總箭數": 432,
    "總分": 3483,
    "分布": {
      "X": 15,
      "10": 54,
      "9": 113,
      "紅圈(7&8)": 199,
      "藍圈(5&6)": 42,
      "M": 0,
      "黃圈(9/10/X)": 182,
      "黑圈(3&4)": 8,
      "白圈(1&2)": 1
    },
    "平均箭值": 8.0625,
    "10分命中率": 0.1597222222222222,
    "9分以上命中率": 0.4212962962962963,
    "10中X比例": 0.21739130434782608,
    "單局分數(12)": [
      292,
      303,
      279,
      278,
      291,
      286,
      305,
      294,
      283,
      287,
      290,
      295
    ],
    "雙局分數(6)": [
      595,
      557,
      577,
      599,
      570,
      585
    ],
    "每趟分數(72)": [
      45,
      51,
      54,
      48,
      47,
      47,
      52,
      50,
      47,
      51,
      47,
      56,
      47,
      47,
      41,
      44,
      50,
      50,
      50,
      50,
      49,
      43,
      42,
      44,
      52,
      46,
      45,
      50,
      48,
      50,
      46,
      49,
      49,
      43,
      51,
      48,
      52,
      53,
      48,
      54,
      46,
      52,
      48,
      51,
      44,
      48,
      51,
      52,
      48,
      52,
      45,
      46,
      44,
      48,
      44,
      52,
      51,
      46,
      46,
      48,
      42,
      50,
      48,
      48,
      51,
      51,
      48,
      52,
      52,
      52,
      42,
      49
    ],
    "每趟標籤": [
      "第1局第1趟",
      "第1局第2趟",
      "第1局第3趟",
      "第1局第4趟",
      "第1局第5趟",
      "第1局第6趟",
      "第2局第1趟",
      "第2局第2趟",
      "第2局第3趟",
      "第2局第4趟",
      "第2局第5趟",
      "第2局第6趟",
      "第3局第1趟",
      "第3局第2趟",
      "第3局第3趟",
      "第3局第4趟",
      "第3局第5趟",
      "第3局第6趟",
      "第4局第1趟",
      "第4局第2趟",
      "第4局第3趟",
      "第4局第4趟",
      "第4局第5趟",
      "第4局第6趟",
      "第5局第1趟",
      "第5局第2趟",
      "第5局第3趟",
      "第5局第4趟",
      "第5局第5趟",
      "第5局第6趟",
      "第6局第1趟",
      "第6局第2趟",
      "第6局第3趟",
      "第6局第4趟",
      "第6局第5趟",
      "第6局第6趟",
      "第7局第1趟",
      "第7局第2趟",
      "第7局第3趟",
      "第7局第4趟",
      "第7局第5趟",
      "第7局第6趟",
      "第8局第1趟",
      "第8局第2趟",
      "第8局第3趟",
      "第8局第4趟",
      "第8局第5趟",
      "第8局第6趟",
      "第9局第1趟",
      "第9局第2趟",
      "第9局第3趟",
      "第9局第4趟",
      "第9局第5趟",
      "第9局第6趟",
      "第10局第1趟",
      "第10局第2趟",
      "第10局第3趟",
      "第10局第4趟",
      "第10局第5趟",
      "第10局第6趟",
      "第11局第1趟",
      "第11局第2趟",
      "第11局第3趟",
      "第11局第4趟",
      "第11局第5趟",
      "第11局第6趟",
      "第12局第1趟",
      "第12局第2趟",
      "第12局第3趟",
      "第12局第4趟",
      "第12局第5趟",
      "第12局第6趟"
    ],
    "最佳單局": {
      "局": [
        7
      ],
      "分數": 305
    },
    "最佳單趟": {
      "趟": [
        "第2局第6趟"
      ],
      "分數": 56
    },
    "穩定度(單局標準差)": 8.053208470334459,
    "單局高低差": 27,
    "平均每趟分數": 48.375,
    "最後12趟平均": 48.75
  },
  "round_arrows": {
    "第1局箭值": [
      [
        "8",
        "8",
        "8",
        "8",
        "7",
        "6"
      ],
      [
        "9",
        "9",
        "9",
        "9",
        "8",
        "7"
      ],
      [
        "X",
        "10",
        "9",
        "9",
        "9",
        "7"
      ],
      [
        "9",
        "9",
        "9",
        "8",
        "7",
        "6"
      ],
      [
        "10",
        "9",
        "9",
        "8",
        "7",
        "4"
      ],
      [
        "10",
        "8",
        "8",
        "7",
        "7",
        "7"
      ]
    ],
    "第2局箭值": [
      [
        "10",
        "10",
        "9",
        "8",
        "8",
        "7"
      ],
      [
        "10",
        "10",
        "9",
        "8",
        "7",
        "6"
      ],
      [
        "X",
        "8",
        "8",
        "8",
        "7",
        "6"
      ],
      [
        "10",
        "9",
        "9",
        "9",
        "7",
        "7"
      ],
      [
        "10",
        "9",
        "9",
        "7",
        "7",
        "5"
      ],
      [
        "10",
        "10",
        "9",
        "9",
        "9",
        "9"
      ]
    ],
    "第3局箭值": [
      [
        "10",
        "9",
        "9",
        "7",
        "6",
        "6"
      ],
      [
        "9",
        "9",
        "8",
        "7",
        "7",
        "7"
      ],
      [
        "8",
        "8",
        "7",
        "6",
        "6",
        "6"
      ],
      [
        "10",
        "8",
        "8",
        "7",
        "7",
        "4"
      ],
      [
        "10",
        "9",
        "9",
        "8",
        "7",
        "7"
      ],
      [
        "10",
        "9",
        "9",
        "8",
        "7",
        "7"
      ]
    ],
    "第4局箭值": [
      [
        "10",
        "8",
        "8",
        "8",
        "8",
        "8"
      ],
      [
        "X",
        "10",
        "9",
        "9",
        "8",
        "4"
      ],
      [
        "9",
        "9",
        "9",
        "8",
        "7",
        "7"
      ],
      [
        "9",
        "8",
        "8",
        "7",
        "6",
        "5"
      ],
      [
        "8",
        "8",
        "7",
        "7",
        "6",
        "6"
      ],
      [
        "9",
        "8",
        "7",
        "7",
        "7",
        "6"
      ]
    ],
    "第5局箭值": [
      [
        "X",
        "10",
        "10",
        "9",
        "7",
        "6"
      ],
      [
        "10",
        "9",
        "9",
        "7",
        "6",
        "5"
      ],
      [
        "X",
        "8",
        "8",
        "7",
        "7",
        "5"
      ],
      [
        "10",
        "9",
        "8",
        "8",
        "8",
        "7"
      ],
      [
        "X",
        "9",
        "8",
        "8",
        "8",
        "5"
      ],
      [
        "X",
        "10",
        "9",
        "8",
        "7",
        "6"
      ]
    ],
    "第6局箭值": [
      [
        "9",
        "9",
        "8",
        "8",
        "7",
        "5"
      ],
      [
        "10",
        "9",
        "8",
        "8",
        "7",
        "7"
      ],
      [
        "10",
        "9",
        "9",
        "8",
        "7",
        "6"
      ],
      [
        "9",
        "8",
        "8",
        "7",
        "6",
        "5"
      ],
      [
        "10",
        "9",
        "9",
        "8",
        "8",
        "7"
      ],
      [
        "9",
        "9",
        "9",
        "7",
        "7",
        "7"
      ]
    ],
    "第7局箭值": [
      [
        "X",
        "X",
        "9",
        "9",
        "9",
        "5"
      ],
      [
        "10",
        "10",
        "9",
        "9",
        "8",
        "7"
      ],
      [
        "X",
        "8",
        "8",
        "8",
        "7",
        "7"
      ],
      [
        "10",
        "10",
        "9",
        "9",
        "8",
        "8"
      ],
      [
        "9",
        "8",
        "8",
        "7",
        "7",
        "7"
      ],
      [
        "X",
        "10",
        "9",
        "8",
        "8",
        "7"
      ]
    ],