{
  "id": "da999cad11f8b0e4",
  "name": "陳采盈",
  "unit": "桃市永豐高中",
  "bow": "複合弓",
  "group": "複合弓女生",
  "stats": {
    "總名次": 19,
    "總箭數": 432,
    "總分": 4016,
    "分布": {
      "X": 61,
      "10": 128,
      "9": 195,
      "紅圈(7&8)": 44,
      "藍圈(5&6)": 4,
      "M": 0,
      "黃圈(9/10/X)": 384,
      "黑圈(3&4)": 0,
      "白圈(1&2)": 0
    },
    "平均箭值": 9.296296296296296,
    "10分命中率": 0.4375,
    "9分以上命中率": 0.8888888888888888,
    "10中X比例": 0.32275132275132273,
    "單局分數(12)": [
      344,
      326,
      344,
      334,
      343,
      336,
      337,
      334,
      334,
      327,
      327,
      330
    ],
    "雙局分數(6)": [
      670,
      678,
      679,
      671,
      661,
      657
    ],
    "每趟分數(72)": [
      58,
      57,
      58,
      57,
      57,
      57,
      54,
      53,
      54,
      54,
      56,
      55,
      54,
      60,
      58,
      57,
      57,
      58,
      56,
      57,
      56,
      54,
      57,
      54,
      57,
      58,
      57,
      57,
      56,
      58,
      56,
      55,
      59,
      54,
      57,
      55,
      55,
      56,
      54,
      56,
      59,
      57,
      55,
      56,
      56,
      55,
      56,
      56,
      55,
      55,
      57,
      56,
      56,
      55,
      51,
      57,
      53,
      56,
      55,
      55,
      52,
      53,
      53,
      54,
      57,
      58,
      51,
      56,
      56,
      54,
      57,
      56
    ],
    "每趟標籤": [
      "第1局第1趟",
      "第1局第2趟",
      "第1局第3趟",
      "第1局第4趟",
      "第1局第5趟",
      "第1局第6趟",
      "第2局第1趟",
      "第2局第2趟",
      "第2局第3趟",
      "第2局第4趟",
      "第2局第5趟",
      "第2局第6趟",
      "第3局第1趟",
      "第3局第2趟",
      "第3局第3趟",
      "第3局第4趟",
      "第3局第5趟",
      "第3局第6趟",
      "第4局第1趟",
      "第4局第2趟",
      "第4局第3趟",
      "第4局第4趟",
      "第4局第5趟",
      "第4局第6趟",
      "第5局第1趟",
      "第5局第2趟",
      "第5局第3趟",
      "第5局第4趟",
      "第5局第5趟",
      "第5局第6趟",
      "第6局第1趟",
      "第6局第2趟",
      "第6局第3趟",
      "第6局第4趟",
      "第6局第5趟",
      "第6局第6趟",
      "第7局第1趟",
      "第7局第2趟",
      "第7局第3趟",
      "第7局第4趟",
      "第7局第5趟",
      "第7局第6趟",
      "第8局第1趟",
      "第8局第2趟",
      "第8局第3趟",
      "第8局第4趟",
      "第8局第5趟",
      "第8局第6趟",
      "第9局第1趟",
      "第9局第2趟",
      "第9局第3趟",
      "第9局第4趟",
      "第9局第5趟",
      "第9局第6趟",
      "第10局第1趟",
      "第10局第2趟",
      "第10局第3趟",
      "第10局第4趟",
      "第10局第5趟",
      "第10局第6趟",
      "第11局第1趟",
      "第11局第2趟",
      "第11局第3趟",
      "第11局第4趟",
      "第11局第5趟",
      "第11局第6趟",
      "第12局第1趟",
      "第12局第2趟",
      "第12局第3趟",
      "第12局第4趟",
      "第12局第5趟",
      "第12局第6趟"
    ],
    "最佳單局": {
      "局": [
        1,
        3
      ],
      "分數": 344
    },
    "最佳單趟": {
      "趟": [
        "第3局第2趟"
      ],
      "分數": 60
    },
    "穩定度(單局標準差)": 6.236095644623235,
    "單局高低差": 18,
    "平均每趟分數": 55.77777777777778,
    "最後12趟平均": 54.75
  },
  "round_arrows": {
    "第1局箭值": [
      [
        "X",
        "X",
        "10",
        "10",
        "9",
        "9"
      ],
      [
        "X",
        "X",
        "10",
        "9",
        "9",
        "9"
      ],
      [
        "X",
        "10",
        "10",
        "10",
        "9",
        "9"
      ],
      [
        "X",
        "10",
        "10",
        "10",
        "9",
        "8"
      ],
      [
        "X",
        "X",
        "10",
        "9",
        "9",
        "9"
      ],
      [
        "X",
        "X",
        "X",
        "10",
        "9",
        "8"
      ]
    ],
    "第2局箭值": [
      [
        "X",
        "X",
        "9",
        "9",
        "8",
        "8"
      ],
      [
        "X",
        "9",
        "9",
        "9",
        "9",
        "7"
      ],
      [
        "10",
        "10",
        "9",
        "9",
        "8",
        "8"
      ],
      [
        "10",
        "9",
        "9",
        "9",
        "9",
        "8"
      ],
      [
        "X",
        "X",
        "9",
        "9",
        "9",
        "9"
      ],
      [
        "10",
        "10",
        "9",
        "9",
        "9",
        "8"
      ]
    ],
    "第3局箭值": [
      [
        "10",
        "9",
        "9",
        "9",
        "9",
        "8"
      ],
      [
        "X",
        "X",
        "X",
        "X",
        "10",
        "10"
      ],
      [
        "X",
        "10",
        "10",
        "10",
        "9",
        "9"
      ],
      [
        "X",
        "10",
        "10",
        "9",
        "9",
        "9"
      ],
      [
        "X",
        "10",
        "10",
        "9",
        "9",
        "9"
      ],
      [
        "X",
        "10",
        "10",
        "10",
        "9",
        "9"
      ]
    ],
    "第4局箭值": [
      [
        "10",
        "10",
        "9",
        "9",
        "9",
        "9"
      ],
      [
        "X",
        "10",
        "10",
        "9",
        "9",
        "9"
      ],
      [
        "10",
        "10",
        "9",
        "9",
        "9",
        "9"
      ],
      [
        "10",
        "10",
        "9",
        "9",
        "8",
        "8"
      ],
      [
        "10",
        "10",
        "10",
        "10",
        "9",
        "8"
      ],
      [
        "10",
        "10",
        "9",
        "9",
        "8",
        "8"
      ]
    ],
    "第5局箭值": [
      [
        "10",
        "10",
        "10",
        "9",
        "9",
        "9"
      ],
      [
        "X",
        "10",
        "10",
        "10",
        "9",
        "9"
      ],
      [
        "X",
        "10",
        "10",
        "10",
        "9",
        "8"
      ],
      [
        "X",
        "X",
        "10",
        "10",
        "9",
        "8"
      ],
      [
        "10",
        "10",
        "10",
        "9",
        "9",
        "8"
      ],
      [
        "X",
        "10",
        "10",
        "10",
        "9",
        "9"
      ]
    ],
    "第6局箭值": [
      [
        "10",
        "10",
        "9",
        "9",
        "9",
        "9"
      ],
      [
        "X",
        "10",
        "9",
        "9",
        "9",
        "8"
      ],
      [
        "X",
        "10",
        "10",
        "10",
        "10",
        "9"
      ],
      [
        "X",
        "9",
        "9",
        "9",
        "9",
        "8"
      ],
      [
        "X",
        "10",
        "10",
        "9",
        "9",
        "9"
      ],
      [
        "X",
        "10",
        "9",
        "9",
        "9",
        "8"
      ]
    ],
    "第7局箭值": [
      [
        "X",
        "10",
        "9",
        "9",
        "9",
        "8"
      ],
      [
        "X",
        "10",
        "9",
        "9",
        "9",
        "9"
      ],
      [
        "X",
        "10",
        "9",
        "9",
        "8",
        "8"
      ],
      [
        "10",
        "10",
        "9",
        "9",
        "9",
        "9"
      ],
      [
        "X",
        "10",
        "10",
        "10",
        "10",
        "9"
      ],
      [
        "X",
        "X",
        "X",
        "10",
        "9",
        "8"
      ]
    ],