{
  "id": "e3cad4b950c5f993",
  "name": "蔡亦涵",
  "unit": "輔仁大學",
  "bow": "反曲弓",
  "group": "反曲弓女生",
  "stats": {
    "總名次": 53,
    "總箭數": 432,
    "總分": 3390,
    "分布": {
      "X": 11,
      "10": 39,
      "9": 125,
      "紅圈(7&8)": 190,
      "藍圈(5&6)": 50,
      "M": 5,
      "黃圈(9/10/X)": 175,
      "黑圈(3&4)": 8,
      "白圈(1&2)": 4
    },
    "平均箭值": 7.847222222222222,
    "10分命中率": 0.11574074074074074,
    "9分以上命中率": 0.4050925925925926,
    "10中X比例": 0.22,
    "單局分數(12)": [
      270,
      277,
      292,
      266,
      287,
      286,
      293,
      282,
      282,
      273,
      283,
      299
    ],
    "雙局分數(6)": [
      547,
      558,
      573,
      575,
      555,
      582
    ],
    "每趟分數(72)": [
      44,
      41,
      50,
      49,
      42,
      44,
      52,
      53,
      33,
      52,
      47,
      40,
      46,
      48,
      46,
      45,
      54,
      53,
      52,
      46,
      42,
      34,
      50,
      42,
      47,
      44,
      51,
      46,
      51,
      48,
      46,
      47,
      48,
      48,
      49,
      48,
      49,
      46,
      46,
      53,
      51,
      48,
      47,
      51,
      42,
      48,
      50,
      44,
      47,
      45,
      48,
      50,
      43,
      49,
      51,
      48,
      46,
      49,
      45,
      34,
      49,
      49,
      43,
      45,
      50,
      47,
      46,
      51,
      54,
      53,
      47,
      48
    ],
    "每趟標籤": [
      "第1局第1趟",
      "第1局第2趟",
      "第1局第3趟",
      "第1局第4趟",
      "第1局第5趟",
      "第1局第6趟",
      "第2局第1趟",
      "第2局第2趟",
      "第2局第3趟",
      "第2局第4趟",
      "第2局第5趟",
      "第2局第6趟",
      "第3局第1趟",
      "第3局第2趟",
      "第3局第3趟",
      "第3局第4趟",
      "第3局第5趟",
      "第3局第6趟",
      "第4局第1趟",
      "第4局第2趟",
      "第4局第3趟",
      "第4局第4趟",
      "第4局第5趟",
      "第4局第6趟",
      "第5局第1趟",
      "第5局第2趟",
      "第5局第3趟",
      "第5局第4趟",
      "第5局第5趟",
      "第5局第6趟",
      "第6局第1趟",
      "第6局第2趟",
      "第6局第3趟",
      "第6局第4趟",
      "第6局第5趟",
      "第6局第6趟",
      "第7局第1趟",
      "第7局第2趟",
      "第7局第3趟",
      "第7局第4趟",
      "第7局第5趟",
      "第7局第6趟",
      "第8局第1趟",
      "第8局第2趟",
      "第8局第3趟",
      "第8局第4趟",
      "第8局第5趟",
      "第8局第6趟",
      "第9局第1趟",
      "第9局第2趟",
      "第9局第3趟",
      "第9局第4趟",
      "第9局第5趟",
      "第9局第6趟",
      "第10局第1趟",
      "第10局第2趟",
      "第10局第3趟",
      "第10局第4趟",
      "第10局第5趟",
      "第10局第6趟",
      "第11局第1趟",
      "第11局第2趟",
      "第11局第3趟",
      "第11局第4趟",
      "第11局第5趟",
      "第11局第6趟",
      "第12局第1趟",
      "第12局第2趟",
      "第12局第3趟",
      "第12局第4趟",
      "第12局第5趟",
      "第12局第6趟"
    ],
    "最佳單局": {
      "局": [
        12
      ],
      "分數": 299
    },
    "最佳單趟": {
      "趟": [
        "第3局第5趟",
        "第12局第3趟"
      ],
      "分數": 54
    },
    "穩定度(單局標準差)": 9.376388786023469,
    "單局高低差": 33,
    "平均每趟分數": 47.083333333333336,
    "最後12趟平均": 48.5
  },
  "round_arrows": {
    "第1局箭值": [
      [
        "9",
        "9",
        "7",
        "7",
        "6",
        "6"
      ],
      [
        "9",
        "8",
        "8",
        "8",
        "7",
        "1"
      ],
      [
        "10",
        "9",
        "9",
        "8",
        "8",
        "6"
      ],
      [
        "9",
        "8",
        "8",
        "8",
        "8",
        "8"
      ],
      [
        "9",
        "9",
        "8",
        "8",
        "8",
        "M"
      ],
      [
        "9",
        "8",
        "7",
        "7",
        "7",
        "6"
      ]
    ],
    "第2局箭值": [
      [
        "9",
        "9",
        "9",
        "9",
        "8",
        "8"
      ],
      [
        "10",
        "9",
        "9",
        "9",
        "8",
        "8"
      ],
      [
        "9",
        "9",
        "8",
        "7",
        "M",
        "M"
      ],
      [
        "10",
        "9",
        "9",
        "8",
        "8",
        "8"
      ],
      [
        "9",
        "9",
        "9",
        "8",
        "7",
        "5"
      ],
      [
        "9",
        "8",
        "8",
        "7",
        "5",
        "3"
      ]
    ],
    "第3局箭值": [
      [
        "9",
        "9",
        "8",
        "8",
        "6",
        "6"
      ],
      [
        "10",
        "9",
        "8",
        "8",
        "7",
        "6"
      ],
      [
        "10",
        "9",
        "8",
        "7",
        "7",
        "5"
      ],
      [
        "10",
        "8",
        "8",
        "7",
        "7",
        "5"
      ],
      [
        "X",
        "10",
        "9",
        "9",
        "8",
        "8"
      ],
      [
        "10",
        "10",
        "9",
        "9",
        "8",
        "7"
      ]
    ],
    "第4局箭值": [
      [
        "9",
        "9",
        "9",
        "9",
        "9",
        "7"
      ],
      [
        "9",
        "8",
        "8",
        "7",
        "7",
        "7"
      ],
      [
        "8",
        "8",
        "7",
        "7",
        "7",
        "5"
      ],
      [
        "9",
        "9",
        "8",
        "5",
        "3",
        "M"
      ],
      [
        "10",
        "9",
        "9",
        "8",
        "7",
        "7"
      ],
      [
        "9",
        "8",
        "7",
        "7",
        "6",
        "5"
      ]
    ],
    "第5局箭值": [
      [
        "10",
        "10",
        "9",
        "9",
        "8",
        "1"
      ],
      [
        "X",
        "9",
        "9",
        "8",
        "8",
        "M"
      ],
      [
        "X",
        "10",
        "10",
        "9",
        "9",
        "3"
      ],
      [
        "8",
        "8",
        "8",
        "8",
        "8",
        "6"
      ],
      [
        "10",
        "9",
        "9",
        "8",
        "8",
        "7"
      ],
      [
        "X",
        "9",
        "8",
        "7",
        "7",
        "7"
      ]
    ],
    "第6局箭值": [
      [
        "9",
        "9",
        "8",
        "7",
        "7",
        "6"
      ],
      [
        "9",
        "9",
        "8",
        "8",
        "7",
        "6"
      ],
      [
        "10",
        "9",
        "9",
        "8",
        "8",
        "4"
      ],
      [
        "X",
        "9",
        "9",
        "8",
        "7",
        "5"
      ],
      [
        "10",
        "10",
        "8",
        "8",
        "8",
        "5"
      ],
      [
        "X",
        "9",
        "8",
        "8",
        "8",
        "5"
      ]
    ],
    "第7局箭值": [
      [
        "X",
        "10",
        "8",
        "8",
        "7",
        "6"
      ],
      [
        "10",
        "9",
        "9",
        "9",
        "5",
        "4"
      ],
      [
        "9",
        "9",
        "9",
        "8",
        "6",
        "5"
      ],
      [
        "10",
        "10",
        "9",
        "8",
        "8",
        "8"
      ],
      [
        "10",
        "9",
        "9",
        "9",
        "7",
        "7"
      ],
      [
        "10",
        "9",
        "8",
        "7",
        "7",
        "7"
      ]
    ],