{
  "id": "ed4e6542ed015e84",
  "name": "張純嘉",
  "unit": "桃市育達高中",
  "bow": "反曲弓",
  "group": "反曲弓女生",
  "stats": {
    "總名次": 26,
    "總箭數": 432,
    "總分": 3792,
    "分布": {
      "X": 28,
      "10": 75,
      "9": 187,
      "紅圈(7&8)": 132,
      "藍圈(5&6)": 9,
      "M": 0,
      "黃圈(9/10/X)": 290,
      "黑圈(3&4)": 1,
      "白圈(1&2)": 0
    },
    "平均箭值": 8.777777777777779,
    "10分命中率": 0.23842592592592593,
    "9分以上命中率": 0.6712962962962963,
    "10中X比例": 0.27184466019417475,
    "單局分數(12)": [
      322,
      324,
      314,
      314,
      313,
      306,
      313,
      317,
      313,
      312,
      314,
      330
    ],
    "雙局分數(6)": [
      646,
      628,
      619,
      630,
      625,
      644
    ],
    "每趟分數(72)": [
      50,
      54,
      53,
      53,
      55,
      57,
      54,
      54,
      53,
      54,
      55,
      54,
      54,
      51,
      53,
      53,
      51,
      52,
      52,
      53,
      52,
      52,
      53,
      52,
      53,
      51,
      49,
      53,
      54,
      53,
      48,
      51,
      50,
      55,
      53,
      49,
      52,
      54,
      50,
      50,
      51,
      56,
      54,
      53,
      49,
      52,
      55,
      54,
      50,
      52,
      52,
      54,
      53,
      52,
      49,
      54,
      51,
      52,
      53,
      53,
      56,
      50,
      50,
      52,
      54,
      52,
      56,
      53,
      55,
      56,
      56,
      54
    ],
    "每趟標籤": [
      "第1局第1趟",
      "第1局第2趟",
      "第1局第3趟",
      "第1局第4趟",
      "第1局第5趟",
      "第1局第6趟",
      "第2局第1趟",
      "第2局第2趟",
      "第2局第3趟",
      "第2局第4趟",
      "第2局第5趟",
      "第2局第6趟",
      "第3局第1趟",
      "第3局第2趟",
      "第3局第3趟",
      "第3局第4趟",
      "第3局第5趟",
      "第3局第6趟",
      "第4局第1趟",
      "第4局第2趟",
      "第4局第3趟",
      "第4局第4趟",
      "第4局第5趟",
      "第4局第6趟",
      "第5局第1趟",
      "第5局第2趟",
      "第5局第3趟",
      "第5局第4趟",
      "第5局第5趟",
      "第5局第6趟",
      "第6局第1趟",
      "第6局第2趟",
      "第6局第3趟",
      "第6局第4趟",
      "第6局第5趟",
      "第6局第6趟",
      "第7局第1趟",
      "第7局第2趟",
      "第7局第3趟",
      "第7局第4趟",
      "第7局第5趟",
      "第7局第6趟",
      "第8局第1趟",
      "第8局第2趟",
      "第8局第3趟",
      "第8局第4趟",
      "第8局第5趟",
      "第8局第6趟",
      "第9局第1趟",
      "第9局第2趟",
      "第9局第3趟",
      "第9局第4趟",
      "第9局第5趟",
      "第9局第6趟",
      "第10局第1趟",
      "第10局第2趟",
      "第10局第3趟",
      "第10局第4趟",
      "第10局第5趟",
      "第10局第6趟",
      "第11局第1趟",
      "第11局第2趟",
      "第11局第3趟",
      "第11局第4趟",
      "第11局第5趟",
      "第11局第6趟",
      "第12局第1趟",
      "第12局第2趟",
      "第12局第3趟",
      "第12局第4趟",
      "第12局第5趟",
      "第12局第6趟"
    ],
    "最佳單局": {
      "局": [
        12
      ],
      "分數": 330
    },
    "最佳單趟": {
      "趟": [
        "第1局第6趟"
      ],
      "分數": 57
    },
    "穩定度(單局標準差)": 6.137317546507322,
    "單局高低差": 24,
    "平均每趟分數": 52.666666666666664,
    "最後12趟平均": 53.666666666666664
  },
  "round_arrows": {
    "第1局箭值": [
      [
        "10",
        "9",
        "9",
        "8",
        "8",
        "6"
      ],
      [
        "10",
        "10",
        "9",
        "9",
        "9",
        "7"
      ],
      [
        "X",
        "10",
        "9",
        "9",
        "8",
        "7"
      ],
      [
        "X",
        "10",
        "9",
        "8",
        "8",
        "8"
      ],
      [
        "10",
        "10",
        "9",
        "9",
        "9",
        "8"
      ],
      [
        "X",
        "X",
        "10",
        "10",
        "9",
        "8"
      ]
    ],
    "第2局箭值": [
      [
        "10",
        "9",
        "9",
        "9",
        "9",
        "8"
      ],
      [
        "10",
        "10",
        "10",
        "8",
        "8",
        "8"
      ],
      [
        "X",
        "10",
        "9",
        "8",
        "8",
        "8"
      ],
      [
        "10",
        "9",
        "9",
        "9",
        "9",
        "8"
      ],
      [
        "10",
        "10",
        "9",
        "9",
        "9",
        "8"
      ],
      [
        "10",
        "9",
        "9",
        "9",
        "9",
        "8"
      ]
    ],
    "第3局箭值": [
      [
        "10",
        "9",
        "9",
        "9",
        "9",
        "8"
      ],
      [
        "9",
        "9",
        "9",
        "8",
        "8",
        "8"
      ],
      [
        "X",
        "9",
        "9",
        "9",
        "8",
        "8"
      ],
      [
        "10",
        "9",
        "9",
        "9",
        "9",
        "7"
      ],
      [
        "10",
        "10",
        "9",
        "8",
        "7",
        "7"
      ],
      [
        "10",
        "9",
        "9",
        "8",
        "8",
        "8"
      ]
    ],
    "第4局箭值": [
      [
        "X",
        "10",
        "9",
        "9",
        "7",
        "7"
      ],
      [
        "X",
        "9",
        "9",
        "9",
        "8",
        "8"
      ],
      [
        "X",
        "9",
        "9",
        "8",
        "8",
        "8"
      ],
      [
        "10",
        "9",
        "9",
        "9",
        "8",
        "7"
      ],
      [
        "X",
        "10",
        "10",
        "10",
        "7",
        "6"
      ],
      [
        "9",
        "9",
        "9",
        "9",
        "8",
        "8"
      ]
    ],
    "第5局箭值": [
      [
        "X",
        "10",
        "10",
        "9",
        "8",
        "6"
      ],
      [
        "9",
        "9",
        "9",
        "9",
        "8",
        "7"
      ],
      [
        "X",
        "9",
        "8",
        "8",
        "7",
        "7"
      ],
      [
        "X",
        "9",
        "9",
        "9",
        "8",
        "8"
      ],
      [
        "10",
        "10",
        "10",
        "9",
        "8",
        "7"
      ],
      [
        "10",
        "9",
        "9",
        "9",
        "8",
        "8"
      ]
    ],
    "第6局箭值": [
      [
        "9",
        "9",
        "9",
        "8",
        "7",
        "6"
      ],
      [
        "10",
        "9",
        "9",
        "9",
        "7",
        "7"
      ],
      [
        "9",
        "9",
        "9",
        "8",
        "8",
        "7"
      ],
      [
        "X",
        "10",
        "10",
        "9",
        "8",
        "8"
      ],
      [
        "X",
        "9",
        "9",
        "9",
        "9",
        "7"
      ],
      [
        "X",
        "10",
        "8",
        "8",
        "7",
        "6"
      ]
    ],
    "第7局箭值": [
      [
        "10",
        "9",
        "9",
        "9",
        "8",
        "7"
      ],
      [
        "10",
        "10",
        "9",
        "9",
        "8",
        "8"
      ],
      [
        "10",
        "9",
        "9",
        "8",
        "7",
        "7"
      ],
      [
        "9",
        "9",
        "9",
        "8",
        "8",
        "7"
      ],
      [
        "X",
        "10",
        "9",
        "9",
        "9",
        "4"
      ],
      [
        "X",
        "10",
        "9",
        "9",
        "9",
        "9"
      ]
    ],