{
  "id": "f0afe1f13df90c28",
  "name": "蘇芯羽",
  "unit": "國立清華大學",
  "bow": "反曲弓",
  "group": "反曲弓女生",
  "stats": {
    "總名次": 9,
    "總箭數": 432,
    "總分": 3929,
    "分布": {
      "X": 58,
      "10": 94,
      "9": 187,
      "紅圈(7&8)": 91,
      "藍圈(5&6)": 2,
      "M": 0,
      "黃圈(9/10/X)": 339,
      "黑圈(3&4)": 0,
      "白圈(1&2)": 0
    },
    "平均箭值": 9.094907407407407,
    "10分命中率": 0.35185185185185186,
    "9分以上命中率": 0.7847222222222222,
    "10中X比例": 0.3815789473684211,
    "單局分數(12)": [
      334,
      315,
      330,
      335,
      334,
      333,
      330,
      331,
      323,
      322,
      316,
      326
    ],
    "雙局分數(6)": [
      649,
      665,
      667,
      661,
      645,
      642
    ],
    "每趟分數(72)": [
      55,
      56,
      59,
      55,
      55,
      54,
      55,
      51,
      49,
      53,
      53,
      54,
      55,
      55,
      55,
      55,
      55,
      55,
      57,
      57,
      56,
      55,
      55,
      55,
      56,
      56,
      54,
      56,
      56,
      56,
      56,
      56,
      54,
      56,
      57,
      54,
      51,
      56,
      56,
      55,
      57,
      55,
      57,
      57,
      56,
      53,
      56,
      52,
      54,
      54,
      58,
      55,
      47,
      55,
      56,
      52,
      51,
      57,
      53,
      53,
      53,
      58,
      51,
      49,
      55,
      50,
      53,
      57,
      57,
      52,
      52,
      55
    ],
    "每趟標籤": [
      "第1局第1趟",
      "第1局第2趟",
      "第1局第3趟",
      "第1局第4趟",
      "第1局第5趟",
      "第1局第6趟",
      "第2局第1趟",
      "第2局第2趟",
      "第2局第3趟",
      "第2局第4趟",
      "第2局第5趟",
      "第2局第6趟",
      "第3局第1趟",
      "第3局第2趟",
      "第3局第3趟",
      "第3局第4趟",
      "第3局第5趟",
      "第3局第6趟",
      "第4局第1趟",
      "第4局第2趟",
      "第4局第3趟",
      "第4局第4趟",
      "第4局第5趟",
      "第4局第6趟",
      "第5局第1趟",
      "第5局第2趟",
      "第5局第3趟",
      "第5局第4趟",
      "第5局第5趟",
      "第5局第6趟",
      "第6局第1趟",
      "第6局第2趟",
      "第6局第3趟",
      "第6局第4趟",
      "第6局第5趟",
      "第6局第6趟",
      "第7局第1趟",
      "第7局第2趟",
      "第7局第3趟",
      "第7局第4趟",
      "第7局第5趟",
      "第7局第6趟",
      "第8局第1趟",
      "第8局第2趟",
      "第8局第3趟",
      "第8局第4趟",
      "第8局第5趟",
      "第8局第6趟",
      "第9局第1趟",
      "第9局第2趟",
      "第9局第3趟",
      "第9局第4趟",
      "第9局第5趟",
      "第9局第6趟",
      "第10局第1趟",
      "第10局第2趟",
      "第10局第3趟",
      "第10局第4趟",
      "第10局第5趟",
      "第10局第6趟",
      "第11局第1趟",
      "第11局第2趟",
      "第11局第3趟",
      "第11局第4趟",
      "第11局第5趟",
      "第11局第6趟",
      "第12局第1趟",
      "第12局第2趟",
      "第12局第3趟",
      "第12局第4趟",
      "第12局第5趟",
      "第12局第6趟"
    ],
    "最佳單局": {
      "局": [
        4
      ],
      "分數": 335
    },
    "最佳單趟": {
      "趟": [
        "第1局第3趟"
      ],
      "分數": 59
    },
    "穩定度(單局標準差)": 6.689025007843486,
    "單局高低差": 20,
    "平均每趟分數": 54.56944444444444,
    "最後12趟平均": 53.5
  },
  "round_arrows": {
    "第1局箭值": [
      [
        "10",
        "10",
        "9",
        "9",
        "9",
        "8"
      ],
      [
        "X",
        "10",
        "9",
        "9",
        "9",
        "9"
      ],
      [
        "X",
        "X",
        "10",
        "10",
        "10",
        "9"
      ],
      [
        "10",
        "10",
        "9",
        "9",
        "9",
        "8"
      ],
      [
        "X",
        "10",
        "9",
        "9",
        "9",
        "8"
      ],
      [
        "10",
        "9",
        "9",
        "9",
        "9",
        "8"
      ]
    ],
    "第2局箭值": [
      [
        "10",
        "9",
        "9",
        "9",
        "9",
        "9"
      ],
      [
        "10",
        "9",
        "9",
        "8",
        "8",
        "7"
      ],
      [
        "X",
        "8",
        "8",
        "8",
        "8",
        "7"
      ],
      [
        "9",
        "9",
        "9",
        "9",
        "9",
        "8"
      ],
      [
        "X",
        "10",
        "9",
        "8",
        "8",
        "8"
      ],
      [
        "X",
        "10",
        "9",
        "9",
        "8",
        "8"
      ]
    ],
    "第3局箭值": [
      [
        "X",
        "10",
        "9",
        "9",
        "9",
        "8"
      ],
      [
        "X",
        "10",
        "10",
        "9",
        "8",
        "8"
      ],
      [
        "10",
        "9",
        "9",
        "9",
        "9",
        "9"
      ],
      [
        "X",
        "10",
        "10",
        "9",
        "8",
        "8"
      ],
      [
        "X",
        "10",
        "9",
        "9",
        "9",
        "8"
      ],
      [
        "X",
        "10",
        "9",
        "9",
        "9",
        "8"
      ]
    ],
    "第4局箭值": [
      [
        "X",
        "10",
        "10",
        "10",
        "9",
        "8"
      ],
      [
        "10",
        "10",
        "10",
        "9",
        "9",
        "9"
      ],
      [
        "X",
        "10",
        "9",
        "9",
        "9",
        "9"
      ],
      [
        "10",
        "10",
        "9",
        "9",
        "9",
        "8"
      ],
      [
        "X",
        "X",
        "9",
        "9",
        "9",
        "8"
      ],
      [
        "X",
        "10",
        "10",
        "9",
        "8",
        "8"
      ]
    ],
    "第5局箭值": [
      [
        "10",
        "10",
        "9",
        "9",
        "9",
        "9"
      ],
      [
        "10",
        "10",
        "9",
        "9",
        "9",
        "9"
      ],
      [
        "10",
        "10",
        "9",
        "9",
        "8",
        "8"
      ],
      [
        "X",
        "10",
        "10",
        "9",
        "9",
        "8"
      ],
      [
        "X",
        "10",
        "9",
        "9",
        "9",
        "9"
      ],
      [
        "X",
        "X",
        "10",
        "9",
        "9",
        "8"
      ]
    ],
    "第6局箭值": [
      [
        "X",
        "X",
        "10",
        "9",
        "9",
        "8"
      ],
      [
        "10",
        "10",
        "9",
        "9",
        "9",
        "9"
      ],
      [
        "X",
        "9",
        "9",
        "9",
        "9",
        "8"
      ],
      [
        "X",
        "10",
        "9",
        "9",
        "9",
        "9"
      ],
      [
        "X",
        "10",
        "10",
        "10",
        "9",
        "8"
      ],
      [
        "10",
        "9",
        "9",
        "9",
        "9",
        "8"
      ]
    ],
    "第7局箭值": [
      [
        "9",
        "9",
        "9",
        "8",
        "8",
        "8"
      ],
      [
        "X",
        "10",
        "10",
        "10",
        "9",
        "7"
      ],
      [
        "10",
        "10",
        "9",
        "9",
        "9",
        "9"
      ],
      [
        "10",
        "9",
        "9",
        "9",
        "9",
        "9"
      ],
      [
        "X",
        "10",
        "10",
        "9",
        "9",
        "9"
      ],
      [
        "X",
        "10",
        "10",
        "9",
        "8",
        "8"
      ]
    ],