{
  "id": "f1673e3f01dcf656",
  "name": "李芳宜",
  "unit": "個人",
  "bow": "反曲弓",
  "group": "反曲弓女生",
  "stats": {
    "總名次": 36,
    "總箭數": 432,
    "總分": 3679,
    "分布": {
      "X": 30,
      "10": 60,
      "9": 164,
      "紅圈(7&8)": 146,
      "藍圈(5&6)": 28,
      "M": 0,
      "黃圈(9/10/X)": 254,
      "黑圈(3&4)": 2,
      "白圈(1&2)": 2
    },
    "平均箭值": 8.516203703703704,
    "10分命中率": 0.20833333333333334,
    "9分以上命中率": 0.5879629629629629,
    "10中X比例": 0.3333333333333333,
    "單局分數(12)": [
      317,
      310,
      306,
      292,
      313,
      320,
      299,
      314,
      299,
      299,
      309,
      301
    ],
    "雙局分數(6)": [
      627,
      598,
      633,
      613,
      598,
      610
    ],
    "每趟分數(72)": [
      55,
      55,
      49,
      53,
      53,
      52,
      52,
      49,
      53,
      52,
      52,
      52,
      49,
      55,
      52,
      47,
      50,
      53,
      50,
      49,
      53,
      45,
      45,
      50,
      55,
      50,
      53,
      56,
      49,
      50,
      53,
      57,
      56,
      49,
      51,
      54,
      56,
      52,
      46,
      49,
      48,
      48,
      48,
      49,
      53,
      54,
      57,
      53,
      52,
      50,
      48,
      51,
      49,
      49,
      49,
      53,
      52,
      54,
      46,
      45,
      50,
      51,
      48,
      52,
      53,
      55,
      49,
      54,
      47,
      48,
      55,
      48
    ],
    "每趟標籤": [
      "第1局第1趟",
      "第1局第2趟",
      "第1局第3趟",
      "第1局第4趟",
      "第1局第5趟",
      "第1局第6趟",
      "第2局第1趟",
      "第2局第2趟",
      "第2局第3趟",
      "第2局第4趟",
      "第2局第5趟",
      "第2局第6趟",
      "第3局第1趟",
      "第3局第2趟",
      "第3局第3趟",
      "第3局第4趟",
      "第3局第5趟",
      "第3局第6趟",
      "第4局第1趟",
      "第4局第2趟",
      "第4局第3趟",
      "第4局第4趟",
      "第4局第5趟",
      "第4局第6趟",
      "第5局第1趟",
      "第5局第2趟",
      "第5局第3趟",
      "第5局第4趟",
      "第5局第5趟",
      "第5局第6趟",
      "第6局第1趟",
      "第6局第2趟",
      "第6局第3趟",
      "第6局第4趟",
      "第6局第5趟",
      "第6局第6趟",
      "第7局第1趟",
      "第7局第2趟",
      "第7局第3趟",
      "第7局第4趟",
      "第7局第5趟",
      "第7局第6趟",
      "第8局第1趟",
      "第8局第2趟",
      "第8局第3趟",
      "第8局第4趟",
      "第8局第5趟",
      "第8局第6趟",
      "第9局第1趟",
      "第9局第2趟",
      "第9局第3趟",
      "第9局第4趟",
      "第9局第5趟",
      "第9局第6趟",
      "第10局第1趟",
      "第10局第2趟",
      "第10局第3趟",
      "第10局第4趟",
      "第10局第5趟",
      "第10局第6趟",
      "第11局第1趟",
      "第11局第2趟",
      "第11局第3趟",
      "第11局第4趟",
      "第11局第5趟",
      "第11局第6趟",
      "第12局第1趟",
      "第12局第2趟",
      "第12局第3趟",
      "第12局第4趟",
      "第12局第5趟",
      "第12局第6趟"
    ],
    "最佳單局": {
      "局": [
        6
      ],
      "分數": 320
    },
    "最佳單趟": {
      "趟": [
        "第6局第2趟",
        "第8局第5趟"
      ],
      "分數": 57
    },
    "穩定度(單局標準差)": 8.260935513339607,
    "單局高低差": 28,
    "平均每趟分數": 51.09722222222222,
    "最後12趟平均": 50.833333333333336
  },
  "round_arrows": {
    "第1局箭值": [
      [
        "10",
        "9",
        "9",
        "9",
        "9",
        "9"
      ],
      [
        "X",
        "10",
        "9",
        "9",
        "9",
        "8"
      ],
      [
        "9",
        "9",
        "8",
        "8",
        "8",
        "7"
      ],
      [
        "10",
        "9",
        "9",
        "9",
        "8",
        "8"
      ],
      [
        "X",
        "10",
        "9",
        "8",
        "8",
        "8"
      ],
      [
        "X",
        "X",
        "9",
        "9",
        "8",
        "6"
      ]
    ],
    "第2局箭值": [
      [
        "10",
        "10",
        "9",
        "8",
        "8",
        "7"
      ],
      [
        "10",
        "9",
        "8",
        "8",
        "7",
        "7"
      ],
      [
        "X",
        "X",
        "9",
        "9",
        "9",
        "6"
      ],
      [
        "X",
        "10",
        "9",
        "8",
        "8",
        "7"
      ],
      [
        "X",
        "10",
        "9",
        "8",
        "8",
        "7"
      ],
      [
        "10",
        "9",
        "9",
        "8",
        "8",
        "8"
      ]
    ],
    "第3局箭值": [
      [
        "10",
        "9",
        "9",
        "8",
        "7",
        "6"
      ],
      [
        "X",
        "10",
        "9",
        "9",
        "9",
        "8"
      ],
      [
        "X",
        "X",
        "9",
        "8",
        "8",
        "7"
      ],
      [
        "10",
        "9",
        "8",
        "8",
        "7",
        "5"
      ],
      [
        "10",
        "9",
        "9",
        "9",
        "7",
        "6"
      ],
      [
        "X",
        "9",
        "9",
        "9",
        "9",
        "7"
      ]
    ],
    "第4局箭值": [
      [
        "9",
        "9",
        "9",
        "9",
        "8",
        "6"
      ],
      [
        "9",
        "9",
        "8",
        "8",
        "8",
        "7"
      ],
      [
        "X",
        "X",
        "9",
        "9",
        "9",
        "6"
      ],
      [
        "10",
        "9",
        "9",
        "9",
        "7",
        "1"
      ],
      [
        "9",
        "9",
        "9",
        "8",
        "6",
        "4"
      ],
      [
        "X",
        "10",
        "9",
        "7",
        "7",
        "7"
      ]
    ],
    "第5局箭值": [
      [
        "10",
        "10",
        "9",
        "9",
        "9",
        "8"
      ],
      [
        "X",
        "10",
        "9",
        "9",
        "6",
        "6"
      ],
      [
        "10",
        "9",
        "9",
        "9",
        "8",
        "8"
      ],
      [
        "10",
        "10",
        "10",
        "9",
        "9",
        "8"
      ],
      [
        "10",
        "9",
        "8",
        "8",
        "8",
        "6"
      ],
      [
        "9",
        "9",
        "9",
        "8",
        "8",
        "7"
      ]
    ],
    "第6局箭值": [
      [
        "X",
        "X",
        "9",
        "8",
        "8",
        "8"
      ],
      [
        "10",
        "10",
        "10",
        "9",
        "9",
        "9"
      ],
      [
        "10",
        "10",
        "10",
        "9",
        "9",
        "8"
      ],
      [
        "10",
        "9",
        "9",
        "8",
        "7",
        "6"
      ],
      [
        "9",
        "9",
        "9",
        "8",
        "8",
        "8"
      ],
      [
        "X",
        "10",
        "9",
        "9",
        "8",
        "8"
      ]
    ],
    "第7局箭值": [
      [
        "X",
        "X",
        "9",
        "9",
        "9",
        "9"
      ],
      [
        "10",
        "9",
        "9",
        "9",
        "8",
        "7"
      ],
      [
        "9",
        "9",
        "9",
        "8",
        "6",
        "5"
      ],
      [
        "10",
        "8",
        "8",
        "8",
        "8",
        "7"
      ],
      [
        "10",
        "9",
        "8",
        "8",
        "8",
        "5"
      ],
      [
        "10",
        "9",
        "8",
        "7",
        "7",
        "7"
      ]
    ],