{
  "id": "f1d725605ea2e111",
  "name": "廖婕儒",
  "unit": "花縣自強國中",
  "bow": "反曲弓",
  "group": "反曲弓女生",
  "stats": {
    "總名次": 39,
    "總箭數": 432,
    "總分": 3656,
    "分布": {
      "X": 24,
      "10": 61,
      "9": 147,
      "紅圈(7&8)": 176,
      "藍圈(5&6)": 21,
      "M": 0,
      "黃圈(9/10/X)": 232,
      "黑圈(3&4)": 3,
      "白圈(1&2)": 0
    },
    "平均箭值": 8.462962962962964,
    "10分命中率": 0.19675925925925927,
    "9分以上命中率": 0.5370370370370371,
    "10中X比例": 0.2823529411764706,
    "單局分數(12)": [
      312,
      285,
      307,
      313,
      314,
      311,
      294,
      313,
      316,
      306,
      297,
      288
    ],
    "雙局分數(6)": [
      597,
      620,
      625,
      607,
      622,
      585
    ],
    "每趟分數(72)": [
      55,
      54,
      50,
      50,
      50,
      53,
      50,
      50,
      52,
      40,
      45,
      48,
      51,
      51,
      52,
      48,
      50,
      55,
      52,
      52,
      52,
      53,
      50,
      54,
      56,
      54,
      48,
      53,
      50,
      53,
      53,
      51,
      52,
      53,
      50,
      52,
      45,
      51,
      52,
      48,
      48,
      50,
      52,
      52,
      56,
      52,
      51,
      50,
      52,
      55,
      57,
      53,
      50,
      49,
      47,
      52,
      52,
      49,
      54,
      52,
      52,
      47,
      51,
      53,
      48,
      46,
      46,
      52,
      42,
      49,
      48,
      51
    ],
    "每趟標籤": [
      "第1局第1趟",
      "第1局第2趟",
      "第1局第3趟",
      "第1局第4趟",
      "第1局第5趟",
      "第1局第6趟",
      "第2局第1趟",
      "第2局第2趟",
      "第2局第3趟",
      "第2局第4趟",
      "第2局第5趟",
      "第2局第6趟",
      "第3局第1趟",
      "第3局第2趟",
      "第3局第3趟",
      "第3局第4趟",
      "第3局第5趟",
      "第3局第6趟",
      "第4局第1趟",
      "第4局第2趟",
      "第4局第3趟",
      "第4局第4趟",
      "第4局第5趟",
      "第4局第6趟",
      "第5局第1趟",
      "第5局第2趟",
      "第5局第3趟",
      "第5局第4趟",
      "第5局第5趟",
      "第5局第6趟",
      "第6局第1趟",
      "第6局第2趟",
      "第6局第3趟",
      "第6局第4趟",
      "第6局第5趟",
      "第6局第6趟",
      "第7局第1趟",
      "第7局第2趟",
      "第7局第3趟",
      "第7局第4趟",
      "第7局第5趟",
      "第7局第6趟",
      "第8局第1趟",
      "第8局第2趟",
      "第8局第3趟",
      "第8局第4趟",
      "第8局第5趟",
      "第8局第6趟",
      "第9局第1趟",
      "第9局第2趟",
      "第9局第3趟",
      "第9局第4趟",
      "第9局第5趟",
      "第9局第6趟",
      "第10局第1趟",
      "第10局第2趟",
      "第10局第3趟",
      "第10局第4趟",
      "第10局第5趟",
      "第10局第6趟",
      "第11局第1趟",
      "第11局第2趟",
      "第11局第3趟",
      "第11局第4趟",
      "第11局第5趟",
      "第11局第6趟",
      "第12局第1趟",
      "第12局第2趟",
      "第12局第3趟",
      "第12局第4趟",
      "第12局第5趟",
      "第12局第6趟"
    ],
    "最佳單局": {
      "局": [
        9
      ],
      "分數": 316
    },
    "最佳單趟": {
      "趟": [
        "第9局第3趟"
      ],
      "分數": 57
    },
    "穩定度(單局標準差)": 10.37893165129351,
    "單局高低差": 31,
    "平均每趟分數": 50.77777777777778,
    "最後12趟平均": 48.75
  },
  "round_arrows": {
    "第1局箭值": [
      [
        "10",
        "10",
        "9",
        "9",
        "9",
        "8"
      ],
      [
        "9",
        "9",
        "9",
        "9",
        "9",
        "9"
      ],
      [
        "X",
        "10",
        "8",
        "8",
        "8",
        "6"
      ],
      [
        "X",
        "10",
        "9",
        "8",
        "7",
        "6"
      ],
      [
        "9",
        "9",
        "9",
        "9",
        "8",
        "6"
      ],
      [
        "10",
        "10",
        "9",
        "9",
        "8",
        "7"
      ]
    ],
    "第2局箭值": [
      [
        "10",
        "10",
        "9",
        "8",
        "8",
        "5"
      ],
      [
        "10",
        "9",
        "9",
        "8",
        "7",
        "7"
      ],
      [
        "X",
        "10",
        "9",
        "9",
        "7",
        "7"
      ],
      [
        "8",
        "8",
        "8",
        "7",
        "6",
        "3"
      ],
      [
        "9",
        "8",
        "8",
        "7",
        "7",
        "6"
      ],
      [
        "10",
        "8",
        "8",
        "8",
        "7",
        "7"
      ]
    ],
    "第3局箭值": [
      [
        "10",
        "9",
        "9",
        "8",
        "8",
        "7"
      ],
      [
        "X",
        "10",
        "9",
        "8",
        "7",
        "7"
      ],
      [
        "X",
        "10",
        "9",
        "8",
        "8",
        "7"
      ],
      [
        "9",
        "9",
        "8",
        "8",
        "7",
        "7"
      ],
      [
        "10",
        "9",
        "8",
        "8",
        "8",
        "7"
      ],
      [
        "10",
        "10",
        "9",
        "9",
        "9",
        "8"
      ]
    ],
    "第4局箭值": [
      [
        "9",
        "9",
        "9",
        "9",
        "8",
        "8"
      ],
      [
        "10",
        "10",
        "9",
        "9",
        "7",
        "7"
      ],
      [
        "10",
        "9",
        "9",
        "8",
        "8",
        "8"
      ],
      [
        "9",
        "9",
        "9",
        "9",
        "9",
        "8"
      ],
      [
        "10",
        "9",
        "9",
        "8",
        "7",
        "7"
      ],
      [
        "10",
        "9",
        "9",
        "9",
        "9",
        "8"
      ]
    ],
    "第5局箭值": [
      [
        "X",
        "10",
        "10",
        "9",
        "9",
        "8"
      ],
      [
        "X",
        "X",
        "9",
        "9",
        "8",
        "8"
      ],
      [
        "9",
        "9",
        "8",
        "8",
        "7",
        "7"
      ],
      [
        "X",
        "X",
        "10",
        "8",
        "8",
        "7"
      ],
      [
        "9",
        "9",
        "9",
        "9",
        "8",
        "6"
      ],
      [
        "X",
        "9",
        "9",
        "9",
        "9",
        "7"
      ]
    ],
    "第6局箭值": [
      [
        "X",
        "9",
        "9",
        "9",
        "8",
        "8"
      ],
      [
        "X",
        "X",
        "10",
        "8",
        "8",
        "5"
      ],
      [
        "10",
        "10",
        "9",
        "8",
        "8",
        "7"
      ],
      [
        "X",
        "X",
        "10",
        "9",
        "8",
        "6"
      ],
      [
        "10",
        "9",
        "8",
        "8",
        "8",
        "7"
      ],
      [
        "9",
        "9",
        "9",
        "9",
        "8",
        "8"
      ]
    ],
    "第7局箭值": [
      [
        "10",
        "9",
        "8",
        "8",
        "6",
        "4"
      ],
      [
        "10",
        "10",
        "9",
        "9",
        "7",
        "6"
      ],
      [
        "10",
        "9",
        "9",
        "8",
        "8",
        "8"
      ],
      [
        "10",
        "10",
        "9",
        "8",
        "6",
        "5"
      ],
      [
        "X",
        "10",
        "8",
        "8",
        "6",
        "6"
      ],
      [
        "10",
        "9",
        "8",
        "8",
        "8",
        "7"
      ]
    ],