{
  "id": "f3d10a5615b2d4e7",
  "name": "李亞哲",
  "unit": "桃市永豐高中",
  "bow": "反曲弓",
  "group": "反曲弓男生",
  "stats": {
    "總名次": 60,
    "總箭數": 432,
    "總分": 3628,
    "分布": {
      "X": 27,
      "10": 63,
      "9": 151,
      "紅圈(7&8)": 153,
      "藍圈(5&6)": 30,
      "M": 1,
      "黃圈(9/10/X)": 241,
      "黑圈(3&4)": 5,
      "白圈(1&2)": 2
    },
    "平均箭值": 8.398148148148149,
    "10分命中率": 0.20833333333333334,
    "9分以上命中率": 0.5578703703703703,
    "10中X比例": 0.3,
    "單局分數(12)": [
      302,
      309,
      307,
      288,
      302,
      302,
      309,
      309,
      305,
      303,
      308,
      284
    ],
    "雙局分數(6)": [
      611,
      595,
      604,
      618,
      608,
      592
    ],
    "每趟分數(72)": [
      49,
      52,
      42,
      52,
      55,
      52,
      52,
      51,
      57,
      50,
      50,
      49,
      51,
      55,
      52,
      51,
      49,
      49,
      50,
      49,
      45,
      52,
      40,
      52,
      53,
      50,
      49,
      42,
      52,
      56,
      43,
      51,
      54,
      51,
      51,
      52,
      55,
      51,
      54,
      51,
      54,
      44,
      53,
      54,
      53,
      46,
      48,
      55,
      51,
      51,
      51,
      43,
      53,
      56,
      41,
      53,
      51,
      53,
      54,
      51,
      56,
      53,
      48,
      52,
      50,
      49,
      56,
      47,
      43,
      45,
      46,
      47
    ],
    "每趟標籤": [
      "第1局第1趟",
      "第1局第2趟",
      "第1局第3趟",
      "第1局第4趟",
      "第1局第5趟",
      "第1局第6趟",
      "第2局第1趟",
      "第2局第2趟",
      "第2局第3趟",
      "第2局第4趟",
      "第2局第5趟",
      "第2局第6趟",
      "第3局第1趟",
      "第3局第2趟",
      "第3局第3趟",
      "第3局第4趟",
      "第3局第5趟",
      "第3局第6趟",
      "第4局第1趟",
      "第4局第2趟",
      "第4局第3趟",
      "第4局第4趟",
      "第4局第5趟",
      "第4局第6趟",
      "第5局第1趟",
      "第5局第2趟",
      "第5局第3趟",
      "第5局第4趟",
      "第5局第5趟",
      "第5局第6趟",
      "第6局第1趟",
      "第6局第2趟",
      "第6局第3趟",
      "第6局第4趟",
      "第6局第5趟",
      "第6局第6趟",
      "第7局第1趟",
      "第7局第2趟",
      "第7局第3趟",
      "第7局第4趟",
      "第7局第5趟",
      "第7局第6趟",
      "第8局第1趟",
      "第8局第2趟",
      "第8局第3趟",
      "第8局第4趟",
      "第8局第5趟",
      "第8局第6趟",
      "第9局第1趟",
      "第9局第2趟",
      "第9局第3趟",
      "第9局第4趟",
      "第9局第5趟",
      "第9局第6趟",
      "第10局第1趟",
      "第10局第2趟",
      "第10局第3趟",
      "第10局第4趟",
      "第10局第5趟",
      "第10局第6趟",
      "第11局第1趟",
      "第11局第2趟",
      "第11局第3趟",
      "第11局第4趟",
      "第11局第5趟",
      "第11局第6趟",
      "第12局第1趟",
      "第12局第2趟",
      "第12局第3趟",
      "第12局第4趟",
      "第12局第5趟",
      "第12局第6趟"
    ],
    "最佳單局": {
      "局": [
        2,
        7,
        8
      ],
      "分數": 309
    },
    "最佳單趟": {
      "趟": [
        "第2局第3趟"
      ],
      "分數": 57
    },
    "穩定度(單局標準差)": 7.835106182362105,
    "單局高低差": 25,
    "平均每趟分數": 50.388888888888886,
    "最後12趟平均": 49.333333333333336
  },
  "round_arrows": {
    "第1局箭值": [
      [
        "X",
        "10",
        "10",
        "7",
        "7",
        "5"
      ],
      [
        "X",
        "9",
        "9",
        "9",
        "8",
        "7"
      ],
      [
        "8",
        "8",
        "8",
        "7",
        "6",
        "5"
      ],
      [
        "10",
        "9",
        "9",
        "8",
        "8",
        "8"
      ],
      [
        "10",
        "10",
        "9",
        "9",
        "9",
        "8"
      ],
      [
        "10",
        "9",
        "9",
        "9",
        "8",
        "7"
      ]
    ],
    "第2局箭值": [
      [
        "X",
        "9",
        "9",
        "8",
        "8",
        "8"
      ],
      [
        "9",
        "9",
        "9",
        "8",
        "8",
        "8"
      ],
      [
        "X",
        "10",
        "10",
        "10",
        "9",
        "8"
      ],
      [
        "9",
        "9",
        "8",
        "8",
        "8",
        "8"
      ],
      [
        "10",
        "10",
        "8",
        "8",
        "8",
        "6"
      ],
      [
        "X",
        "9",
        "9",
        "8",
        "7",
        "6"
      ]
    ],
    "第3局箭值": [
      [
        "X",
        "10",
        "9",
        "8",
        "8",
        "6"
      ],
      [
        "X",
        "9",
        "9",
        "9",
        "9",
        "9"
      ],
      [
        "10",
        "9",
        "9",
        "9",
        "8",
        "7"
      ],
      [
        "9",
        "9",
        "9",
        "9",
        "8",
        "7"
      ],
      [
        "X",
        "9",
        "8",
        "8",
        "7",
        "7"
      ],
      [
        "10",
        "9",
        "9",
        "8",
        "7",
        "6"
      ]
    ],
    "第4局箭值": [
      [
        "10",
        "9",
        "8",
        "8",
        "8",
        "7"
      ],
      [
        "9",
        "9",
        "8",
        "8",
        "8",
        "7"
      ],
      [
        "8",
        "8",
        "8",
        "8",
        "7",
        "6"
      ],
      [
        "X",
        "9",
        "9",
        "9",
        "8",
        "7"
      ],
      [
        "9",
        "8",
        "7",
        "6",
        "6",
        "4"
      ],
      [
        "10",
        "10",
        "9",
        "9",
        "8",
        "6"
      ]
    ],
    "第5局箭值": [
      [
        "X",
        "10",
        "9",
        "9",
        "9",
        "6"
      ],
      [
        "X",
        "10",
        "9",
        "8",
        "7",
        "6"
      ],
      [
        "X",
        "9",
        "9",
        "8",
        "8",
        "5"
      ],
      [
        "10",
        "8",
        "8",
        "7",
        "5",
        "4"
      ],
      [
        "10",
        "10",
        "9",
        "8",
        "8",
        "7"
      ],
      [
        "X",
        "10",
        "10",
        "9",
        "9",
        "8"
      ]
    ],
    "第6局箭值": [
      [
        "9",
        "8",
        "8",
        "8",
        "5",
        "5"
      ],
      [
        "9",
        "9",
        "9",
        "8",
        "8",
        "8"
      ],
      [
        "10",
        "10",
        "9",
        "9",
        "9",
        "7"
      ],
      [
        "X",
        "10",
        "9",
        "8",
        "7",
        "7"
      ],
      [
        "10",
        "9",
        "9",
        "8",
        "8",
        "7"
      ],
      [
        "10",
        "9",
        "9",
        "8",
        "8",
        "8"
      ]
    ],
    "第7局箭值": [
      [
        "X",
        "X",
        "10",
        "9",
        "8",
        "8"
      ],
      [
        "X",
        "10",
        "9",
        "8",
        "8",
        "6"
      ],
      [
        "10",
        "9",
        "9",
        "9",
        "9",
        "8"
      ],
      [
        "10",
        "10",
        "9",
        "9",
        "7",
        "6"
      ],
      [
        "10",
        "10",
        "9",
        "9",
        "8",
        "8"
      ],
      [
        "10",
        "9",
        "9",
        "8",
        "5",
        "3"
      ]
    ],