{
  "id": "f72e7b646d759ab0",
  "name": "郭雪真",
  "unit": "新北明德高中",
  "bow": "反曲弓",
  "group": "反曲弓女生",
  "stats": {
    "總名次": 44,
    "總箭數": 432,
    "總分": 3600,
    "分布": {
      "X": 23,
      "10": 49,
      "9": 146,
      "紅圈(7&8)": 182,
      "藍圈(5&6)": 29,
      "M": 1,
      "黃圈(9/10/X)": 218,
      "黑圈(3&4)": 2,
      "白圈(1&2)": 0
    },
    "平均箭值": 8.333333333333334,
    "10分命中率": 0.16666666666666666,
    "9分以上命中率": 0.5046296296296297,
    "10中X比例": 0.3194444444444444,
    "單局分數(12)": [
      309,
      295,
      303,
      304,
      303,
      310,
      304,
      309,
      297,
      296,
      285,
      285
    ],
    "雙局分數(6)": [
      604,
      607,
      613,
      613,
      593,
      570
    ],
    "每趟分數(72)": [
      55,
      47,
      54,
      50,
      53,
      50,
      52,
      49,
      48,
      47,
      47,
      52,
      46,
      47,
      54,
      48,
      52,
      56,
      50,
      51,
      50,
      50,
      52,
      51,
      51,
      45,
      51,
      54,
      51,
      51,
      54,
      46,
      49,
      52,
      56,
      53,
      52,
      51,
      50,
      53,
      46,
      52,
      50,
      54,
      54,
      49,
      48,
      54,
      46,
      50,
      51,
      51,
      48,
      51,
      44,
      50,
      48,
      56,
      47,
      51,
      51,
      46,
      45,
      50,
      49,
      44,
      47,
      50,
      48,
      47,
      45,
      48
    ],
    "每趟標籤": [
      "第1局第1趟",
      "第1局第2趟",
      "第1局第3趟",
      "第1局第4趟",
      "第1局第5趟",
      "第1局第6趟",
      "第2局第1趟",
      "第2局第2趟",
      "第2局第3趟",
      "第2局第4趟",
      "第2局第5趟",
      "第2局第6趟",
      "第3局第1趟",
      "第3局第2趟",
      "第3局第3趟",
      "第3局第4趟",
      "第3局第5趟",
      "第3局第6趟",
      "第4局第1趟",
      "第4局第2趟",
      "第4局第3趟",
      "第4局第4趟",
      "第4局第5趟",
      "第4局第6趟",
      "第5局第1趟",
      "第5局第2趟",
      "第5局第3趟",
      "第5局第4趟",
      "第5局第5趟",
      "第5局第6趟",
      "第6局第1趟",
      "第6局第2趟",
      "第6局第3趟",
      "第6局第4趟",
      "第6局第5趟",
      "第6局第6趟",
      "第7局第1趟",
      "第7局第2趟",
      "第7局第3趟",
      "第7局第4趟",
      "第7局第5趟",
      "第7局第6趟",
      "第8局第1趟",
      "第8局第2趟",
      "第8局第3趟",
      "第8局第4趟",
      "第8局第5趟",
      "第8局第6趟",
      "第9局第1趟",
      "第9局第2趟",
      "第9局第3趟",
      "第9局第4趟",
      "第9局第5趟",
      "第9局第6趟",
      "第10局第1趟",
      "第10局第2趟",
      "第10局第3趟",
      "第10局第4趟",
      "第10局第5趟",
      "第10局第6趟",
      "第11局第1趟",
      "第11局第2趟",
      "第11局第3趟",
      "第11局第4趟",
      "第11局第5趟",
      "第11局第6趟",
      "第12局第1趟",
      "第12局第2趟",
      "第12局第3趟",
      "第12局第4趟",
      "第12局第5趟",
      "第12局第6趟"
    ],
    "最佳單局": {
      "局": [
        6
      ],
      "分數": 310
    },
    "最佳單趟": {
      "趟": [
        "第3局第6趟",
        "第6局第5趟",
        "第10局第4趟"
      ],
      "分數": 56
    },
    "穩定度(單局標準差)": 8.225975119502044,
    "單局高低差": 25,
    "平均每趟分數": 50.0,
    "最後12趟平均": 47.5
  },
  "round_arrows": {
    "第1局箭值": [
      [
        "10",
        "10",
        "10",
        "10",
        "8",
        "7"
      ],
      [
        "9",
        "9",
        "8",
        "8",
        "7",
        "6"
      ],
      [
        "10",
        "10",
        "9",
        "9",
        "8",
        "8"
      ],
      [
        "9",
        "9",
        "8",
        "8",
        "8",
        "8"
      ],
      [
        "10",
        "9",
        "9",
        "9",
        "9",
        "7"
      ],
      [
        "10",
        "10",
        "9",
        "8",
        "7",
        "6"
      ]
    ],
    "第2局箭值": [
      [
        "X",
        "10",
        "9",
        "9",
        "8",
        "6"
      ],
      [
        "10",
        "9",
        "8",
        "8",
        "7",
        "7"
      ],
      [
        "9",
        "8",
        "8",
        "8",
        "8",
        "7"
      ],
      [
        "9",
        "9",
        "8",
        "8",
        "7",
        "6"
      ],
      [
        "9",
        "9",
        "8",
        "8",
        "7",
        "6"
      ],
      [
        "10",
        "10",
        "9",
        "8",
        "8",
        "7"
      ]
    ],
    "第3局箭值": [
      [
        "9",
        "9",
        "9",
        "7",
        "6",
        "6"
      ],
      [
        "10",
        "9",
        "8",
        "7",
        "7",
        "6"
      ],
      [
        "10",
        "9",
        "9",
        "9",
        "9",
        "8"
      ],
      [
        "9",
        "9",
        "9",
        "8",
        "7",
        "6"
      ],
      [
        "9",
        "9",
        "9",
        "9",
        "8",
        "8"
      ],
      [
        "X",
        "10",
        "9",
        "9",
        "9",
        "9"
      ]
    ],
    "第4局箭值": [
      [
        "10",
        "9",
        "8",
        "8",
        "8",
        "7"
      ],
      [
        "9",
        "9",
        "9",
        "9",
        "8",
        "7"
      ],
      [
        "10",
        "9",
        "8",
        "8",
        "8",
        "7"
      ],
      [
        "9",
        "9",
        "9",
        "8",
        "8",
        "7"
      ],
      [
        "X",
        "10",
        "9",
        "8",
        "8",
        "7"
      ],
      [
        "10",
        "9",
        "9",
        "8",
        "8",
        "7"
      ]
    ],
    "第5局箭值": [
      [
        "9",
        "9",
        "9",
        "8",
        "8",
        "8"
      ],
      [
        "9",
        "8",
        "8",
        "7",
        "7",
        "6"
      ],
      [
        "9",
        "9",
        "9",
        "8",
        "8",
        "8"
      ],
      [
        "X",
        "10",
        "10",
        "9",
        "8",
        "7"
      ],
      [
        "10",
        "9",
        "9",
        "8",
        "8",
        "7"
      ],
      [
        "10",
        "9",
        "9",
        "8",
        "8",
        "7"
      ]
    ],
    "第6局箭值": [
      [
        "X",
        "10",
        "10",
        "8",
        "8",
        "8"
      ],
      [
        "9",
        "9",
        "8",
        "7",
        "7",
        "6"
      ],
      [
        "X",
        "9",
        "8",
        "8",
        "7",
        "7"
      ],
      [
        "X",
        "X",
        "9",
        "9",
        "7",
        "7"
      ],
      [
        "X",
        "X",
        "10",
        "9",
        "9",
        "8"
      ],
      [
        "10",
        "10",
        "9",
        "9",
        "8",
        "7"
      ]
    ],
    "第7局箭值": [
      [
        "9",
        "9",
        "9",
        "9",
        "8",
        "8"
      ],
      [
        "10",
        "9",
        "9",
        "8",
        "8",
        "7"
      ],
      [
        "10",
        "9",
        "9",
        "8",
        "8",
        "6"
      ],
      [
        "X",
        "10",
        "9",
        "9",
        "9",
        "6"
      ],
      [
        "X",
        "8",
        "8",
        "7",
        "7",
        "6"
      ],
      [
        "10",
        "9",
        "9",
        "9",
        "8",
        "7"
      ]
    ],