{
  "id": "f968095a46a9cfce",
  "name": "郭紫穎",
  "unit": "國立清華大學",
  "bow": "反曲弓",
  "group": "反曲弓女生",
  "stats": {
    "總名次": 10,
    "總箭數": 432,
    "總分": 3892,
    "分布": {
      "X": 40,
      "10": 95,
      "9": 191,
      "紅圈(7&8)": 101,
      "藍圈(5&6)": 4,
      "M": 0,
      "黃圈(9/10/X)": 326,
      "黑圈(3&4)": 1,
      "白圈(1&2)": 0
    },
    "平均箭值": 9.00925925925926,
    "10分命中率": 0.3125,
    "9分以上命中率": 0.7546296296296297,
    "10中X比例": 0.2962962962962963,
    "單局分數(12)": [
      327,
      323,
      329,
      328,
      330,
      328,
      326,
      329,
      310,
      329,
      315,
      318
    ],
    "雙局分數(6)": [
      650,
      657,
      658,
      655,
      639,
      633
    ],
    "每趟分數(72)": [
      51,
      53,
      55,
      56,
      56,
      56,
      53,
      55,
      52,
      53,
      54,
      56,
      55,
      53,
      54,
      55,
      56,
      56,
      54,
      52,
      55,
      54,
      55,
      58,
      55,
      53,
      57,
      55,
      55,
      55,
      57,
      53,
      56,
      53,
      52,
      57,
      57,
      54,
      55,
      55,
      51,
      54,
      56,
      54,
      56,
      58,
      54,
      51,
      57,
      50,
      57,
      52,
      47,
      47,
      54,
      53,
      58,
      55,
      54,
      55,
      55,
      53,
      50,
      49,
      54,
      54,
      54,
      49,
      56,
      51,
      53,
      55
    ],
    "每趟標籤": [
      "第1局第1趟",
      "第1局第2趟",
      "第1局第3趟",
      "第1局第4趟",
      "第1局第5趟",
      "第1局第6趟",
      "第2局第1趟",
      "第2局第2趟",
      "第2局第3趟",
      "第2局第4趟",
      "第2局第5趟",
      "第2局第6趟",
      "第3局第1趟",
      "第3局第2趟",
      "第3局第3趟",
      "第3局第4趟",
      "第3局第5趟",
      "第3局第6趟",
      "第4局第1趟",
      "第4局第2趟",
      "第4局第3趟",
      "第4局第4趟",
      "第4局第5趟",
      "第4局第6趟",
      "第5局第1趟",
      "第5局第2趟",
      "第5局第3趟",
      "第5局第4趟",
      "第5局第5趟",
      "第5局第6趟",
      "第6局第1趟",
      "第6局第2趟",
      "第6局第3趟",
      "第6局第4趟",
      "第6局第5趟",
      "第6局第6趟",
      "第7局第1趟",
      "第7局第2趟",
      "第7局第3趟",
      "第7局第4趟",
      "第7局第5趟",
      "第7局第6趟",
      "第8局第1趟",
      "第8局第2趟",
      "第8局第3趟",
      "第8局第4趟",
      "第8局第5趟",
      "第8局第6趟",
      "第9局第1趟",
      "第9局第2趟",
      "第9局第3趟",
      "第9局第4趟",
      "第9局第5趟",
      "第9局第6趟",
      "第10局第1趟",
      "第10局第2趟",
      "第10局第3趟",
      "第10局第4趟",
      "第10局第5趟",
      "第10局第6趟",
      "第11局第1趟",
      "第11局第2趟",
      "第11局第3趟",
      "第11局第4趟",
      "第11局第5趟",
      "第11局第6趟",
      "第12局第1趟",
      "第12局第2趟",
      "第12局第3趟",
      "第12局第4趟",
      "第12局第5趟",
      "第12局第6趟"
    ],
    "最佳單局": {
      "局": [
        5
      ],
      "分數": 330
    },
    "最佳單趟": {
      "趟": [
        "第4局第6趟",
        "第8局第4趟",
        "第10局第3趟"
      ],
      "分數": 58
    },
    "穩定度(單局標準差)": 6.249444419750891,
    "單局高低差": 20,
    "平均每趟分數": 54.05555555555556,
    "最後12趟平均": 52.75
  },
  "round_arrows": {
    "第1局箭值": [
      [
        "9",
        "9",
        "9",
        "8",
        "8",
        "8"
      ],
      [
        "10",
        "9",
        "9",
        "9",
        "8",
        "8"
      ],
      [
        "10",
        "9",
        "9",
        "9",
        "9",
        "9"
      ],
      [
        "10",
        "10",
        "9",
        "9",
        "9",
        "9"
      ],
      [
        "10",
        "10",
        "9",
        "9",
        "9",
        "9"
      ],
      [
        "X",
        "10",
        "9",
        "9",
        "9",
        "9"
      ]
    ],
    "第2局箭值": [
      [
        "10",
        "9",
        "9",
        "9",
        "9",
        "7"
      ],
      [
        "X",
        "X",
        "10",
        "9",
        "8",
        "8"
      ],
      [
        "10",
        "9",
        "9",
        "9",
        "8",
        "7"
      ],
      [
        "10",
        "9",
        "9",
        "9",
        "8",
        "8"
      ],
      [
        "X",
        "9",
        "9",
        "9",
        "9",
        "8"
      ],
      [
        "10",
        "10",
        "10",
        "9",
        "9",
        "8"
      ]
    ],
    "第3局箭值": [
      [
        "10",
        "10",
        "9",
        "9",
        "9",
        "8"
      ],
      [
        "X",
        "9",
        "9",
        "9",
        "8",
        "8"
      ],
      [
        "10",
        "10",
        "9",
        "9",
        "8",
        "8"
      ],
      [
        "10",
        "10",
        "9",
        "9",
        "9",
        "8"
      ],
      [
        "X",
        "X",
        "X",
        "10",
        "9",
        "7"
      ],
      [
        "X",
        "10",
        "10",
        "9",
        "9",
        "8"
      ]
    ],
    "第4局箭值": [
      [
        "10",
        "9",
        "9",
        "9",
        "9",
        "8"
      ],
      [
        "9",
        "9",
        "9",
        "9",
        "8",
        "8"
      ],
      [
        "10",
        "10",
        "10",
        "9",
        "8",
        "8"
      ],
      [
        "10",
        "9",
        "9",
        "9",
        "9",
        "8"
      ],
      [
        "10",
        "10",
        "9",
        "9",
        "9",
        "8"
      ],
      [
        "X",
        "10",
        "10",
        "10",
        "9",
        "9"
      ]
    ],
    "第5局箭值": [
      [
        "X",
        "10",
        "9",
        "9",
        "9",
        "8"
      ],
      [
        "10",
        "9",
        "9",
        "9",
        "8",
        "8"
      ],
      [
        "X",
        "X",
        "10",
        "9",
        "9",
        "9"
      ],
      [
        "10",
        "9",
        "9",
        "9",
        "9",
        "9"
      ],
      [
        "10",
        "9",
        "9",
        "9",
        "9",
        "9"
      ],
      [
        "10",
        "10",
        "9",
        "9",
        "9",
        "8"
      ]
    ],
    "第6局箭值": [
      [
        "10",
        "10",
        "10",
        "9",
        "9",
        "9"
      ],
      [
        "10",
        "9",
        "9",
        "9",
        "8",
        "8"
      ],
      [
        "10",
        "10",
        "9",
        "9",
        "9",
        "9"
      ],
      [
        "10",
        "9",
        "9",
        "9",
        "8",
        "8"
      ],
      [
        "10",
        "10",
        "9",
        "9",
        "8",
        "6"
      ],
      [
        "X",
        "X",
        "10",
        "10",
        "9",
        "8"
      ]
    ],
    "第7局箭值": [
      [
        "10",
        "10",
        "10",
        "10",
        "9",
        "8"
      ],
      [
        "10",
        "10",
        "9",
        "9",
        "8",
        "8"
      ],
      [
        "10",
        "10",
        "9",
        "9",
        "9",
        "8"
      ],
      [
        "10",
        "10",
        "9",
        "9",
        "9",
        "8"
      ],
      [
        "10",
        "9",
        "9",
        "8",
        "8",
        "7"
      ],
      [
        "10",
        "9",
        "9",
        "9",
        "9",
        "8"
      ]
    ],